vessel_id,gfw_vessel_id,mmsi,anchor_date,suspicion_score
gfw:78e9886b5-5526-c70e-88a1-6f4cfefde47b,78e9886b5-5526-c70e-88a1-6f4cfefde47b,273612170,2026-08-25 00:00:00+00:00,0.00608250535887787
gfw:e5c6113a6-61bb-4ff6-de6b-6da74aef7439,e5c6113a6-61bb-4ff6-de6b-6da74aef7439,273430940,2026-08-25 00:00:00+00:00,0.005883826941585996
gfw:ebec40ddf-fdc2-69b3-be30-b11a7c7ff3f6,ebec40ddf-fdc2-69b3-be30-b11a7c7ff3f6,273439850,2026-08-25 00:00:00+00:00,0.005768453379872448
gfw:603568cbb-bbaf-ea18-ae37-143bf2129370,603568cbb-bbaf-ea18-ae37-143bf2129370,273457210,2026-08-25 00:00:00+00:00,0.00564363612694354
gfw:ba40a22f5-59d7-7606-75bf-4fac8c45d1d1,ba40a22f5-59d7-7606-75bf-4fac8c45d1d1,416005571,2026-08-25 00:00:00+00:00,0.005623217437137546
gfw:ad5b03958-8706-ed4e-baf6-a426e39b8621,ad5b03958-8706-ed4e-baf6-a426e39b8621,273429780,2026-08-25 00:00:00+00:00,0.005401599012839022
gfw:54c939707-7719-d7f6-4e07-9c719d6438f4,54c939707-7719-d7f6-4e07-9c719d6438f4,273612380,2026-08-25 00:00:00+00:00,0.005031105283813526
gfw:f5a33a53c-c936-259a-17f8-ff3fb84fe798,f5a33a53c-c936-259a-17f8-ff3fb84fe798,273348570,2026-08-25 00:00:00+00:00,0.004792279716286012
gfw:57871468a-a994-35af-afb7-b9a23d9ed3aa,57871468a-a994-35af-afb7-b9a23d9ed3aa,273528800,2026-08-25 00:00:00+00:00,0.004788612524990064
gfw:a8138b22f-f183-d66b-420a-79fed5e9bf2a,a8138b22f-f183-d66b-420a-79fed5e9bf2a,273150800,2026-08-25 00:00:00+00:00,0.004679010551849673
gfw:01cd2848e-ec4b-7e86-d966-67774b28152a,01cd2848e-ec4b-7e86-d966-67774b28152a,273257400,2026-08-25 00:00:00+00:00,0.004656736767176601
gfw:b8641bc1f-ff12-36e3-94e0-afac9bf8213f,b8641bc1f-ff12-36e3-94e0-afac9bf8213f,212499000,2026-08-25 00:00:00+00:00,0.004539236088666497
gfw:d0ed11282-20e0-6639-ff9a-1f463c0fcb58,d0ed11282-20e0-6639-ff9a-1f463c0fcb58,273846700,2026-08-25 00:00:00+00:00,0.0045217426401219915
gfw:0ae4e119c-c4fd-d2ad-26e7-7276b43a48ac,0ae4e119c-c4fd-d2ad-26e7-7276b43a48ac,277291000,2026-08-25 00:00:00+00:00,0.004403841712408436
gfw:42f421f16-66cb-94d7-d280-7aeec6d3aaa9,42f421f16-66cb-94d7-d280-7aeec6d3aaa9,273425250,2026-08-25 00:00:00+00:00,0.004348463188589617
gfw:c4d613777-714f-73f6-575b-b84580d77520,c4d613777-714f-73f6-575b-b84580d77520,273351040,2026-08-25 00:00:00+00:00,0.004306255597187405
gfw:4d2def72b-bd90-e641-6a76-14668295a152,4d2def72b-bd90-e641-6a76-14668295a152,273312460,2026-08-25 00:00:00+00:00,0.004242382733014918
gfw:4bf2e6e0c-c2c2-ada4-748b-ac4294291faa,4bf2e6e0c-c2c2-ada4-748b-ac4294291faa,273436020,2026-08-25 00:00:00+00:00,0.004215123847698162
gfw:37882d4a0-0190-496f-5909-c0e215ad40d8,37882d4a0-0190-496f-5909-c0e215ad40d8,273431480,2026-08-25 00:00:00+00:00,0.004189115435792221
gfw:11d54f8bb-b2e5-650e-9654-a2b54d7f2b1d,11d54f8bb-b2e5-650e-9654-a2b54d7f2b1d,273842110,2026-08-25 00:00:00+00:00,0.00409867004534566
gfw:9e9e2bd23-35dc-8602-ef1a-353004a38a58,9e9e2bd23-35dc-8602-ef1a-353004a38a58,416239500,2026-08-25 00:00:00+00:00,0.004094786550447332
gfw:a901c9aa4-4ad4-68e0-7959-6bb2307a437f,a901c9aa4-4ad4-68e0-7959-6bb2307a437f,273619100,2026-08-25 00:00:00+00:00,0.00397252939904955
gfw:086dbea53-337b-14d3-f7cc-8a8d20af0f07,086dbea53-337b-14d3-f7cc-8a8d20af0f07,273895000,2026-08-25 00:00:00+00:00,0.003942450632914436
gfw:5655e7547-7a2b-2ea1-ad00-5251fa543624,5655e7547-7a2b-2ea1-ad00-5251fa543624,249596000,2026-08-25 00:00:00+00:00,0.003926866193400553
gfw:d40f15b5d-dab5-3281-4646-7a4ef38d16bb,d40f15b5d-dab5-3281-4646-7a4ef38d16bb,273219770,2026-08-25 00:00:00+00:00,0.00374012631781475
gfw:332a3b0a0-0ec2-228f-0bf2-b6357a7ee677,332a3b0a0-0ec2-228f-0bf2-b6357a7ee677,273345230,2026-08-25 00:00:00+00:00,0.003729644423459184
gfw:d76c020ea-ab29-1542-f043-b7ddc2c56118,d76c020ea-ab29-1542-f043-b7ddc2c56118,273435580,2026-08-25 00:00:00+00:00,0.0035654054397063657
gfw:3f2285c02-2bcd-3279-6dcf-185cc6b61d65,3f2285c02-2bcd-3279-6dcf-185cc6b61d65,273894000,2026-08-25 00:00:00+00:00,0.0035630687066058445
gfw:b60ca78d4-4690-5338-0552-200728da2013,b60ca78d4-4690-5338-0552-200728da2013,261024850,2026-08-25 00:00:00+00:00,0.0035605911746537503
gfw:80dacb399-9a9a-1ecc-699b-cafa4caa988a,80dacb399-9a9a-1ecc-699b-cafa4caa988a,273438500,2026-08-25 00:00:00+00:00,0.0035422153458399496
gfw:c3270b53f-f8ee-e3d8-73c9-c7a7b2256fbd,c3270b53f-f8ee-e3d8-73c9-c7a7b2256fbd,273186400,2026-08-25 00:00:00+00:00,0.003501560628617732
gfw:56b69a91e-ed66-7d48-d84b-ed3282cf6c32,56b69a91e-ed66-7d48-d84b-ed3282cf6c32,277339000,2026-08-25 00:00:00+00:00,0.003458802001465582
gfw:6056316df-f3e3-76c0-35f5-7631412b6192,6056316df-f3e3-76c0-35f5-7631412b6192,273847900,2026-08-25 00:00:00+00:00,0.0034246475656532736
gfw:f5fa884e7-74ae-6ac8-c7ba-2586a63879c1,f5fa884e7-74ae-6ac8-c7ba-2586a63879c1,261061070,2026-08-25 00:00:00+00:00,0.003405723340863916
gfw:b9d68030b-bf8a-efd1-5393-4cacb886d873,b9d68030b-bf8a-efd1-5393-4cacb886d873,273516500,2026-08-25 00:00:00+00:00,0.0032967746715565935
gfw:4e4c15d84-45f9-ec76-4e7e-f6aa1185f0d4,4e4c15d84-45f9-ec76-4e7e-f6aa1185f0d4,352002153,2026-08-25 00:00:00+00:00,0.003291249930816864
gfw:6ff2a52f5-53e5-991c-ffb3-165a0e3569f6,6ff2a52f5-53e5-991c-ffb3-165a0e3569f6,273310460,2026-08-25 00:00:00+00:00,0.0032304406292073457
gfw:1b50edee8-8d06-e6f9-2aec-f456ee3fd6d8,1b50edee8-8d06-e6f9-2aec-f456ee3fd6d8,273420200,2026-08-25 00:00:00+00:00,0.0032159810453188226
gfw:555137120-0892-dfe7-52cf-2592a637544f,555137120-0892-dfe7-52cf-2592a637544f,273256250,2026-08-25 00:00:00+00:00,0.003210055139539088
gfw:129fecd27-7d07-bda7-45c7-5e6187cde27d,129fecd27-7d07-bda7-45c7-5e6187cde27d,273899100,2026-08-25 00:00:00+00:00,0.0031506112265269038
gfw:0792b3494-489c-9e38-8919-08b9da276751,0792b3494-489c-9e38-8919-08b9da276751,273815110,2026-08-25 00:00:00+00:00,0.0031363708271272225
gfw:c600c9133-3e3e-a863-7f7a-fd9821b49db3,c600c9133-3e3e-a863-7f7a-fd9821b49db3,273421150,2026-08-25 00:00:00+00:00,0.0030876856468499934
gfw:7e1225a2b-b282-e437-b211-5f320eb33caa,7e1225a2b-b282-e437-b211-5f320eb33caa,273219690,2026-08-25 00:00:00+00:00,0.0030654549307367208
gfw:cfa83e9c6-620f-16be-4b7d-0b5683298339,cfa83e9c6-620f-16be-4b7d-0b5683298339,273458740,2026-08-25 00:00:00+00:00,0.0030027213919339673
gfw:10ba719bd-da8c-5dc8-81e0-9ac10a1e4d5a,10ba719bd-da8c-5dc8-81e0-9ac10a1e4d5a,273437330,2026-08-25 00:00:00+00:00,0.0029836131954982005
gfw:ea43e96e8-8dc8-6367-ce63-597d2f31a040,ea43e96e8-8dc8-6367-ce63-597d2f31a040,248368000,2026-08-25 00:00:00+00:00,0.002980115842689025
gfw:f2b4fddbe-e8da-28a3-c682-035d8cc71caa,f2b4fddbe-e8da-28a3-c682-035d8cc71caa,273336280,2026-08-25 00:00:00+00:00,0.002973869911727345
gfw:b7fa6e09d-d9f8-2ae7-41a8-3bb6a1417e89,b7fa6e09d-d9f8-2ae7-41a8-3bb6a1417e89,273413550,2026-08-25 00:00:00+00:00,0.002933624739058154
gfw:04154769f-f8ab-44e1-0411-bf1dee6e575f,04154769f-f8ab-44e1-0411-bf1dee6e575f,273414770,2026-08-25 00:00:00+00:00,0.0028449840190092825
gfw:b44babe96-69f8-051d-4bc9-26db55a87bec,b44babe96-69f8-051d-4bc9-26db55a87bec,273842320,2026-08-25 00:00:00+00:00,0.0028198029246083865
gfw:a4ae4a13a-ae4e-394a-b337-39bdbb1aafcf,a4ae4a13a-ae4e-394a-b337-39bdbb1aafcf,273428880,2026-08-25 00:00:00+00:00,0.002802111244262565
gfw:7300ff270-0bc5-d35d-1511-364690b1f9b1,7300ff270-0bc5-d35d-1511-364690b1f9b1,273211810,2026-08-25 00:00:00+00:00,0.002767372736665093
gfw:34ab7b8f1-1153-dcae-3175-7a24163b7859,34ab7b8f1-1153-dcae-3175-7a24163b7859,273445180,2026-08-25 00:00:00+00:00,0.0027560099043095246
gfw:4c12e9c5d-dabb-b323-af7a-757866a06b92,4c12e9c5d-dabb-b323-af7a-757866a06b92,256730000,2026-08-25 00:00:00+00:00,0.0027482088160440885
gfw:2702b168b-bcca-c489-f62b-d26d13183924,2702b168b-bcca-c489-f62b-d26d13183924,273339930,2026-08-25 00:00:00+00:00,0.002712511532865548
gfw:7ea4dd109-9f1b-0865-5ee4-41cf47fe4048,7ea4dd109-9f1b-0865-5ee4-41cf47fe4048,273267230,2026-08-25 00:00:00+00:00,0.0027047783242111754
gfw:8f7b0e2f8-8581-caca-49c3-3e97ca10d3a6,8f7b0e2f8-8581-caca-49c3-3e97ca10d3a6,273212480,2026-08-25 00:00:00+00:00,0.0026954663807377123
gfw:aa3424b1b-bc63-37ad-e733-c6660a59b077,aa3424b1b-bc63-37ad-e733-c6660a59b077,311002115,2026-08-25 00:00:00+00:00,0.0026649658565828824
gfw:c56639d0d-d705-44dd-a3a8-3f8f0adbbf90,c56639d0d-d705-44dd-a3a8-3f8f0adbbf90,273381060,2026-08-25 00:00:00+00:00,0.0026606796751964513
gfw:ee85df450-0892-a8e7-2207-c367b2ff5adc,ee85df450-0892-a8e7-2207-c367b2ff5adc,273392550,2026-08-25 00:00:00+00:00,0.0026540360343456164
gfw:4c0d5120b-b762-f5e1-9175-9d8e9b9af9dc,4c0d5120b-b762-f5e1-9175-9d8e9b9af9dc,273450570,2026-08-25 00:00:00+00:00,0.002644019199309657
gfw:d063dc6df-fc18-9320-3983-d309df9429c6,d063dc6df-fc18-9320-3983-d309df9429c6,273848700,2026-08-25 00:00:00+00:00,0.0026360540934748256
gfw:2226f1ef2-2350-7198-48a6-2bc686c03654,2226f1ef2-2350-7198-48a6-2bc686c03654,273389460,2026-08-25 00:00:00+00:00,0.002629960047020635
gfw:7f8fbca68-8b40-4cf3-edef-f26529a50ec0,7f8fbca68-8b40-4cf3-edef-f26529a50ec0,273352230,2026-08-25 00:00:00+00:00,0.0026236814059047296
gfw:a3382b51f-fa56-7ae7-1cd1-c2f434878cdd,a3382b51f-fa56-7ae7-1cd1-c2f434878cdd,273392740,2026-08-25 00:00:00+00:00,0.002605456861688143
gfw:e88da1194-4657-75af-9d65-a650d2d38130,e88da1194-4657-75af-9d65-a650d2d38130,273385130,2026-08-25 00:00:00+00:00,0.002605433580929845
gfw:2454ae9dc-cfad-2f69-07a9-915bc8c16787,2454ae9dc-cfad-2f69-07a9-915bc8c16787,412420954,2026-08-25 00:00:00+00:00,0.0026043858238116832
gfw:562a1eaf7-70cf-21c4-2695-d3747bbbe883,562a1eaf7-70cf-21c4-2695-d3747bbbe883,412209136,2026-08-25 00:00:00+00:00,0.0025970690079133063
gfw:62e9f9a4d-dbce-cfce-2f7e-efba37d65496,62e9f9a4d-dbce-cfce-2f7e-efba37d65496,273613850,2026-08-25 00:00:00+00:00,0.00258611276965245
gfw:06b8f5da4-4d26-ef8c-b746-3ae866ed1a28,06b8f5da4-4d26-ef8c-b746-3ae866ed1a28,273454040,2026-08-25 00:00:00+00:00,0.0025803764135292093
gfw:3f3f3f983-3c58-f81d-1ed6-3e333ea79048,3f3f3f983-3c58-f81d-1ed6-3e333ea79048,273852400,2026-08-25 00:00:00+00:00,0.0025754633230071705
gfw:255b48b93-3a63-4ee5-8c85-8ffc57ba1091,255b48b93-3a63-4ee5-8c85-8ffc57ba1091,273359470,2026-08-25 00:00:00+00:00,0.002566972254668887
gfw:2e40551f4-4d4b-afbd-891c-5375981d6f75,2e40551f4-4d4b-afbd-891c-5375981d6f75,273827000,2026-08-25 00:00:00+00:00,0.0025661811702582704
gfw:77d2dbb35-5aa9-ea47-18bb-03e02f375a0d,77d2dbb35-5aa9-ea47-18bb-03e02f375a0d,273813610,2026-08-25 00:00:00+00:00,0.0025637254071027428
gfw:ba54e90f7-73c3-66de-3952-f5056cee92d6,ba54e90f7-73c3-66de-3952-f5056cee92d6,273895110,2026-08-25 00:00:00+00:00,0.0025415190404535558
gfw:94117b046-6cc1-3131-0a9d-acc760b778a2,94117b046-6cc1-3131-0a9d-acc760b778a2,273185600,2026-08-25 00:00:00+00:00,0.0025401485806849176
gfw:af20837ee-ed7b-a88d-ba00-818bf67f9516,af20837ee-ed7b-a88d-ba00-818bf67f9516,273210390,2026-08-25 00:00:00+00:00,0.0025083213538260964
gfw:49f1d8357-760a-549a-9fc7-1ce60504e63b,49f1d8357-760a-549a-9fc7-1ce60504e63b,273348470,2026-08-25 00:00:00+00:00,0.0024798579336365537
gfw:5494d9cd3-3fbe-d569-b47f-7c354026ae07,5494d9cd3-3fbe-d569-b47f-7c354026ae07,273347910,2026-08-25 00:00:00+00:00,0.0024715920414374246
gfw:3929c9275-5079-005e-a855-2dd3f5dc238d,3929c9275-5079-005e-a855-2dd3f5dc238d,273611930,2026-08-25 00:00:00+00:00,0.0024638167830353963
gfw:9abf63141-1080-74ce-03b0-3a5e94221f05,9abf63141-1080-74ce-03b0-3a5e94221f05,273311050,2026-08-25 00:00:00+00:00,0.002460410213376271
gfw:a8f9467f2-2ecf-f90b-28e0-65ee7d5ef026,a8f9467f2-2ecf-f90b-28e0-65ee7d5ef026,273813100,2026-08-25 00:00:00+00:00,0.0024544950255009287
gfw:2413fa40a-a69a-580a-3e4e-0805d963b7ea,2413fa40a-a69a-580a-3e4e-0805d963b7ea,477909800,2026-08-25 00:00:00+00:00,0.0024266617508380273
gfw:eb7bfabcc-cdd2-2ef9-d653-d73c3c6ab1ed,eb7bfabcc-cdd2-2ef9-d653-d73c3c6ab1ed,273432860,2026-08-25 00:00:00+00:00,0.002420973028223945
gfw:8f1e5726a-a552-6a5b-db27-3aee0cfd3f9e,8f1e5726a-a552-6a5b-db27-3aee0cfd3f9e,261002530,2026-08-25 00:00:00+00:00,0.002387164503692158
gfw:f20ff5b76-694a-55f0-fe67-d1e1854ce0e7,f20ff5b76-694a-55f0-fe67-d1e1854ce0e7,273291480,2026-08-25 00:00:00+00:00,0.0023857491792671935
gfw:7e3cf2e0a-a86e-fb36-c494-7135b54e91dd,7e3cf2e0a-a86e-fb36-c494-7135b54e91dd,273392230,2026-08-25 00:00:00+00:00,0.00236661611992632
gfw:bb1bd2769-9406-e4f9-baec-25c7d5138503,bb1bd2769-9406-e4f9-baec-25c7d5138503,273270450,2026-08-25 00:00:00+00:00,0.002359729188078081
gfw:744fa772d-d223-7a43-a6bb-0714c82d0218,744fa772d-d223-7a43-a6bb-0714c82d0218,273219030,2026-08-25 00:00:00+00:00,0.002344399841162098
gfw:8424b77af-f232-080e-ef61-0e37d4185d87,8424b77af-f232-080e-ef61-0e37d4185d87,636093399,2026-08-25 00:00:00+00:00,0.0023418680491993117
gfw:1f87fe890-0150-6dcc-f538-7e4d0d99ef3f,1f87fe890-0150-6dcc-f538-7e4d0d99ef3f,273841710,2026-08-25 00:00:00+00:00,0.002336497026500349
gfw:3aaccf2da-a855-3b44-19f7-f2a3e9228b25,3aaccf2da-a855-3b44-19f7-f2a3e9228b25,273613810,2026-08-25 00:00:00+00:00,0.0023341712297629755
gfw:ecff99f2d-d32c-3224-74ca-46f3f10f3ab2,ecff99f2d-d32c-3224-74ca-46f3f10f3ab2,273272310,2026-08-25 00:00:00+00:00,0.0023293541665747753
gfw:e935562b7-7bc4-5246-1159-8a431039ca55,e935562b7-7bc4-5246-1159-8a431039ca55,273445440,2026-08-25 00:00:00+00:00,0.0023255384413675287
gfw:a2966a4b8-83dc-63f6-1f00-50983665494d,a2966a4b8-83dc-63f6-1f00-50983665494d,273444670,2026-08-25 00:00:00+00:00,0.002320110813172481
gfw:33f8255a8-8a9a-041c-65f3-1b221513d0b7,33f8255a8-8a9a-041c-65f3-1b221513d0b7,273271420,2026-08-25 00:00:00+00:00,0.002315160236484937
gfw:f6ac0c35b-bfdd-58b7-da3c-5adb1b55d1d1,f6ac0c35b-bfdd-58b7-da3c-5adb1b55d1d1,273814110,2026-08-25 00:00:00+00:00,0.0023128416399416487
gfw:0cb7110b7-7dc0-0ebd-2f21-8ea44e64b50d,0cb7110b7-7dc0-0ebd-2f21-8ea44e64b50d,273427690,2026-08-25 00:00:00+00:00,0.0023100732113551315
gfw:ba7de8cbd-d0e6-6b5b-19f8-3fb5200514e4,ba7de8cbd-d0e6-6b5b-19f8-3fb5200514e4,274488546,2026-08-25 00:00:00+00:00,0.0022943051202458683
gfw:05a94f7db-ba98-6550-1e13-90e6e2a635e0,05a94f7db-ba98-6550-1e13-90e6e2a635e0,273430790,2026-08-25 00:00:00+00:00,0.0022875506739640397
gfw:e916bb2bd-d5a1-6b4c-f860-5cbb8913fb75,e916bb2bd-d5a1-6b4c-f860-5cbb8913fb75,273845300,2026-08-25 00:00:00+00:00,0.002277630308405792
gfw:78501cb64-4ffb-5232-47ea-125c9764fda0,78501cb64-4ffb-5232-47ea-125c9764fda0,273318720,2026-08-25 00:00:00+00:00,0.002267435611418687
gfw:a64f85b37-73ef-4e61-d61d-81c742e2f526,a64f85b37-73ef-4e61-d61d-81c742e2f526,273328330,2026-08-25 00:00:00+00:00,0.002266582732763403
gfw:8d668176d-d191-ce06-ba1b-0aeb7926041f,8d668176d-d191-ce06-ba1b-0aeb7926041f,273610030,2026-08-25 00:00:00+00:00,0.002262069250090831
gfw:819de021d-d202-a17f-f6ef-84ef00dcaf03,819de021d-d202-a17f-f6ef-84ef00dcaf03,273259530,2026-08-25 00:00:00+00:00,0.0022562422032782995
gfw:616e2cd87-770f-3ddc-8a54-0d85cfd7c9a4,616e2cd87-770f-3ddc-8a54-0d85cfd7c9a4,273616200,2026-08-25 00:00:00+00:00,0.002251062841753413
gfw:9b97aea07-748b-3980-155a-16708547d87b,9b97aea07-748b-3980-155a-16708547d87b,273433540,2026-08-25 00:00:00+00:00,0.002244158571551987
gfw:16ff1f0c5-5cba-a8f7-6b58-298107bf5ecd,16ff1f0c5-5cba-a8f7-6b58-298107bf5ecd,261001250,2026-08-25 00:00:00+00:00,0.0022329060519628717
gfw:0180918af-f068-9f30-8b04-f63fd40cf02b,0180918af-f068-9f30-8b04-f63fd40cf02b,352003557,2026-08-25 00:00:00+00:00,0.0022253540898466645
gfw:ef7767bbb-b44b-8e0a-ac92-a561901c9c47,ef7767bbb-b44b-8e0a-ac92-a561901c9c47,273298880,2026-08-25 00:00:00+00:00,0.0022231006994154682
gfw:46715781d-dea7-4534-d1b5-2f5d4e65a7a3,46715781d-dea7-4534-d1b5-2f5d4e65a7a3,255806314,2026-08-25 00:00:00+00:00,0.002214808022112051
gfw:059f07653-3740-f4c0-d8d8-4fa797a1df95,059f07653-3740-f4c0-d8d8-4fa797a1df95,273258170,2026-08-25 00:00:00+00:00,0.00221289019244929
gfw:723d26f0b-b88a-a35c-49e4-60d067b21bec,723d26f0b-b88a-a35c-49e4-60d067b21bec,273297860,2026-08-25 00:00:00+00:00,0.002211103554466353
gfw:aff17b9f4-4e01-53a6-0f24-168fdadeb3e9,aff17b9f4-4e01-53a6-0f24-168fdadeb3e9,613004011,2026-08-25 00:00:00+00:00,0.0022094454851151165
gfw:039ddbf1b-bf95-a2cb-683a-78460bb61d28,039ddbf1b-bf95-a2cb-683a-78460bb61d28,273212500,2026-08-25 00:00:00+00:00,0.002180667885671665
gfw:26201fa01-1611-d444-8d95-673ec65ee048,26201fa01-1611-d444-8d95-673ec65ee048,352002086,2026-08-25 00:00:00+00:00,0.0021787281408117954
gfw:a5b0dca6a-ae27-3f41-ff13-adc987d283aa,a5b0dca6a-ae27-3f41-ff13-adc987d283aa,273385760,2026-08-25 00:00:00+00:00,0.0021720307567417788
gfw:ec76e6ad5-5078-c737-b589-37360b14d68e,ec76e6ad5-5078-c737-b589-37360b14d68e,273816020,2026-08-25 00:00:00+00:00,0.0021689934522678466
gfw:1289f4b93-3968-f219-9834-58cc11d63216,1289f4b93-3968-f219-9834-58cc11d63216,273330280,2026-08-25 00:00:00+00:00,0.0021541987205685336
gfw:401d7d43b-b266-53c4-508f-618b6d815d65,401d7d43b-b266-53c4-508f-618b6d815d65,273316750,2026-08-25 00:00:00+00:00,0.00214183694901796
gfw:7bf217d65-5957-99cc-7750-dd476de5d542,7bf217d65-5957-99cc-7750-dd476de5d542,273291680,2026-08-25 00:00:00+00:00,0.0021318379763504243
gfw:0b428657e-ea91-2515-4980-5ce41899f772,0b428657e-ea91-2515-4980-5ce41899f772,255917275,2026-08-25 00:00:00+00:00,0.0021195218552746468
gfw:d189a5f44-4635-abca-5171-1887fd7cc59f,d189a5f44-4635-abca-5171-1887fd7cc59f,273411740,2026-08-25 00:00:00+00:00,0.0021188517469788097
gfw:7a881accc-cd76-a3ac-fa8a-86fa61a22e4a,7a881accc-cd76-a3ac-fa8a-86fa61a22e4a,305755000,2026-08-25 00:00:00+00:00,0.002118465843105181
gfw:84c14dc2c-c409-cbca-d694-f55fab531b97,84c14dc2c-c409-cbca-d694-f55fab531b97,412421075,2026-08-25 00:00:00+00:00,0.0021104051732189284
gfw:f2509f1e8-8e2c-c74d-28ea-6bd1c32caa85,f2509f1e8-8e2c-c74d-28ea-6bd1c32caa85,352005524,2026-08-25 00:00:00+00:00,0.0021041345561375762
gfw:d0cd54b65-58a0-0e8d-1599-9379e9db60aa,d0cd54b65-58a0-0e8d-1599-9379e9db60aa,245901000,2026-08-25 00:00:00+00:00,0.002098942103132591
gfw:463966d58-84b8-a245-8f16-524f11fde2b7,463966d58-84b8-a245-8f16-524f11fde2b7,273513600,2026-08-25 00:00:00+00:00,0.0020910785524767767
gfw:5537319b2-23c7-b240-b086-119e8d5d73e0,5537319b2-23c7-b240-b086-119e8d5d73e0,273445230,2026-08-25 00:00:00+00:00,0.0020903733894526455
gfw:2e5ee6f01-1301-ce56-25dc-c50d678f3935,2e5ee6f01-1301-ce56-25dc-c50d678f3935,273310280,2026-08-25 00:00:00+00:00,0.0020873777529966235
gfw:8e1c07a8b-b417-dc6f-0080-8c8bb0e85f3e,8e1c07a8b-b417-dc6f-0080-8c8bb0e85f3e,257155320,2026-08-25 00:00:00+00:00,0.0020708212785033966
gfw:eaed1b0f0-0009-12b6-2a06-44940fb528b1,eaed1b0f0-0009-12b6-2a06-44940fb528b1,273457870,2026-08-25 00:00:00+00:00,0.0020660043556301735
gfw:1c6f783fe-e51e-d5d9-ccef-8229796079d9,1c6f783fe-e51e-d5d9-ccef-8229796079d9,273337360,2026-08-25 00:00:00+00:00,0.002063215247748862
gfw:26f0785ed-de10-a56a-4e80-e45f800bdc45,26f0785ed-de10-a56a-4e80-e45f800bdc45,273353800,2026-08-25 00:00:00+00:00,0.0020585956333218354
gfw:2dc34e64b-ba6a-7841-bf69-fb8803d496cc,2dc34e64b-ba6a-7841-bf69-fb8803d496cc,273412090,2026-08-25 00:00:00+00:00,0.0020583562514675264
gfw:49ad04593-34e8-1096-ced8-57dbae45e9b7,49ad04593-34e8-1096-ced8-57dbae45e9b7,352006531,2026-08-25 00:00:00+00:00,0.002058318465486592
gfw:d2d030771-1235-f788-8275-64ded82b9f4b,d2d030771-1235-f788-8275-64ded82b9f4b,273815080,2026-08-25 00:00:00+00:00,0.002054503227621477
gfw:0cf3371c1-1178-be55-665e-74a34c578af5,0cf3371c1-1178-be55-665e-74a34c578af5,273819100,2026-08-25 00:00:00+00:00,0.002052114429520834
gfw:5998e3aab-b81f-00d0-21d6-3762ee05cd2b,5998e3aab-b81f-00d0-21d6-3762ee05cd2b,273458210,2026-08-25 00:00:00+00:00,0.002034522344307332
gfw:a77b16672-2a0f-2b99-5f14-d15ccad147b2,a77b16672-2a0f-2b99-5f14-d15ccad147b2,273380500,2026-08-25 00:00:00+00:00,0.0020325426250019725
gfw:f78267a39-9375-b87a-3f17-fa526f846101,f78267a39-9375-b87a-3f17-fa526f846101,636022406,2026-08-25 00:00:00+00:00,0.0020139970971681455
gfw:0edfdb8a4-43a6-5626-82b2-130ce398eafa,0edfdb8a4-43a6-5626-82b2-130ce398eafa,273259900,2026-08-25 00:00:00+00:00,0.002007686826883797
gfw:8f51d2be9-9632-fc8f-2720-23451566832e,8f51d2be9-9632-fc8f-2720-23451566832e,273891000,2026-08-25 00:00:00+00:00,0.002006637639567184
gfw:2be81bbb9-9450-371f-3b17-99a4b3e55b2f,2be81bbb9-9450-371f-3b17-99a4b3e55b2f,412440245,2026-08-25 00:00:00+00:00,0.0020056440853199096
gfw:a7e978fd1-1caf-6893-2d85-bbc7b7fa5117,a7e978fd1-1caf-6893-2d85-bbc7b7fa5117,273413770,2026-08-25 00:00:00+00:00,0.0019977168249119145
gfw:28479e05a-ad5b-34da-cd81-557ec9bab765,28479e05a-ad5b-34da-cd81-557ec9bab765,273298090,2026-08-25 00:00:00+00:00,0.001996672534721393
gfw:c0ed6295c-cc01-efbb-f435-a7b12cce1033,c0ed6295c-cc01-efbb-f435-a7b12cce1033,630001287,2026-08-25 00:00:00+00:00,0.001991037938058303
gfw:70cf6b7d6-6d4a-ab95-d91b-b9ff73af0b4d,70cf6b7d6-6d4a-ab95-d91b-b9ff73af0b4d,273415240,2026-08-25 00:00:00+00:00,0.0019906414221305033
gfw:ea8887c04-4e10-e253-3a62-fe6915e0634e,ea8887c04-4e10-e253-3a62-fe6915e0634e,273213540,2026-08-25 00:00:00+00:00,0.001986107085480888
gfw:9186d32ec-c69e-4f47-832c-dba4198648f0,9186d32ec-c69e-4f47-832c-dba4198648f0,273338020,2026-08-25 00:00:00+00:00,0.001983268400810707
gfw:c08f9805d-d359-0e5b-46cf-84ba407c555d,c08f9805d-d359-0e5b-46cf-84ba407c555d,273326150,2026-08-25 00:00:00+00:00,0.001980509518804712
gfw:922e299f8-8a22-2271-e4fa-2423688c3c2c,922e299f8-8a22-2271-e4fa-2423688c3c2c,273258710,2026-08-25 00:00:00+00:00,0.001979084629295072
gfw:5b484b1e0-0c75-05ed-d3b7-a0b3e11bf853,5b484b1e0-0c75-05ed-d3b7-a0b3e11bf853,273533100,2026-08-25 00:00:00+00:00,0.001972822416514732
gfw:a9cc6e5e5-5bae-8654-3426-df8af6d8397a,a9cc6e5e5-5bae-8654-3426-df8af6d8397a,273252780,2026-08-25 00:00:00+00:00,0.001945148272815813
gfw:b25cb935b-be62-cd35-b4fb-a5536a810ba4,b25cb935b-be62-cd35-b4fb-a5536a810ba4,538006247,2026-08-25 00:00:00+00:00,0.0019416072172386
gfw:db11c8c7e-e409-8e51-a13a-2d029d4264f9,db11c8c7e-e409-8e51-a13a-2d029d4264f9,273269560,2026-08-25 00:00:00+00:00,0.0019374283015095005
gfw:98bc368ac-c787-4a19-057e-5ba50cfefd32,98bc368ac-c787-4a19-057e-5ba50cfefd32,273294090,2026-08-25 00:00:00+00:00,0.0019354056082599106
gfw:1334517ac-c0a3-bc6e-f310-888ce77f1599,1334517ac-c0a3-bc6e-f310-888ce77f1599,273437190,2026-08-25 00:00:00+00:00,0.0019299831847804747
gfw:de303ff86-61dc-fc58-84de-28ad1e49650d,de303ff86-61dc-fc58-84de-28ad1e49650d,273456770,2026-08-25 00:00:00+00:00,0.0019240285455680406
gfw:4d9823c5d-dd37-e2a7-6f42-21817086896c,4d9823c5d-dd37-e2a7-6f42-21817086896c,273215510,2026-08-25 00:00:00+00:00,0.0019229632569388061
gfw:449e7de47-794c-b4c6-6562-eccc48063ff7,449e7de47-794c-b4c6-6562-eccc48063ff7,273264660,2026-08-25 00:00:00+00:00,0.0019158863889087172
gfw:ada9027cf-f205-cdfb-8dba-5f269580c9fe,ada9027cf-f205-cdfb-8dba-5f269580c9fe,273437790,2026-08-25 00:00:00+00:00,0.001908970014317597
gfw:f3b621455-58b9-f24a-582c-809beb7805c2,f3b621455-58b9-f24a-582c-809beb7805c2,273338570,2026-08-25 00:00:00+00:00,0.0019043032427356924
gfw:675759ff2-25b1-aef1-6662-6cf38ec9862d,675759ff2-25b1-aef1-6662-6cf38ec9862d,273391550,2026-08-25 00:00:00+00:00,0.0019008323857136137
gfw:a25e0d99b-b29e-a754-5fce-e81e4825fa43,a25e0d99b-b29e-a754-5fce-e81e4825fa43,630001235,2026-08-25 00:00:00+00:00,0.0018982933040013609
gfw:830d7f788-807d-39b2-2397-0fcebc43ac32,830d7f788-807d-39b2-2397-0fcebc43ac32,273454560,2026-08-25 00:00:00+00:00,0.001896619854302416
gfw:9a8a04f91-1801-7967-d6a6-a3395ed4dbd0,9a8a04f91-1801-7967-d6a6-a3395ed4dbd0,273253350,2026-08-25 00:00:00+00:00,0.001896080722322786
gfw:2a06d95c8-8e13-39be-970f-9e6c79366285,2a06d95c8-8e13-39be-970f-9e6c79366285,273290520,2026-08-25 00:00:00+00:00,0.0018957583103265433
gfw:61793e4c2-2343-7ced-d6b2-24fd91f405d3,61793e4c2-2343-7ced-d6b2-24fd91f405d3,538006857,2026-08-25 00:00:00+00:00,0.0018954445713356609
gfw:f21868ebc-ce3e-66b3-9a78-523b017d6e65,f21868ebc-ce3e-66b3-9a78-523b017d6e65,273413740,2026-08-25 00:00:00+00:00,0.001882174399351913
gfw:2af43d52b-b1e6-7cc8-d53f-1f1bb6d3c0d8,2af43d52b-b1e6-7cc8-d53f-1f1bb6d3c0d8,273511692,2026-08-25 00:00:00+00:00,0.0018779446101207476
gfw:5b4cfb6be-ee0c-5789-93af-e3f2c3f3d8cf,5b4cfb6be-ee0c-5789-93af-e3f2c3f3d8cf,273563210,2026-08-25 00:00:00+00:00,0.0018750686615669036
gfw:86754224d-ddad-40f5-e675-a4166e7820a9,86754224d-ddad-40f5-e675-a4166e7820a9,273430630,2026-08-25 00:00:00+00:00,0.0018735898543522217
gfw:e07efeb87-7690-675d-b1e8-d822c0b50de0,e07efeb87-7690-675d-b1e8-d822c0b50de0,219028115,2026-08-25 00:00:00+00:00,0.0018719565296263293
gfw:bafd9bcb0-073a-9707-8b80-662b2b7ea310,bafd9bcb0-073a-9707-8b80-662b2b7ea310,273433220,2026-08-25 00:00:00+00:00,0.001860349808253985
gfw:058fde0df-ff4c-9fd5-c8a3-c283742b7ece,058fde0df-ff4c-9fd5-c8a3-c283742b7ece,273429250,2026-08-25 00:00:00+00:00,0.001847894976290855
gfw:b709e320c-c920-ae17-6f47-64f4771fa18e,b709e320c-c920-ae17-6f47-64f4771fa18e,273841610,2026-08-25 00:00:00+00:00,0.00184739570865088
gfw:a81155000-077f-e640-49e3-73a6155389d5,a81155000-077f-e640-49e3-73a6155389d5,273434000,2026-08-25 00:00:00+00:00,0.0018429303142449315
gfw:50a95bb72-218a-d6ef-743e-80c29c462436,50a95bb72-218a-d6ef-743e-80c29c462436,273442200,2026-08-25 00:00:00+00:00,0.0018327847234282432
gfw:208659960-0142-40c1-339a-c816edcab44b,208659960-0142-40c1-339a-c816edcab44b,273355780,2026-08-25 00:00:00+00:00,0.0018318256842396491
gfw:fddadaa6c-c0ea-ff8c-0b76-d3dee9479924,fddadaa6c-c0ea-ff8c-0b76-d3dee9479924,273250870,2026-08-25 00:00:00+00:00,0.001827569924617315
gfw:21c0cfe0b-b4ae-df69-3666-412c30bbab52,21c0cfe0b-b4ae-df69-3666-412c30bbab52,273277600,2026-08-25 00:00:00+00:00,0.0018062337403797711
gfw:6380de2ce-e2ce-4ccf-7562-9aa6d4fc7a21,6380de2ce-e2ce-4ccf-7562-9aa6d4fc7a21,314245000,2026-08-25 00:00:00+00:00,0.0018017731958372603
gfw:b58f02b63-374b-06ff-6ac4-04412422df32,b58f02b63-374b-06ff-6ac4-04412422df32,273219770,2026-08-25 00:00:00+00:00,0.0018015136945132163
gfw:ef8e97c12-2fb2-8d27-06b3-9da2bf87d17e,ef8e97c12-2fb2-8d27-06b3-9da2bf87d17e,273410850,2026-08-25 00:00:00+00:00,0.0018010200712713185
gfw:b6e06abcb-b874-2162-bc85-f9920b0c51b3,b6e06abcb-b874-2162-bc85-f9920b0c51b3,273374920,2026-08-25 00:00:00+00:00,0.001794957021008343
gfw:203578e7e-e1fd-3410-0611-535a3952985f,203578e7e-e1fd-3410-0611-535a3952985f,273423940,2026-08-25 00:00:00+00:00,0.0017913652577212613
gfw:7ca3a8c38-870c-9fe9-3c26-b4bb76bcd6cb,7ca3a8c38-870c-9fe9-3c26-b4bb76bcd6cb,273458300,2026-08-25 00:00:00+00:00,0.0017891478352198705
gfw:13d53ba5c-cce1-1288-fd1f-5a0490196a8f,13d53ba5c-cce1-1288-fd1f-5a0490196a8f,273000885,2026-08-25 00:00:00+00:00,0.001787564730668262
gfw:d0062ffc1-1739-d30e-4615-0167fc4a594c,d0062ffc1-1739-d30e-4615-0167fc4a594c,311002359,2026-08-25 00:00:00+00:00,0.0017841123150838742
gfw:ae8ec4967-7cc2-f15e-5377-c393ed598f38,ae8ec4967-7cc2-f15e-5377-c393ed598f38,273001307,2026-08-25 00:00:00+00:00,0.0017784888460908143
gfw:ce7da8f5d-d70a-ea9d-4d32-fa1938170bad,ce7da8f5d-d70a-ea9d-4d32-fa1938170bad,273427730,2026-08-25 00:00:00+00:00,0.001764508222985529
gfw:da25e2011-1f55-a9a2-38b7-75760b514483,da25e2011-1f55-a9a2-38b7-75760b514483,636020269,2026-08-25 00:00:00+00:00,0.0017461524055436817
gfw:a11dffd89-9d5b-e9db-9ade-62af632cecfe,a11dffd89-9d5b-e9db-9ade-62af632cecfe,413457820,2026-08-25 00:00:00+00:00,0.001745252973627586
gfw:e1dcdc88d-dfaf-25e4-70d3-72d9b2a26d8e,e1dcdc88d-dfaf-25e4-70d3-72d9b2a26d8e,273389300,2026-08-25 00:00:00+00:00,0.0017434748890502883
gfw:d24960a69-9604-406f-a1ab-93889ed2ba47,d24960a69-9604-406f-a1ab-93889ed2ba47,273210600,2026-08-25 00:00:00+00:00,0.001741406075613732
gfw:b49e5f15d-d726-cd94-9ded-b8ec14763da3,b49e5f15d-d726-cd94-9ded-b8ec14763da3,273421750,2026-08-25 00:00:00+00:00,0.0017351918993587685
gfw:28d6379d9-9224-3d12-a89d-a7b72843e368,28d6379d9-9224-3d12-a89d-a7b72843e368,273358680,2026-08-25 00:00:00+00:00,0.0017336983063600102
gfw:576c08a9f-fa07-326d-3921-3a6e5cf247f4,576c08a9f-fa07-326d-3921-3a6e5cf247f4,273616940,2026-08-25 00:00:00+00:00,0.0017301243038946928
gfw:9bfd2dff5-5373-7305-4086-d5a443759cf6,9bfd2dff5-5373-7305-4086-d5a443759cf6,273312950,2026-08-25 00:00:00+00:00,0.0017301053979527803
gfw:c738c8f7b-bffb-561d-4fa6-369006a65ced,c738c8f7b-bffb-561d-4fa6-369006a65ced,273340840,2026-08-25 00:00:00+00:00,0.0017288053008635417
gfw:04545eaa1-1d82-0b03-60e2-614ff85e2f96,04545eaa1-1d82-0b03-60e2-614ff85e2f96,273356650,2026-08-25 00:00:00+00:00,0.0017212779356105018
gfw:3952caec5-5657-e0dd-082b-e88c9ba8fd03,3952caec5-5657-e0dd-082b-e88c9ba8fd03,277141000,2026-08-25 00:00:00+00:00,0.0017199854736243837
gfw:14c80b768-85e1-7ec2-6e02-23747f821c2f,14c80b768-85e1-7ec2-6e02-23747f821c2f,357058000,2026-08-25 00:00:00+00:00,0.001719707570566797
gfw:a8a2c9171-1115-3b3e-63e5-b2c1e622458a,a8a2c9171-1115-3b3e-63e5-b2c1e622458a,440076000,2026-08-25 00:00:00+00:00,0.0017085877876029838
gfw:79bd2924b-bb9e-92dd-fe56-431b97e953e0,79bd2924b-bb9e-92dd-fe56-431b97e953e0,273122820,2026-08-25 00:00:00+00:00,0.0017062838821055365
gfw:87e1b45f6-6883-982e-d23e-35fb6777a413,87e1b45f6-6883-982e-d23e-35fb6777a413,273212230,2026-08-25 00:00:00+00:00,0.0016951502325188552
gfw:3f5d8e906-696e-e6c7-ce10-1711d6c95df4,3f5d8e906-696e-e6c7-ce10-1711d6c95df4,273296770,2026-08-25 00:00:00+00:00,0.0016951461456032161
gfw:deba43e55-5458-1c93-b1be-56cb8ba915e7,deba43e55-5458-1c93-b1be-56cb8ba915e7,273832200,2026-08-25 00:00:00+00:00,0.0016951229200717075
gfw:4d90ebddd-dc5d-1dbc-b849-9b81f6e1092b,4d90ebddd-dc5d-1dbc-b849-9b81f6e1092b,273827030,2026-08-25 00:00:00+00:00,0.0016815407044330568
gfw:d74877ed2-2a78-ef43-bc89-a7fc61e9601e,d74877ed2-2a78-ef43-bc89-a7fc61e9601e,273433330,2026-08-25 00:00:00+00:00,0.0016764402136365323
gfw:fcf0b8724-4cb9-cde8-fbfc-efa976651039,fcf0b8724-4cb9-cde8-fbfc-efa976651039,273892100,2026-08-25 00:00:00+00:00,0.0016762505338682218
gfw:1460a30fb-bce3-69c5-3aa9-6010bfee1413,1460a30fb-bce3-69c5-3aa9-6010bfee1413,273273930,2026-08-25 00:00:00+00:00,0.0016719101887957856
gfw:cdeeda579-9fdf-62e0-17be-011556f19829,cdeeda579-9fdf-62e0-17be-011556f19829,273384300,2026-08-25 00:00:00+00:00,0.0016674582351454317
gfw:e43e21889-9a5d-373f-00f5-ab79bf969932,e43e21889-9a5d-373f-00f5-ab79bf969932,273130900,2026-08-25 00:00:00+00:00,0.0016585317255173417
gfw:fa948c54c-c97d-019d-9a7f-ae7f46f67853,fa948c54c-c97d-019d-9a7f-ae7f46f67853,273212000,2026-08-25 00:00:00+00:00,0.0016406951845293228
gfw:4bdbb4552-2a88-1e48-7407-cd553084995e,4bdbb4552-2a88-1e48-7407-cd553084995e,273371750,2026-08-25 00:00:00+00:00,0.001636746111573843
gfw:748ade7ee-eaca-9d51-5f70-82f30555a03e,748ade7ee-eaca-9d51-5f70-82f30555a03e,273420800,2026-08-25 00:00:00+00:00,0.001633095932142757
gfw:e048018d9-9312-d936-4075-e75896fc1cbe,e048018d9-9312-d936-4075-e75896fc1cbe,273419160,2026-08-25 00:00:00+00:00,0.0016304311750031757
gfw:36eb3b968-85e4-b874-ec5d-5107ebd7f239,36eb3b968-85e4-b874-ec5d-5107ebd7f239,273845320,2026-08-25 00:00:00+00:00,0.0016254400295463401
gfw:2241cb483-3fe4-3aae-ff1b-70b9c32b211d,2241cb483-3fe4-3aae-ff1b-70b9c32b211d,273253580,2026-08-25 00:00:00+00:00,0.001624558777645842
gfw:a2ac16faf-f439-becf-0e07-d7e1e4ad58bc,a2ac16faf-f439-becf-0e07-d7e1e4ad58bc,273213940,2026-08-25 00:00:00+00:00,0.0016240448287526018
gfw:8dcd011d2-2a9e-b7bb-1e37-5f7290e164cf,8dcd011d2-2a9e-b7bb-1e37-5f7290e164cf,273212170,2026-08-25 00:00:00+00:00,0.0016238980166947985
gfw:391a774c1-1232-308c-ef48-2a963eb5ee55,391a774c1-1232-308c-ef48-2a963eb5ee55,273256400,2026-08-25 00:00:00+00:00,0.0016196674719268177
gfw:19803c2dc-c54e-6430-0820-c6f756485a95,19803c2dc-c54e-6430-0820-c6f756485a95,273210230,2026-08-25 00:00:00+00:00,0.001618152335979962
gfw:1196052d1-178c-536e-36eb-fcc8184893cb,1196052d1-178c-536e-36eb-fcc8184893cb,273393130,2026-08-25 00:00:00+00:00,0.0016068907819892576
gfw:426c04055-5d53-39a5-8e9a-8e18a94b6fe5,426c04055-5d53-39a5-8e9a-8e18a94b6fe5,273298130,2026-08-25 00:00:00+00:00,0.0016052351956786072
gfw:b77d4f5ae-ec55-cfcb-0820-011afa010459,b77d4f5ae-ec55-cfcb-0820-011afa010459,273213410,2026-08-25 00:00:00+00:00,0.0016035099307359052
gfw:61451fa82-220e-5afa-affd-101c5d742ae9,61451fa82-220e-5afa-affd-101c5d742ae9,567618000,2026-08-25 00:00:00+00:00,0.0016032443612533235
gfw:d2b39c8d6-6b5a-1bf8-89d5-9900e79d62a0,d2b39c8d6-6b5a-1bf8-89d5-9900e79d62a0,273429140,2026-08-25 00:00:00+00:00,0.0016012323187875451
gfw:628aeaceb-b14e-c232-d165-447611e28186,628aeaceb-b14e-c232-d165-447611e28186,413582320,2026-08-25 00:00:00+00:00,0.0015968067337614313
gfw:3640aa7c3-354f-8b11-ee6f-689c38289a68,3640aa7c3-354f-8b11-ee6f-689c38289a68,636093256,2026-08-25 00:00:00+00:00,0.00158861191250637
gfw:bcec32351-1677-35f6-0f72-bb35c0586188,bcec32351-1677-35f6-0f72-bb35c0586188,414434000,2026-08-25 00:00:00+00:00,0.0015857942181374575
gfw:83b012e08-8dd6-20f7-3802-3b74b86c9716,83b012e08-8dd6-20f7-3802-3b74b86c9716,215935000,2026-08-25 00:00:00+00:00,0.0015819692851425347
gfw:d64995a27-74cb-ddaf-a45d-434f377db055,d64995a27-74cb-ddaf-a45d-434f377db055,273312240,2026-08-25 00:00:00+00:00,0.0015801849452076152
gfw:cb91715ac-c466-7abd-691e-6ec8be362099,cb91715ac-c466-7abd-691e-6ec8be362099,311000633,2026-08-25 00:00:00+00:00,0.0015756345561732824
gfw:ceee8ae08-8a23-9462-cfb4-5fdc8a947b8e,ceee8ae08-8a23-9462-cfb4-5fdc8a947b8e,273565310,2026-08-25 00:00:00+00:00,0.0015746370720588286
gfw:28ee25d0a-abe9-8c4f-248c-dd439c6a82ba,28ee25d0a-abe9-8c4f-248c-dd439c6a82ba,273254370,2026-08-25 00:00:00+00:00,0.0015680432515906562
gfw:22e05481f-f7e9-5de8-860a-4cbb1e9dc277,22e05481f-f7e9-5de8-860a-4cbb1e9dc277,273441770,2026-08-25 00:00:00+00:00,0.0015647692819010415
gfw:761a2132f-fd07-1f1d-700b-8b48221a3c6a,761a2132f-fd07-1f1d-700b-8b48221a3c6a,273613750,2026-08-25 00:00:00+00:00,0.0015642542181530086
gfw:3883fa7a7-7185-34a9-b603-94031994bd06,3883fa7a7-7185-34a9-b603-94031994bd06,273213180,2026-08-25 00:00:00+00:00,0.0015636949146852382
gfw:22be48f24-46ae-8f38-65bb-073ca308d735,22be48f24-46ae-8f38-65bb-073ca308d735,259562000,2026-08-25 00:00:00+00:00,0.0015614876806272486
gfw:53ac792dd-df9b-c6ce-2e40-6e9d68905649,53ac792dd-df9b-c6ce-2e40-6e9d68905649,273616830,2026-08-25 00:00:00+00:00,0.001556705560966097
gfw:0ed0f84f3-3ace-7824-e594-082986ecccb2,0ed0f84f3-3ace-7824-e594-082986ecccb2,273445740,2026-08-25 00:00:00+00:00,0.0015528486842579542
gfw:58a85ae12-264f-ea00-2170-6278a548515a,58a85ae12-264f-ea00-2170-6278a548515a,273253860,2026-08-25 00:00:00+00:00,0.0015528187735879793
gfw:911cc9af2-2cb9-d56c-0166-47ef189a1691,911cc9af2-2cb9-d56c-0166-47ef189a1691,311002373,2026-08-25 00:00:00+00:00,0.001551827953512333
gfw:e7e53e8f0-0e72-2958-d5b6-6e66414277f7,e7e53e8f0-0e72-2958-d5b6-6e66414277f7,273899500,2026-08-25 00:00:00+00:00,0.0015509850699438417
gfw:31b89282b-bfb6-4346-5609-3d3c87b22f06,31b89282b-bfb6-4346-5609-3d3c87b22f06,311000627,2026-08-25 00:00:00+00:00,0.0015504764302598634
gfw:b24ccb6a3-3852-9d35-8f54-316bbae816fd,b24ccb6a3-3852-9d35-8f54-316bbae816fd,273440690,2026-08-25 00:00:00+00:00,0.0015497784705924547
gfw:6811516e6-6760-227e-255c-775515d17cfd,6811516e6-6760-227e-255c-775515d17cfd,273613170,2026-08-25 00:00:00+00:00,0.001549482070622178
gfw:7aed16193-30a1-1625-0bac-36ee7ba86a3e,7aed16193-30a1-1625-0bac-36ee7ba86a3e,273213030,2026-08-25 00:00:00+00:00,0.0015476194658340877
gfw:1cf353385-5f98-6ecc-dafc-1b236df9dfc4,1cf353385-5f98-6ecc-dafc-1b236df9dfc4,273370490,2026-08-25 00:00:00+00:00,0.0015415582887629055
gfw:e8cd5f231-1a9f-80a8-940d-20e1862d0164,e8cd5f231-1a9f-80a8-940d-20e1862d0164,273824900,2026-08-25 00:00:00+00:00,0.0015361533746755052
gfw:c2ee646a3-3cfc-cbe2-a9cd-2ec2b8956cca,c2ee646a3-3cfc-cbe2-a9cd-2ec2b8956cca,273437660,2026-08-25 00:00:00+00:00,0.0015272155636764171
gfw:ae90e311d-d9c9-2baf-09b1-2f629e06ce96,ae90e311d-d9c9-2baf-09b1-2f629e06ce96,273431340,2026-08-25 00:00:00+00:00,0.0015218679671205545
gfw:138630f23-38db-f174-8fb6-6993c19a3a74,138630f23-38db-f174-8fb6-6993c19a3a74,273453540,2026-08-25 00:00:00+00:00,0.0015207395267753752
gfw:18ff33d18-8478-cb29-7a7b-c0ceb462ef56,18ff33d18-8478-cb29-7a7b-c0ceb462ef56,273316510,2026-08-25 00:00:00+00:00,0.0015164452661597337
gfw:65ed5b6c3-3a15-a2f1-aca9-76f05e5d27a0,65ed5b6c3-3a15-a2f1-aca9-76f05e5d27a0,273398960,2026-08-25 00:00:00+00:00,0.0015139752079288491
gfw:c8aca5fd0-02e2-20ae-e180-8d95a89d93ba,c8aca5fd0-02e2-20ae-e180-8d95a89d93ba,273276440,2026-08-25 00:00:00+00:00,0.0015098227777053776
gfw:3d71417e3-3446-c8fc-60f4-405b810d34f2,3d71417e3-3446-c8fc-60f4-405b810d34f2,273350610,2026-08-25 00:00:00+00:00,0.0015095305780008228
gfw:4772a67b7-74de-85a2-ab87-2ec342fa9274,4772a67b7-74de-85a2-ab87-2ec342fa9274,273454540,2026-08-25 00:00:00+00:00,0.0015076507952221313
gfw:7d2bab609-936c-9ed5-8248-908b44196c22,7d2bab609-936c-9ed5-8248-908b44196c22,261054050,2026-08-25 00:00:00+00:00,0.0015025014461694547
gfw:76a3abd24-4592-0329-aed8-88ff081ad6a1,76a3abd24-4592-0329-aed8-88ff081ad6a1,255806086,2026-08-25 00:00:00+00:00,0.0015024539629274322
gfw:3419362ae-ef77-e2e6-f7cb-c39c0c229ad1,3419362ae-ef77-e2e6-f7cb-c39c0c229ad1,273510600,2026-08-25 00:00:00+00:00,0.0015014917964961286
gfw:65876b9b2-29fb-b001-5eb3-5447e13d135c,65876b9b2-29fb-b001-5eb3-5447e13d135c,477150100,2026-08-25 00:00:00+00:00,0.0014962174921170342
gfw:7f9b3b274-4133-0a37-b84d-3dbee7beb8a4,7f9b3b274-4133-0a37-b84d-3dbee7beb8a4,273861000,2026-08-25 00:00:00+00:00,0.001490724200008015
gfw:c373860e3-35c2-996c-11e5-087c1e9ee5c2,c373860e3-35c2-996c-11e5-087c1e9ee5c2,273386260,2026-08-25 00:00:00+00:00,0.0014890895484462796
gfw:e9773c833-3175-43fe-f5ad-ac69702c8b5b,e9773c833-3175-43fe-f5ad-ac69702c8b5b,273317030,2026-08-25 00:00:00+00:00,0.0014866834409285757
gfw:3a9dbf24e-e935-3102-2612-eb9f1943408b,3a9dbf24e-e935-3102-2612-eb9f1943408b,273619300,2026-08-25 00:00:00+00:00,0.0014834294773524088
gfw:951d53fe7-7a04-3e4a-8fad-5e2a35886a3c,951d53fe7-7a04-3e4a-8fad-5e2a35886a3c,273383770,2026-08-25 00:00:00+00:00,0.0014833145133980126
gfw:a4820b779-998e-5c79-54f1-0155db348929,a4820b779-998e-5c79-54f1-0155db348929,311002323,2026-08-25 00:00:00+00:00,0.0014832961432265717
gfw:6605f249b-bfb6-4207-f473-dab30bea8ddb,6605f249b-bfb6-4207-f473-dab30bea8ddb,273312480,2026-08-25 00:00:00+00:00,0.001482785458632817
gfw:e0bc8da71-160e-5ede-d15c-cdd9a31d94d2,e0bc8da71-160e-5ede-d15c-cdd9a31d94d2,273258130,2026-08-25 00:00:00+00:00,0.001482004594217215
gfw:5088f94b8-816c-5e44-5162-db7425b07c8b,5088f94b8-816c-5e44-5162-db7425b07c8b,273370230,2026-08-25 00:00:00+00:00,0.0014818972093472212
gfw:4543bdfdc-cde0-c52e-7550-f96f1ebe3fa4,4543bdfdc-cde0-c52e-7550-f96f1ebe3fa4,273211410,2026-08-25 00:00:00+00:00,0.0014729048713830364
gfw:8459cc64f-ff82-e417-1ec3-29ecb8414f1d,8459cc64f-ff82-e417-1ec3-29ecb8414f1d,273615790,2026-08-25 00:00:00+00:00,0.001472170311584117
gfw:95776c075-5cb4-5684-f5aa-3a4f3a4a7231,95776c075-5cb4-5684-f5aa-3a4f3a4a7231,273611390,2026-08-25 00:00:00+00:00,0.0014601677449612627
gfw:3b48df346-6080-192a-c031-34fffea94062,3b48df346-6080-192a-c031-34fffea94062,273613970,2026-08-25 00:00:00+00:00,0.0014590571614221941
gfw:7a0ff247a-a476-b9e7-7216-a4f5dd33cc7c,7a0ff247a-a476-b9e7-7216-a4f5dd33cc7c,273840800,2026-08-25 00:00:00+00:00,0.0014579234972565984
gfw:2fae791b6-628a-3bb9-e182-724aa2b7b53f,2fae791b6-628a-3bb9-e182-724aa2b7b53f,273386140,2026-08-25 00:00:00+00:00,0.0014552734698966997
gfw:ab3ab4474-4c7f-8a10-70bf-7fb62698db0e,ab3ab4474-4c7f-8a10-70bf-7fb62698db0e,273363450,2026-08-25 00:00:00+00:00,0.0014486309673061972
gfw:7e5444e32-2701-427d-cf74-3a8c97a0374d,7e5444e32-2701-427d-cf74-3a8c97a0374d,273299110,2026-08-25 00:00:00+00:00,0.0014475326078898403
gfw:7fbd91322-2c88-fc54-2fab-bc17cf208933,7fbd91322-2c88-fc54-2fab-bc17cf208933,273610250,2026-08-25 00:00:00+00:00,0.001444049135872487
gfw:c6cb7a50c-c489-9815-5662-54071ef629d9,c6cb7a50c-c489-9815-5662-54071ef629d9,636093201,2026-08-25 00:00:00+00:00,0.001442620411222783
gfw:f87932642-238a-26b4-1a54-9290a3517f25,f87932642-238a-26b4-1a54-9290a3517f25,477636900,2026-08-25 00:00:00+00:00,0.0014412507132520918
gfw:b2971ae5e-e06f-e78a-d952-cc57886df2ad,b2971ae5e-e06f-e78a-d952-cc57886df2ad,273290400,2026-08-25 00:00:00+00:00,0.0014395768041700091
gfw:d1e73b1bd-d225-4c2e-c6b9-035e278d2030,d1e73b1bd-d225-4c2e-c6b9-035e278d2030,273389540,2026-08-25 00:00:00+00:00,0.00143913930553913
gfw:2fb8a3f1f-fba6-835b-a483-d58d955b760c,2fb8a3f1f-fba6-835b-a483-d58d955b760c,273219300,2026-08-25 00:00:00+00:00,0.0014377823646666739
gfw:b2d6b1aa5-5cba-6842-8b61-06804f346236,b2d6b1aa5-5cba-6842-8b61-06804f346236,636018871,2026-08-25 00:00:00+00:00,0.0014371741702627356
gfw:461d156d6-6d71-224e-0e45-7e55a32e9ef1,461d156d6-6d71-224e-0e45-7e55a32e9ef1,273418710,2026-08-25 00:00:00+00:00,0.0014331304041447772
gfw:1272e7b6f-f6c9-012b-3d08-8d021c11f257,1272e7b6f-f6c9-012b-3d08-8d021c11f257,273380430,2026-08-25 00:00:00+00:00,0.0014321075964120495
gfw:53bfbf6a1-196f-0ee4-f386-2d1e2e44a4a1,53bfbf6a1-196f-0ee4-f386-2d1e2e44a4a1,273439230,2026-08-25 00:00:00+00:00,0.00142898159374327
gfw:0ebb0d187-7e6f-8b83-d939-614449b9fd8e,0ebb0d187-7e6f-8b83-d939-614449b9fd8e,273211500,2026-08-25 00:00:00+00:00,0.0014260342405058187
gfw:8332cd953-3394-3894-0ad7-bdd74a4b72b6,8332cd953-3394-3894-0ad7-bdd74a4b72b6,273254300,2026-08-25 00:00:00+00:00,0.00142538565923939
gfw:2431fcd1d-d93a-326d-315d-f48b9c0e8c70,2431fcd1d-d93a-326d-315d-f48b9c0e8c70,273336180,2026-08-25 00:00:00+00:00,0.001425234983378678
gfw:e81212121-16fd-f8f0-21ca-4cbf977dcc96,e81212121-16fd-f8f0-21ca-4cbf977dcc96,311002358,2026-08-25 00:00:00+00:00,0.001422758570883896
gfw:b25a0529e-eb7e-e1f8-137f-bbc508639648,b25a0529e-eb7e-e1f8-137f-bbc508639648,538005261,2026-08-25 00:00:00+00:00,0.0014221496016271456
gfw:ba589d5c8-8b83-a05d-2393-7b87d9aedb4a,ba589d5c8-8b83-a05d-2393-7b87d9aedb4a,273441670,2026-08-25 00:00:00+00:00,0.0014208555305832524
gfw:cc1111edf-f556-d9c8-d64c-463cd233dbfb,cc1111edf-f556-d9c8-d64c-463cd233dbfb,273296810,2026-08-25 00:00:00+00:00,0.0014167164199112142
gfw:17f53457d-d17b-d928-5c67-e45ecc100409,17f53457d-d17b-d928-5c67-e45ecc100409,273218310,2026-08-25 00:00:00+00:00,0.0014154938126200514
gfw:47bb98e7e-e129-c5bd-d3e3-abaee9c67538,47bb98e7e-e129-c5bd-d3e3-abaee9c67538,273217310,2026-08-25 00:00:00+00:00,0.0014118461797712409
gfw:d8b99e6a1-12d6-1f8d-94a3-c61a976a6d0b,d8b99e6a1-12d6-1f8d-94a3-c61a976a6d0b,273438900,2026-08-25 00:00:00+00:00,0.0014112374317932594
gfw:4a5287aef-f398-c19e-6d13-63d578c910c8,4a5287aef-f398-c19e-6d13-63d578c910c8,273390570,2026-08-25 00:00:00+00:00,0.001408707378542955
gfw:bf29ecdea-a00b-13e3-8120-e732ed8d5cc5,bf29ecdea-a00b-13e3-8120-e732ed8d5cc5,352898816,2026-08-25 00:00:00+00:00,0.0014082915011281742
gfw:1116c548b-bd9a-a6fb-51ce-1c6021e35a5b,1116c548b-bd9a-a6fb-51ce-1c6021e35a5b,212617000,2026-08-25 00:00:00+00:00,0.0014072825876082695
gfw:19b65d106-635b-6cde-2cd7-bee6f0df8460,19b65d106-635b-6cde-2cd7-bee6f0df8460,273418700,2026-08-25 00:00:00+00:00,0.0014028765294463459
gfw:692a737d0-041a-41ec-8025-35e9461788d1,692a737d0-041a-41ec-8025-35e9461788d1,273253710,2026-08-25 00:00:00+00:00,0.0014026548007082616
gfw:d78e179a2-207c-fd6f-34fc-fead0a9d717e,d78e179a2-207c-fd6f-34fc-fead0a9d717e,273215420,2026-08-25 00:00:00+00:00,0.0014015150292384431
gfw:0160da039-9a69-eda6-c163-bd0c0dcc4049,0160da039-9a69-eda6-c163-bd0c0dcc4049,273444060,2026-08-25 00:00:00+00:00,0.0013995532107504921
gfw:cc53e98e4-43d6-2b5c-7fb8-376ac9ca9681,cc53e98e4-43d6-2b5c-7fb8-376ac9ca9681,273820320,2026-08-25 00:00:00+00:00,0.0013945343337382519
gfw:f515b8ace-e78a-0eb0-4717-fe5a9095b19c,f515b8ace-e78a-0eb0-4717-fe5a9095b19c,422000124,2026-08-25 00:00:00+00:00,0.0013928819139225844
gfw:92ec51be6-617d-2521-0adf-8264fc44b2d1,92ec51be6-617d-2521-0adf-8264fc44b2d1,273844800,2026-08-25 00:00:00+00:00,0.0013921067908388765
gfw:ccb023b06-6c09-d6aa-9386-335af1958677,ccb023b06-6c09-d6aa-9386-335af1958677,273436020,2026-08-25 00:00:00+00:00,0.0013913279331061916
gfw:8da36cd2c-cf05-f382-9847-d03c6a47eede,8da36cd2c-cf05-f382-9847-d03c6a47eede,273815000,2026-08-25 00:00:00+00:00,0.0013899605847234912
gfw:f6ac5edd5-50cb-d47a-55f6-76b8ae313a3e,f6ac5edd5-50cb-d47a-55f6-76b8ae313a3e,273356520,2026-08-25 00:00:00+00:00,0.0013879889078189077
gfw:884271d90-0cab-be56-ac31-b3132dd107a2,884271d90-0cab-be56-ac31-b3132dd107a2,273255300,2026-08-25 00:00:00+00:00,0.001385374199440772
gfw:6421ef8a5-5ea7-cf74-c772-072bac0a46f9,6421ef8a5-5ea7-cf74-c772-072bac0a46f9,261003890,2026-08-25 00:00:00+00:00,0.0013832779616646705
gfw:9dfb0ec3c-cec4-5a1d-1540-37f1ca828ff2,9dfb0ec3c-cec4-5a1d-1540-37f1ca828ff2,538006303,2026-08-25 00:00:00+00:00,0.0013830808121487487
gfw:7dd18d6b9-9f2e-e625-3d35-8889c1c5e747,7dd18d6b9-9f2e-e625-3d35-8889c1c5e747,563271300,2026-08-25 00:00:00+00:00,0.001382874403613648
gfw:f2e1c7d89-9438-07ae-2b28-d44693cd978a,f2e1c7d89-9438-07ae-2b28-d44693cd978a,273386230,2026-08-25 00:00:00+00:00,0.0013818000518886046
gfw:5b1434a72-2616-3db0-d324-60c208e29d00,5b1434a72-2616-3db0-d324-60c208e29d00,273391470,2026-08-25 00:00:00+00:00,0.001379095115788061
gfw:62990acce-e9c4-a418-d78b-a3ed58c74fdc,62990acce-e9c4-a418-d78b-a3ed58c74fdc,273813100,2026-08-25 00:00:00+00:00,0.0013774132270137436
gfw:abd4dc342-2725-b1c4-d451-214eea6d9f82,abd4dc342-2725-b1c4-d451-214eea6d9f82,273395230,2026-08-25 00:00:00+00:00,0.0013750219688469097
gfw:a27a718f5-5a37-6164-84e9-a64852799d1a,a27a718f5-5a37-6164-84e9-a64852799d1a,273351800,2026-08-25 00:00:00+00:00,0.0013733605769923691
gfw:64175984b-bafd-c087-1e6c-b5de020b72f5,64175984b-bafd-c087-1e6c-b5de020b72f5,667002520,2026-08-25 00:00:00+00:00,0.0013712596269847457
gfw:130390f1e-eafb-8ea4-f500-282fd1a557e8,130390f1e-eafb-8ea4-f500-282fd1a557e8,235102768,2026-08-25 00:00:00+00:00,0.001370991307604579
gfw:f0a00fd86-6ec4-f18c-0e9d-140d5060dfaa,f0a00fd86-6ec4-f18c-0e9d-140d5060dfaa,261003420,2026-08-25 00:00:00+00:00,0.001370454834821833
gfw:46ec36fd4-4088-4b3b-af53-10f13e18ca15,46ec36fd4-4088-4b3b-af53-10f13e18ca15,273213650,2026-08-25 00:00:00+00:00,0.0013675014099887531
gfw:63b923226-62d5-9213-640b-ee801cab1010,63b923226-62d5-9213-640b-ee801cab1010,273427030,2026-08-25 00:00:00+00:00,0.0013672369983535283
gfw:e7c481fed-db87-cc67-cda4-6c6bdecaf1a6,e7c481fed-db87-cc67-cda4-6c6bdecaf1a6,273212410,2026-08-25 00:00:00+00:00,0.0013671345653826128
gfw:71401563f-f7af-883e-907d-b232299e7841,71401563f-f7af-883e-907d-b232299e7841,273457980,2026-08-25 00:00:00+00:00,0.0013671296565816971
gfw:e3f48fe27-761b-6cda-2f7c-1e1e670243e4,e3f48fe27-761b-6cda-2f7c-1e1e670243e4,273372840,2026-08-25 00:00:00+00:00,0.001361169649935636
gfw:7b387a6c1-11b4-0ea3-f489-d090617848fb,7b387a6c1-11b4-0ea3-f489-d090617848fb,273331070,2026-08-25 00:00:00+00:00,0.001359431419207184
gfw:4b5ea9680-001d-e910-a6e2-15e540aceb48,4b5ea9680-001d-e910-a6e2-15e540aceb48,273296430,2026-08-25 00:00:00+00:00,0.0013542149880973497
gfw:398ea910e-e2dd-a852-a402-c33f78aab739,398ea910e-e2dd-a852-a402-c33f78aab739,273550600,2026-08-25 00:00:00+00:00,0.0013522556476693898
gfw:c3c364f19-97d2-2837-403c-e4b8fafa772a,c3c364f19-97d2-2837-403c-e4b8fafa772a,273356540,2026-08-25 00:00:00+00:00,0.0013510166970202612
gfw:a7e517590-085a-2d13-72c3-18d7eaa11d62,a7e517590-085a-2d13-72c3-18d7eaa11d62,273826910,2026-08-25 00:00:00+00:00,0.00135015616703726
gfw:c34356129-9614-4614-7830-97d0afcc8a4b,c34356129-9614-4614-7830-97d0afcc8a4b,538010855,2026-08-25 00:00:00+00:00,0.0013495387859283347
gfw:935e00295-503f-7b5f-1991-c60155089d36,935e00295-503f-7b5f-1991-c60155089d36,273395490,2026-08-25 00:00:00+00:00,0.00134562148324132
gfw:01b3118e5-5be5-dcaa-6ea2-1b89bad242d3,01b3118e5-5be5-dcaa-6ea2-1b89bad242d3,229910000,2026-08-25 00:00:00+00:00,0.0013441393441214228
gfw:e5498c046-6745-1dbe-fb57-2e76f90f16a8,e5498c046-6745-1dbe-fb57-2e76f90f16a8,273130600,2026-08-25 00:00:00+00:00,0.0013419752606775573
gfw:a595fca21-10b4-2e87-6964-dfd5581d0fd3,a595fca21-10b4-2e87-6964-dfd5581d0fd3,273316660,2026-08-25 00:00:00+00:00,0.001337115783916536
gfw:05f0b89c9-977b-4edd-b3a1-b278bab4e164,05f0b89c9-977b-4edd-b3a1-b278bab4e164,255805966,2026-08-25 00:00:00+00:00,0.0013354767688974652
gfw:03a9bb123-3d0f-ff60-760d-88206609c27b,03a9bb123-3d0f-ff60-760d-88206609c27b,311002112,2026-08-25 00:00:00+00:00,0.0013332098787628528
gfw:8b4334f91-12ef-2464-f837-beb22a4e60fa,8b4334f91-12ef-2464-f837-beb22a4e60fa,273854500,2026-08-25 00:00:00+00:00,0.0013312423699053172
gfw:79472bde7-7325-fb84-1348-daa0521c2fdf,79472bde7-7325-fb84-1348-daa0521c2fdf,273253310,2026-08-25 00:00:00+00:00,0.0013289611597678142
gfw:d68355b67-7e43-b2b8-aa7e-aaac893ee141,d68355b67-7e43-b2b8-aa7e-aaac893ee141,311002187,2026-08-25 00:00:00+00:00,0.0013274899722148271
gfw:892fe92f4-4776-74cd-53f3-3a61f3e160a0,892fe92f4-4776-74cd-53f3-3a61f3e160a0,273213140,2026-08-25 00:00:00+00:00,0.0013231988411862008
gfw:18d35599a-ad4d-939a-631b-b79c24c49681,18d35599a-ad4d-939a-631b-b79c24c49681,273446750,2026-08-25 00:00:00+00:00,0.0013180740841382847
gfw:04dcf6bdf-f1bd-b00b-b784-4be5e3533c87,04dcf6bdf-f1bd-b00b-b784-4be5e3533c87,273611250,2026-08-25 00:00:00+00:00,0.0013168284970891935
gfw:0654c93d5-5008-6dba-a668-b8527714db24,0654c93d5-5008-6dba-a668-b8527714db24,273539310,2026-08-25 00:00:00+00:00,0.0013144787908205549
gfw:63f940fb3-3f32-52e2-b7e5-5bde27cba0a1,63f940fb3-3f32-52e2-b7e5-5bde27cba0a1,273295390,2026-08-25 00:00:00+00:00,0.0013132501384460645
gfw:3648ffdc9-9982-1e24-efb3-7648acea41b8,3648ffdc9-9982-1e24-efb3-7648acea41b8,273445060,2026-08-25 00:00:00+00:00,0.001312504582670122
gfw:6b2c2c87f-f2ab-84d1-a13d-0ea62fd6ffa9,6b2c2c87f-f2ab-84d1-a13d-0ea62fd6ffa9,273413270,2026-08-25 00:00:00+00:00,0.0013113031629069984
gfw:a2e4f7d8b-b9ed-5b21-5e27-65f9b2e8e6fe,a2e4f7d8b-b9ed-5b21-5e27-65f9b2e8e6fe,273386370,2026-08-25 00:00:00+00:00,0.0013108556769146108
gfw:7b7e49f39-984c-c5bc-8fb0-4ba074334403,7b7e49f39-984c-c5bc-8fb0-4ba074334403,273255020,2026-08-25 00:00:00+00:00,0.0013100473069043263
gfw:18b27cef2-2b03-391f-9bc3-e76bd5eb83f1,18b27cef2-2b03-391f-9bc3-e76bd5eb83f1,255806096,2026-08-25 00:00:00+00:00,0.0013086187607190354
gfw:691dd85f1-17fe-6d57-4568-711d185048e0,691dd85f1-17fe-6d57-4568-711d185048e0,273614250,2026-08-25 00:00:00+00:00,0.001308215671042742
gfw:08da4d1bc-c814-332d-0daf-e03d0c3c395f,08da4d1bc-c814-332d-0daf-e03d0c3c395f,273370280,2026-08-25 00:00:00+00:00,0.0013072587981725612
gfw:5d2535a9e-eec7-b15c-58df-ff099dd13e7c,5d2535a9e-eec7-b15c-58df-ff099dd13e7c,273397170,2026-08-25 00:00:00+00:00,0.0012999229923923007
gfw:b0d542ebd-d3b2-2498-4126-39c8c452989e,b0d542ebd-d3b2-2498-4126-39c8c452989e,273216200,2026-08-25 00:00:00+00:00,0.0012975028899698115
gfw:81ce9d5d7-7e51-5e24-cdd3-dc992fa85c81,81ce9d5d7-7e51-5e24-cdd3-dc992fa85c81,273322350,2026-08-25 00:00:00+00:00,0.0012963675078332389
gfw:ad94505da-ac00-54a3-2a94-0f9f387f2be2,ad94505da-ac00-54a3-2a94-0f9f387f2be2,273291590,2026-08-25 00:00:00+00:00,0.001295998258172672
gfw:67cac1f7b-b38e-e793-3f4d-f12cdf85c712,67cac1f7b-b38e-e793-3f4d-f12cdf85c712,352003016,2026-08-25 00:00:00+00:00,0.0012944038256681807
gfw:d1d38ceee-eea0-ca00-50f2-4360e87cdb2c,d1d38ceee-eea0-ca00-50f2-4360e87cdb2c,273398180,2026-08-25 00:00:00+00:00,0.001292418437761261
gfw:4504f20ab-bf92-0496-7700-f125c005bbcf,4504f20ab-bf92-0496-7700-f125c005bbcf,273436720,2026-08-25 00:00:00+00:00,0.0012921553635197576
gfw:b95b74117-72f0-8216-2b53-c23bba29c373,b95b74117-72f0-8216-2b53-c23bba29c373,352001176,2026-08-25 00:00:00+00:00,0.0012917490859072282
gfw:2e45133fc-c871-aa62-9046-9dc8fa6b8f51,2e45133fc-c871-aa62-9046-9dc8fa6b8f51,273416240,2026-08-25 00:00:00+00:00,0.0012888731474703157
gfw:3ec9e042b-b8b8-7da1-451a-08ae6a31b85e,3ec9e042b-b8b8-7da1-451a-08ae6a31b85e,273844720,2026-08-25 00:00:00+00:00,0.001288855678991531
gfw:7b10c8254-46f4-74cf-d16a-905817860ed6,7b10c8254-46f4-74cf-d16a-905817860ed6,231898000,2026-08-25 00:00:00+00:00,0.001285236142142136
gfw:8f9aa3c20-0f72-3ff1-0e8b-0d195fb5a53b,8f9aa3c20-0f72-3ff1-0e8b-0d195fb5a53b,311001932,2026-08-25 00:00:00+00:00,0.001285068520995015
gfw:980a28ad3-3ca9-e1bd-6b00-3c508d5b643c,980a28ad3-3ca9-e1bd-6b00-3c508d5b643c,273211440,2026-08-25 00:00:00+00:00,0.001284833225040571
gfw:f5d1a5146-6735-0dbf-b5be-252628eeb3cd,f5d1a5146-6735-0dbf-b5be-252628eeb3cd,273437810,2026-08-25 00:00:00+00:00,0.0012813733649413262
gfw:cd369bb46-69d8-0174-164b-6d7f448c656a,cd369bb46-69d8-0174-164b-6d7f448c656a,312602000,2026-08-25 00:00:00+00:00,0.0012807006489812085
gfw:da44c4353-3e9d-a9b6-0367-437af1968b8e,da44c4353-3e9d-a9b6-0367-437af1968b8e,273314220,2026-08-25 00:00:00+00:00,0.0012804115891122101
gfw:81b15b348-8fda-6787-1336-ea96cd7fbbb4,81b15b348-8fda-6787-1336-ea96cd7fbbb4,273217010,2026-08-25 00:00:00+00:00,0.0012788857660740935
gfw:b6cf36c58-85a5-768f-5215-9d3558b092a0,b6cf36c58-85a5-768f-5215-9d3558b092a0,273418340,2026-08-25 00:00:00+00:00,0.00127633615697476
gfw:ba9b8a0a6-6177-238c-d093-e67e7f4f311a,ba9b8a0a6-6177-238c-d093-e67e7f4f311a,273373190,2026-08-25 00:00:00+00:00,0.0012761425247891755
gfw:271dd987b-bb9e-9903-77db-482095de5909,271dd987b-bb9e-9903-77db-482095de5909,273612390,2026-08-25 00:00:00+00:00,0.0012752007648821142
gfw:c62f6db3c-caef-f917-5f31-19d23dbc68a3,c62f6db3c-caef-f917-5f31-19d23dbc68a3,273383170,2026-08-25 00:00:00+00:00,0.0012740341684739412
gfw:7fd072328-8103-79d2-3be3-570aa1c44166,7fd072328-8103-79d2-3be3-570aa1c44166,273436210,2026-08-25 00:00:00+00:00,0.0012728201542879039
gfw:396ced7db-b6d0-2f7b-f8d3-969bc8465541,396ced7db-b6d0-2f7b-f8d3-969bc8465541,209764000,2026-08-25 00:00:00+00:00,0.0012718702582256386
gfw:dd4b26b9c-cea5-f9d5-6825-fecf501fc31d,dd4b26b9c-cea5-f9d5-6825-fecf501fc31d,255915953,2026-08-25 00:00:00+00:00,0.0012699356266815673
gfw:da62494ab-b8a4-4661-bcaa-b3b96ccacdf0,da62494ab-b8a4-4661-bcaa-b3b96ccacdf0,273213500,2026-08-25 00:00:00+00:00,0.0012682394902996713
gfw:d8041ebbb-b40a-fab3-a768-e673e20d12c2,d8041ebbb-b40a-fab3-a768-e673e20d12c2,273612360,2026-08-25 00:00:00+00:00,0.0012672774714428678
gfw:55a609974-4d8d-6b0e-b85a-19fb89febc28,55a609974-4d8d-6b0e-b85a-19fb89febc28,205168000,2026-08-25 00:00:00+00:00,0.001264811255571167
gfw:a1032d585-5b1a-8f25-60d1-ee0a95fc44c6,a1032d585-5b1a-8f25-60d1-ee0a95fc44c6,352004452,2026-08-25 00:00:00+00:00,0.0012646101611738338
gfw:bb2845ac8-8713-fafb-e010-b611c1ed8523,bb2845ac8-8713-fafb-e010-b611c1ed8523,538012973,2026-08-25 00:00:00+00:00,0.0012645518012860963
gfw:b3b3df95a-aceb-619e-e63a-0025625dc553,b3b3df95a-aceb-619e-e63a-0025625dc553,273265220,2026-08-25 00:00:00+00:00,0.0012641319834465318
gfw:ea8eba9ec-cd89-949c-0fab-8acc38f58924,ea8eba9ec-cd89-949c-0fab-8acc38f58924,354506000,2026-08-25 00:00:00+00:00,0.0012626377741617736
gfw:b819de3df-ff91-7671-52e1-4eb339ec0c55,b819de3df-ff91-7671-52e1-4eb339ec0c55,273295890,2026-08-25 00:00:00+00:00,0.001261601738007793
gfw:d020ef1f3-3377-5caa-8d47-11f87dee1199,d020ef1f3-3377-5caa-8d47-11f87dee1199,273331980,2026-08-25 00:00:00+00:00,0.0012615857039110412
gfw:6a9107b63-3bc2-98fd-9507-d04d7d338951,6a9107b63-3bc2-98fd-9507-d04d7d338951,273322990,2026-08-25 00:00:00+00:00,0.0012608578763105254
gfw:62a772a4e-eee8-ff14-9f3c-4f1bc0b5f1ae,62a772a4e-eee8-ff14-9f3c-4f1bc0b5f1ae,273419570,2026-08-25 00:00:00+00:00,0.0012599861423189186
gfw:1149fa2f0-0740-7bc9-0d66-c05a7c252aa9,1149fa2f0-0740-7bc9-0d66-c05a7c252aa9,273455490,2026-08-25 00:00:00+00:00,0.0012577911456527454
gfw:627611a78-88de-071f-538a-137337dc0d7d,627611a78-88de-071f-538a-137337dc0d7d,248716000,2026-08-25 00:00:00+00:00,0.001255748903085905
gfw:4b46c61be-e4ff-2c72-ee8f-f87fce4053b4,4b46c61be-e4ff-2c72-ee8f-f87fce4053b4,511101358,2026-08-25 00:00:00+00:00,0.0012556348335031385
gfw:ff2428557-7110-cdcb-4024-9fdd8eb454d1,ff2428557-7110-cdcb-4024-9fdd8eb454d1,636015954,2026-08-25 00:00:00+00:00,0.0012531506804589927
gfw:7f5e0ab28-8c70-6914-5d1c-e46b887e65f4,7f5e0ab28-8c70-6914-5d1c-e46b887e65f4,273441920,2026-08-25 00:00:00+00:00,0.0012511675578619867
gfw:03c622a98-81ac-57f3-76ca-b092eb2e54c2,03c622a98-81ac-57f3-76ca-b092eb2e54c2,477345600,2026-08-25 00:00:00+00:00,0.001249156822804242
gfw:8d05088f5-5874-001b-22b2-85279c137b50,8d05088f5-5874-001b-22b2-85279c137b50,273436240,2026-08-25 00:00:00+00:00,0.00124699182140786
gfw:4907e5f72-2f11-73d6-f545-e5c755424fb3,4907e5f72-2f11-73d6-f545-e5c755424fb3,241734000,2026-08-25 00:00:00+00:00,0.0012449325466748148
gfw:7871b8d18-86f7-f09b-db80-d3e54f42ff1d,7871b8d18-86f7-f09b-db80-d3e54f42ff1d,273819710,2026-08-25 00:00:00+00:00,0.0012421568525067684
gfw:e632e3a70-0f0d-d8d7-6015-a81095c869b6,e632e3a70-0f0d-d8d7-6015-a81095c869b6,414564000,2026-08-25 00:00:00+00:00,0.0012421299306573166
gfw:d7aa9da0b-bed3-c183-9dda-fb9a191a09e5,d7aa9da0b-bed3-c183-9dda-fb9a191a09e5,273398650,2026-08-25 00:00:00+00:00,0.0012418841822426263
gfw:9974ce5ef-f005-5b2b-c25d-96ec22026952,9974ce5ef-f005-5b2b-c25d-96ec22026952,273261260,2026-08-25 00:00:00+00:00,0.0012410367663961994
gfw:933b8294d-d233-965a-de92-07956ee9e3f8,933b8294d-d233-965a-de92-07956ee9e3f8,273124720,2026-08-25 00:00:00+00:00,0.0012406620414685233
gfw:32ec11c19-926a-b9ba-3c98-ec2d0f4eb58b,32ec11c19-926a-b9ba-3c98-ec2d0f4eb58b,273132900,2026-08-25 00:00:00+00:00,0.001239934519504678
gfw:68dd31f4e-e78a-ce6b-8076-4cae986028d4,68dd31f4e-e78a-ce6b-8076-4cae986028d4,273826220,2026-08-25 00:00:00+00:00,0.0012397452477163299
gfw:2ac67f133-36c7-5b8c-41b2-f9093be1226b,2ac67f133-36c7-5b8c-41b2-f9093be1226b,273352380,2026-08-25 00:00:00+00:00,0.001237562100226073
gfw:06c967033-3704-cc3a-f8f3-817f8eedc664,06c967033-3704-cc3a-f8f3-817f8eedc664,273360650,2026-08-25 00:00:00+00:00,0.0012353043588580104
gfw:4f628c36f-f98d-3cc1-e9f6-c187cfd15440,4f628c36f-f98d-3cc1-e9f6-c187cfd15440,273390450,2026-08-25 00:00:00+00:00,0.001234282130536693
gfw:38b2b7f5a-a5d1-e554-3835-a1d2671636f7,38b2b7f5a-a5d1-e554-3835-a1d2671636f7,273353850,2026-08-25 00:00:00+00:00,0.0012326696475649364
gfw:f49ec32fa-a943-2436-2f56-414775c1edef,f49ec32fa-a943-2436-2f56-414775c1edef,273392860,2026-08-25 00:00:00+00:00,0.0012326123582019751
gfw:937bcc348-85c8-dc37-fb84-62bffa6c7cd1,937bcc348-85c8-dc37-fb84-62bffa6c7cd1,352004425,2026-08-25 00:00:00+00:00,0.0012323119084151318
gfw:4fa61034c-c271-a4c1-6059-5716b6751e58,4fa61034c-c271-a4c1-6059-5716b6751e58,352002862,2026-08-25 00:00:00+00:00,0.001232242403922966
gfw:b3e35f75c-c25b-b6ab-e653-e8b54db62dd1,b3e35f75c-c25b-b6ab-e653-e8b54db62dd1,273151000,2026-08-25 00:00:00+00:00,0.0012316887610215332
gfw:a9dd4faf1-1f34-dbc3-688d-8ddfb8a9c941,a9dd4faf1-1f34-dbc3-688d-8ddfb8a9c941,215554000,2026-08-25 00:00:00+00:00,0.0012302319521818076
gfw:274f1115d-d0a3-3da2-1f61-e05a6e917863,274f1115d-d0a3-3da2-1f61-e05a6e917863,211446030,2026-08-25 00:00:00+00:00,0.0012266634060884637
gfw:ff3fda32f-f9ce-45a1-c89c-fdb1bf21f4a4,ff3fda32f-f9ce-45a1-c89c-fdb1bf21f4a4,636092984,2026-08-25 00:00:00+00:00,0.0012266003926057715
gfw:b9eb163da-a411-c670-1919-bb0786190dd7,b9eb163da-a411-c670-1919-bb0786190dd7,273446890,2026-08-25 00:00:00+00:00,0.0012264446099243887
gfw:1d284ea25-5e34-162b-3934-316434291b9a,1d284ea25-5e34-162b-3934-316434291b9a,273425230,2026-08-25 00:00:00+00:00,0.0012240642328673384
gfw:dad6c57e0-0d4d-5cea-972c-faade3e1227c,dad6c57e0-0d4d-5cea-972c-faade3e1227c,477990800,2026-08-25 00:00:00+00:00,0.0012211808124063135
gfw:1b3ece0f9-92ea-e8a3-9d84-f0e39116a9b4,1b3ece0f9-92ea-e8a3-9d84-f0e39116a9b4,357949000,2026-08-25 00:00:00+00:00,0.0012202103509970552
gfw:0c5145677-7ccd-79f4-2214-960d3e7cb4a2,0c5145677-7ccd-79f4-2214-960d3e7cb4a2,273385170,2026-08-25 00:00:00+00:00,0.0012176062397084941
gfw:ec9e6de82-2540-1570-52ba-e3af254a7a13,ec9e6de82-2540-1570-52ba-e3af254a7a13,565887000,2026-08-25 00:00:00+00:00,0.0012150397666503714
gfw:bdb048c0e-e88c-368d-77a4-d826ca839fed,bdb048c0e-e88c-368d-77a4-d826ca839fed,273554600,2026-08-25 00:00:00+00:00,0.001214948790934512
gfw:f8a37565a-a8c8-e268-a388-eebdb8d0e92a,f8a37565a-a8c8-e268-a388-eebdb8d0e92a,273351500,2026-08-25 00:00:00+00:00,0.0012145965248597367
gfw:d9cb03924-4990-e3ee-7dfe-a8456b1f1b17,d9cb03924-4990-e3ee-7dfe-a8456b1f1b17,273351770,2026-08-25 00:00:00+00:00,0.0012128474134955444
gfw:7ab188e57-73a0-1619-3580-cc30593e409a,7ab188e57-73a0-1619-3580-cc30593e409a,273438230,2026-08-25 00:00:00+00:00,0.001212814035622519
gfw:a2ee35539-95e4-5b4f-d92e-bc9f16a1c9ac,a2ee35539-95e4-5b4f-d92e-bc9f16a1c9ac,273811060,2026-08-25 00:00:00+00:00,0.0012117115623897935
gfw:f4eb43c99-939d-2a77-5074-d4e046ae5dfc,f4eb43c99-939d-2a77-5074-d4e046ae5dfc,273392340,2026-08-25 00:00:00+00:00,0.0012116540162496812
gfw:7d4e5cfc9-9ea2-5b02-71ad-02df19a87df0,7d4e5cfc9-9ea2-5b02-71ad-02df19a87df0,273815610,2026-08-25 00:00:00+00:00,0.0012114058469491812
gfw:793edba16-6fb3-9b31-f018-9c7cb6b48a48,793edba16-6fb3-9b31-f018-9c7cb6b48a48,273296620,2026-08-25 00:00:00+00:00,0.0012093569271989678
gfw:504082498-8810-777f-6b94-d3e6fab2845f,504082498-8810-777f-6b94-d3e6fab2845f,273419360,2026-08-25 00:00:00+00:00,0.0012080668557950057
gfw:93ba63ed7-7ed0-e49b-9bab-6736c4d9308a,93ba63ed7-7ed0-e49b-9bab-6736c4d9308a,273358980,2026-08-25 00:00:00+00:00,0.0012061330361355781
gfw:e68991adb-b396-1952-bbd4-d6c063d25880,e68991adb-b396-1952-bbd4-d6c063d25880,273351900,2026-08-25 00:00:00+00:00,0.0012060087876448174
gfw:159c06fd4-4ef2-9bf6-8407-c078d29bdd88,159c06fd4-4ef2-9bf6-8407-c078d29bdd88,273420750,2026-08-25 00:00:00+00:00,0.0012056787030031582
gfw:c9f761305-5e02-e71a-76c5-1a1a3e65f97e,c9f761305-5e02-e71a-76c5-1a1a3e65f97e,352006358,2026-08-25 00:00:00+00:00,0.0012052563200901781
gfw:b8f882a25-51f8-1119-1a87-58da8068d1b0,b8f882a25-51f8-1119-1a87-58da8068d1b0,667001512,2026-08-25 00:00:00+00:00,0.0012051829920953392
gfw:96438c8f5-5850-97fd-87bc-4f3945fabfcd,96438c8f5-5850-97fd-87bc-4f3945fabfcd,273148310,2026-08-25 00:00:00+00:00,0.0012026312359921384
gfw:ddcca6fb9-98fc-155a-99b7-8b0d7ebc6628,ddcca6fb9-98fc-155a-99b7-8b0d7ebc6628,241714000,2026-08-25 00:00:00+00:00,0.0012024640384237343
gfw:03c4f5b17-7816-207f-1848-d1fc7c196122,03c4f5b17-7816-207f-1848-d1fc7c196122,273443750,2026-08-25 00:00:00+00:00,0.0012000553936441698
gfw:30244edc6-66d3-6527-cbf9-beffc2414a5e,30244edc6-66d3-6527-cbf9-beffc2414a5e,413409620,2026-08-25 00:00:00+00:00,0.0011974594136653547
gfw:2c3531240-0f03-a984-8b01-7ed437dcc7ef,2c3531240-0f03-a984-8b01-7ed437dcc7ef,273266240,2026-08-25 00:00:00+00:00,0.0011968614320598697
gfw:8fdac47df-f663-5f1b-8dd4-53966e4d1b0a,8fdac47df-f663-5f1b-8dd4-53966e4d1b0a,273270650,2026-08-25 00:00:00+00:00,0.001196651142203206
gfw:bb17f6af0-0c4b-7e1b-919a-e81e90b3f6e1,bb17f6af0-0c4b-7e1b-919a-e81e90b3f6e1,477637600,2026-08-25 00:00:00+00:00,0.0011946472319389286
gfw:8fe01201a-ad69-bbb6-bae6-24411b50a7e5,8fe01201a-ad69-bbb6-bae6-24411b50a7e5,273348700,2026-08-25 00:00:00+00:00,0.0011936418206798117
gfw:d98c7a246-680e-b9f7-d501-1d8982c6aa26,d98c7a246-680e-b9f7-d501-1d8982c6aa26,352986199,2026-08-25 00:00:00+00:00,0.00119249131731571
gfw:1bf14f613-3484-5461-41a5-384bdbbf561c,1bf14f613-3484-5461-41a5-384bdbbf561c,273453080,2026-08-25 00:00:00+00:00,0.0011919652228755395
gfw:7e54a4615-5767-8e06-ec47-46f57406a82c,7e54a4615-5767-8e06-ec47-46f57406a82c,273254860,2026-08-25 00:00:00+00:00,0.0011901221607007035
gfw:66593a60a-a8f5-2aff-85cf-197a9026d13b,66593a60a-a8f5-2aff-85cf-197a9026d13b,273846720,2026-08-25 00:00:00+00:00,0.001189334899313511
gfw:c31bcbff1-1071-c6d3-ee67-454421c37410,c31bcbff1-1071-c6d3-ee67-454421c37410,273293420,2026-08-25 00:00:00+00:00,0.001187484806456078
gfw:8780fa142-2da6-fa19-9438-c15089988f50,8780fa142-2da6-fa19-9438-c15089988f50,9132751,2026-08-25 00:00:00+00:00,0.0011868576081688535
gfw:4fc31e22c-c5b2-a342-dec2-d3ed126e556e,4fc31e22c-c5b2-a342-dec2-d3ed126e556e,273266690,2026-08-25 00:00:00+00:00,0.0011868465650461692
gfw:7186cd8d8-8bbd-ab71-df09-5749bfd8d29e,7186cd8d8-8bbd-ab71-df09-5749bfd8d29e,273434750,2026-08-25 00:00:00+00:00,0.0011857685072344307
gfw:9ddd10c91-17f1-42aa-9e95-55d024758d1a,9ddd10c91-17f1-42aa-9e95-55d024758d1a,273246800,2026-08-25 00:00:00+00:00,0.0011846435858953468
gfw:6850e6c44-4d2a-8ad4-b87a-bc2e2ccfdda2,6850e6c44-4d2a-8ad4-b87a-bc2e2ccfdda2,273257420,2026-08-25 00:00:00+00:00,0.0011821520871503584
gfw:bd6932e7d-d00a-3c48-c411-54bae8785829,bd6932e7d-d00a-3c48-c411-54bae8785829,273611590,2026-08-25 00:00:00+00:00,0.0011817619333050013
gfw:21e018e16-6e5f-4440-0250-9e7d9bb82bc8,21e018e16-6e5f-4440-0250-9e7d9bb82bc8,273438740,2026-08-25 00:00:00+00:00,0.0011791312095148835
gfw:0e588bd07-7b7b-c5da-9300-4b1a049feb26,0e588bd07-7b7b-c5da-9300-4b1a049feb26,636093023,2026-08-25 00:00:00+00:00,0.0011778148633519027
gfw:a8ba10625-5c0a-a715-aeb1-b3b653ecdb1b,a8ba10625-5c0a-a715-aeb1-b3b653ecdb1b,273292410,2026-08-25 00:00:00+00:00,0.0011777256729157994
gfw:258ebeca7-72f4-3809-476c-b0dc311f67bd,258ebeca7-72f4-3809-476c-b0dc311f67bd,273290390,2026-08-25 00:00:00+00:00,0.0011750590599705968
gfw:eb5532132-2756-a36e-3512-d18a9f900cc1,eb5532132-2756-a36e-3512-d18a9f900cc1,414238000,2026-08-25 00:00:00+00:00,0.0011723286901003474
gfw:6df395195-5025-31f7-429a-74cb94e9d08b,6df395195-5025-31f7-429a-74cb94e9d08b,273258760,2026-08-25 00:00:00+00:00,0.0011713058976035213
gfw:b5802d8b0-02d4-b402-8702-aecfc3b992ad,b5802d8b0-02d4-b402-8702-aecfc3b992ad,577746000,2026-08-25 00:00:00+00:00,0.0011707865029559276
gfw:16c988450-0ca1-5e25-3f39-6b269b4b22d2,16c988450-0ca1-5e25-3f39-6b269b4b22d2,273293870,2026-08-25 00:00:00+00:00,0.001169423703282681
gfw:160f57682-2b98-2c48-41bd-2b108a9154d9,160f57682-2b98-2c48-41bd-2b108a9154d9,477854200,2026-08-25 00:00:00+00:00,0.0011689897843542608
gfw:182f5cc4d-d0e6-8f6d-3ad3-c0bf00255144,182f5cc4d-d0e6-8f6d-3ad3-c0bf00255144,273279370,2026-08-25 00:00:00+00:00,0.0011669064486891985
gfw:f15b2e44a-a61d-f757-1ede-e73e74dd09fe,f15b2e44a-a61d-f757-1ede-e73e74dd09fe,352004319,2026-08-25 00:00:00+00:00,0.0011662608872418077
gfw:41603e350-0525-01e9-6328-afbf0d180f62,41603e350-0525-01e9-6328-afbf0d180f62,414604000,2026-08-25 00:00:00+00:00,0.001166123410258859
gfw:c476ad5b2-2d7c-58ff-fe66-50acb6b45cfb,c476ad5b2-2d7c-58ff-fe66-50acb6b45cfb,311000382,2026-08-25 00:00:00+00:00,0.001164475565580627
gfw:ee9ae5bdf-f2c7-1ec6-521e-8d496e7d737c,ee9ae5bdf-f2c7-1ec6-521e-8d496e7d737c,273384760,2026-08-25 00:00:00+00:00,0.0011633340962630535
gfw:8626d45ab-b75d-3cf5-894e-b7454c4b2e9b,8626d45ab-b75d-3cf5-894e-b7454c4b2e9b,273292090,2026-08-25 00:00:00+00:00,0.0011628107118828133
gfw:e8529baa6-6e65-6813-a6c8-e9f6cab0afed,e8529baa6-6e65-6813-a6c8-e9f6cab0afed,273897500,2026-08-25 00:00:00+00:00,0.0011626888515417187
gfw:8d3c61c0a-a193-790a-035b-b83459130576,8d3c61c0a-a193-790a-035b-b83459130576,373771000,2026-08-25 00:00:00+00:00,0.001161505095914175
gfw:067ec7e95-5b71-1beb-ab17-2b62f0b9b26b,067ec7e95-5b71-1beb-ab17-2b62f0b9b26b,636014887,2026-08-25 00:00:00+00:00,0.001160918308962934
gfw:1eee7690e-ebde-4860-8a64-8b0b624a2396,1eee7690e-ebde-4860-8a64-8b0b624a2396,636016430,2026-08-25 00:00:00+00:00,0.0011594758427870538
gfw:3be076408-8236-331e-b0cb-3c9a4d5dd102,3be076408-8236-331e-b0cb-3c9a4d5dd102,273849800,2026-08-25 00:00:00+00:00,0.001159307691606412
gfw:322ceb791-157d-3d5b-a567-137e6711113d,322ceb791-157d-3d5b-a567-137e6711113d,273418680,2026-08-25 00:00:00+00:00,0.0011586459963963834
gfw:b552bc85e-ea6c-77de-a0ff-19cc1b9c6191,b552bc85e-ea6c-77de-a0ff-19cc1b9c6191,273430760,2026-08-25 00:00:00+00:00,0.0011585156404796042
gfw:1c0c16f47-7ac8-eb4e-f5bd-79ffb9a37978,1c0c16f47-7ac8-eb4e-f5bd-79ffb9a37978,273848100,2026-08-25 00:00:00+00:00,0.001157219720796447
gfw:5b7c39d26-66c6-8c24-19ad-f848ca4116d5,5b7c39d26-66c6-8c24-19ad-f848ca4116d5,273120510,2026-08-25 00:00:00+00:00,0.0011569183062166753
gfw:f196731d6-6e67-e980-5e33-37bb47ee97fb,f196731d6-6e67-e980-5e33-37bb47ee97fb,273610340,2026-08-25 00:00:00+00:00,0.0011551246109818662
gfw:fb0f02856-66b3-f7cd-d5f9-535338c1ac0b,fb0f02856-66b3-f7cd-d5f9-535338c1ac0b,273310240,2026-08-25 00:00:00+00:00,0.001154755305865679
gfw:0016fa7af-f84e-7b97-1e00-d211c505e38e,0016fa7af-f84e-7b97-1e00-d211c505e38e,273299250,2026-08-25 00:00:00+00:00,0.0011532224178966493
gfw:540ee6fe7-714f-75c2-0e71-3c78696b1f06,540ee6fe7-714f-75c2-0e71-3c78696b1f06,636024311,2026-08-25 00:00:00+00:00,0.0011532035315779418
gfw:6229e67bb-b0ec-d13f-1709-dda48c143de6,6229e67bb-b0ec-d13f-1709-dda48c143de6,441265000,2026-08-25 00:00:00+00:00,0.0011522931147047797
gfw:af8ed695a-acc4-809c-aa1d-2f4ee3279447,af8ed695a-acc4-809c-aa1d-2f4ee3279447,620800476,2026-08-25 00:00:00+00:00,0.001149715131593707
gfw:35933b09a-af86-1d34-711e-53b42b590132,35933b09a-af86-1d34-711e-53b42b590132,538009446,2026-08-25 00:00:00+00:00,0.0011472328558699684
gfw:bcef4574e-ed76-7842-d262-82f80c2e7e0c,bcef4574e-ed76-7842-d262-82f80c2e7e0c,273215320,2026-08-25 00:00:00+00:00,0.0011455913065167998
gfw:f1a16a90a-afb1-8907-96ee-e9f5d91d2fce,f1a16a90a-afb1-8907-96ee-e9f5d91d2fce,273618110,2026-08-25 00:00:00+00:00,0.0011450446663464693
gfw:9ffffa6a1-1d23-becb-3490-b7f42ca68453,9ffffa6a1-1d23-becb-3490-b7f42ca68453,212770000,2026-08-25 00:00:00+00:00,0.0011444620148166667
gfw:d4f63af0b-b4a6-2b34-3d19-322ef6ab97ab,d4f63af0b-b4a6-2b34-3d19-322ef6ab97ab,440790000,2026-08-25 00:00:00+00:00,0.0011436748762746936
gfw:281b66370-0aa7-a5d6-dda8-7b9d028ba1e5,281b66370-0aa7-a5d6-dda8-7b9d028ba1e5,441690000,2026-08-25 00:00:00+00:00,0.0011421327498710267
gfw:ce22a5caf-f76f-3c5c-3d30-bda7d479dd00,ce22a5caf-f76f-3c5c-3d30-bda7d479dd00,273431020,2026-08-25 00:00:00+00:00,0.0011413596942347083
gfw:f38f22e23-33c5-3643-76da-9e4f3e481285,f38f22e23-33c5-3643-76da-9e4f3e481285,273431530,2026-08-25 00:00:00+00:00,0.001141019489135083
gfw:aebd3573d-dc7c-2fac-40cb-56366e8feadb,aebd3573d-dc7c-2fac-40cb-56366e8feadb,273291510,2026-08-25 00:00:00+00:00,0.0011402659588337133
gfw:96431f4de-e325-9194-6b47-9425cadb966d,96431f4de-e325-9194-6b47-9425cadb966d,668116425,2026-08-25 00:00:00+00:00,0.0011388608608944959
gfw:3b58b61e8-8aa2-b0db-1fbf-131ea052f401,3b58b61e8-8aa2-b0db-1fbf-131ea052f401,273399670,2026-08-25 00:00:00+00:00,0.0011374890061380332
gfw:03b53f402-25d3-220a-bcba-725e7991dcf2,03b53f402-25d3-220a-bcba-725e7991dcf2,273292120,2026-08-25 00:00:00+00:00,0.0011366341302672487
gfw:cfc913595-5e47-b313-54a1-99f6f6ff318b,cfc913595-5e47-b313-54a1-99f6f6ff318b,273398360,2026-08-25 00:00:00+00:00,0.0011363735762714077
gfw:5fa5173d3-3401-a969-0bbb-85ae4562c928,5fa5173d3-3401-a969-0bbb-85ae4562c928,352005837,2026-08-25 00:00:00+00:00,0.0011358845564163002
gfw:bf21fc77d-d6e7-f9b0-27c3-545befc15940,bf21fc77d-d6e7-f9b0-27c3-545befc15940,273614950,2026-08-25 00:00:00+00:00,0.0011326123615870618
gfw:57c9fc9cc-c05f-65c0-24d7-904a4d3be92c,57c9fc9cc-c05f-65c0-24d7-904a4d3be92c,249740000,2026-08-25 00:00:00+00:00,0.0011318091499024781
gfw:9cfd0a465-506d-5be8-f353-91260aed83a6,9cfd0a465-506d-5be8-f353-91260aed83a6,244830818,2026-08-25 00:00:00+00:00,0.001130843818293966
gfw:f8ae6d3d1-1b2d-693e-fefc-04d528419e36,f8ae6d3d1-1b2d-693e-fefc-04d528419e36,255806095,2026-08-25 00:00:00+00:00,0.0011295385335701469
gfw:0b811abad-d586-de5f-4a87-4f3a88f977be,0b811abad-d586-de5f-4a87-4f3a88f977be,273840910,2026-08-25 00:00:00+00:00,0.0011283145338208786
gfw:fa102851e-eacd-77d4-9e82-7dcac3b14d34,fa102851e-eacd-77d4-9e82-7dcac3b14d34,273843700,2026-08-25 00:00:00+00:00,0.001128007819216935
gfw:6313b7b5a-a8fb-0bba-f8ce-7f9e64a07004,6313b7b5a-a8fb-0bba-f8ce-7f9e64a07004,511101987,2026-08-25 00:00:00+00:00,0.0011271959620851775
gfw:e60f4b8ea-a6a8-d4b3-0c3e-2bad84a17b83,e60f4b8ea-a6a8-d4b3-0c3e-2bad84a17b83,477136800,2026-08-25 00:00:00+00:00,0.0011244115955092125
gfw:e88ab0896-6335-123e-2580-7c91877b9db5,e88ab0896-6335-123e-2580-7c91877b9db5,241830000,2026-08-25 00:00:00+00:00,0.0011226459149298088
gfw:ac2326df6-6dfb-a953-e897-76ff1901f99a,ac2326df6-6dfb-a953-e897-76ff1901f99a,273213710,2026-08-25 00:00:00+00:00,0.0011224145579826089
gfw:0f61a34dd-dca8-e783-ae82-6b3db538427d,0f61a34dd-dca8-e783-ae82-6b3db538427d,273215390,2026-08-25 00:00:00+00:00,0.0011222342655331703
gfw:64805fc02-2a88-1770-8075-4c84f5d3f37b,64805fc02-2a88-1770-8075-4c84f5d3f37b,636023060,2026-08-25 00:00:00+00:00,0.0011205878876177483
gfw:6182cc0c7-715e-c596-fc05-df74892f6975,6182cc0c7-715e-c596-fc05-df74892f6975,352005654,2026-08-25 00:00:00+00:00,0.0011204805740500285
gfw:15eb50ee5-5536-c7ee-70d4-3332cf5da590,15eb50ee5-5536-c7ee-70d4-3332cf5da590,273293380,2026-08-25 00:00:00+00:00,0.0011182692719528895
gfw:6cbb3b82f-fe62-e7c0-82fe-fdae94b488ae,6cbb3b82f-fe62-e7c0-82fe-fdae94b488ae,260300100,2026-08-25 00:00:00+00:00,0.001117038438961062
gfw:8101941a9-9efd-90eb-8db4-f6caf37fa27c,8101941a9-9efd-90eb-8db4-f6caf37fa27c,371977000,2026-08-25 00:00:00+00:00,0.0011170083763622637
gfw:dabbfcccd-d010-b32d-5100-54c1c0911547,dabbfcccd-d010-b32d-5100-54c1c0911547,273897410,2026-08-25 00:00:00+00:00,0.0011168312768645762
gfw:af795ce43-34f4-4580-61a7-0bcec5bb5932,af795ce43-34f4-4580-61a7-0bcec5bb5932,636018554,2026-08-25 00:00:00+00:00,0.001112241363312457
gfw:d23d4c145-5925-aef0-2580-1e1c9fffaab6,d23d4c145-5925-aef0-2580-1e1c9fffaab6,273354130,2026-08-25 00:00:00+00:00,0.0011111493360434078
gfw:528376eff-f790-ddac-98c7-2ae07b836c6e,528376eff-f790-ddac-98c7-2ae07b836c6e,273299990,2026-08-25 00:00:00+00:00,0.0011102383482759273
gfw:fc637a220-0bf1-38ea-d026-f93b04860854,fc637a220-0bf1-38ea-d026-f93b04860854,273458500,2026-08-25 00:00:00+00:00,0.0011100902242169172
gfw:c329e86bc-c8f1-37f7-bdd5-159f325c973e,c329e86bc-c8f1-37f7-bdd5-159f325c973e,352004964,2026-08-25 00:00:00+00:00,0.0011093352558568133
gfw:30e0a6caf-f4e1-58bc-570e-d97cb48918eb,30e0a6caf-f4e1-58bc-570e-d97cb48918eb,273896000,2026-08-25 00:00:00+00:00,0.0011056286195584067
gfw:1e056e5c3-354a-1e74-ebe8-f678926e23f1,1e056e5c3-354a-1e74-ebe8-f678926e23f1,273610140,2026-08-25 00:00:00+00:00,0.001105485590312628
gfw:4d76a00b8-8b2f-22fd-b0cc-cf43c29c94be,4d76a00b8-8b2f-22fd-b0cc-cf43c29c94be,636015496,2026-08-25 00:00:00+00:00,0.0011041315645576061
gfw:238953d02-29cb-a37c-dcec-8bee0b96804d,238953d02-29cb-a37c-dcec-8bee0b96804d,357076000,2026-08-25 00:00:00+00:00,0.0011035031426358042
gfw:43663694e-ede3-2e29-e8d1-b27d830d0e5b,43663694e-ede3-2e29-e8d1-b27d830d0e5b,273822210,2026-08-25 00:00:00+00:00,0.0011029509629474268
gfw:305145b86-6128-7819-9d9a-f1546d63b5d5,305145b86-6128-7819-9d9a-f1546d63b5d5,273332330,2026-08-25 00:00:00+00:00,0.0011023375981436387
gfw:5a9be03a8-8187-5032-1546-1cf304ee3dd5,5a9be03a8-8187-5032-1546-1cf304ee3dd5,273894710,2026-08-25 00:00:00+00:00,0.001102254643157337
gfw:3df38ffdf-fa93-130e-87ce-7ff235330c4c,3df38ffdf-fa93-130e-87ce-7ff235330c4c,305373000,2026-08-25 00:00:00+00:00,0.0011001524631755381
gfw:b66ab166b-b9b2-7864-4fee-8f2ab2dc3214,b66ab166b-b9b2-7864-4fee-8f2ab2dc3214,273391950,2026-08-25 00:00:00+00:00,0.0010988909177878034
gfw:252ee825d-d115-06ee-5877-6f3b910a0590,252ee825d-d115-06ee-5877-6f3b910a0590,538009101,2026-08-25 00:00:00+00:00,0.0010987773173169349
gfw:5103fc6ce-e677-4414-d8b1-e176b3b4bebf,5103fc6ce-e677-4414-d8b1-e176b3b4bebf,273212150,2026-08-25 00:00:00+00:00,0.0010982621306397766
gfw:96e29d073-3c8c-d294-2e48-ecf68de71647,96e29d073-3c8c-d294-2e48-ecf68de71647,273450550,2026-08-25 00:00:00+00:00,0.0010970723177209868
gfw:7190e536a-aed7-2a85-f2ff-b39eee364be9,7190e536a-aed7-2a85-f2ff-b39eee364be9,273001248,2026-08-25 00:00:00+00:00,0.0010968763637477948
gfw:66528a519-99ee-ca48-39b5-e70310dd2bc5,66528a519-99ee-ca48-39b5-e70310dd2bc5,477948600,2026-08-25 00:00:00+00:00,0.001096123885083767
gfw:98b6a21b0-0499-104d-636d-633e9059c259,98b6a21b0-0499-104d-636d-633e9059c259,273398690,2026-08-25 00:00:00+00:00,0.001095421993730941
gfw:3b54d53fb-bb92-568f-a324-736aea6825a9,3b54d53fb-bb92-568f-a324-736aea6825a9,677057900,2026-08-25 00:00:00+00:00,0.001094867088272687
gfw:4a7eb2e99-96d3-4ca3-5618-1cb217e29aed,4a7eb2e99-96d3-4ca3-5618-1cb217e29aed,352002830,2026-08-25 00:00:00+00:00,0.0010945215708353876
gfw:197bb9d80-00fb-17f6-641c-e21e34b6791e,197bb9d80-00fb-17f6-641c-e21e34b6791e,477228700,2026-08-25 00:00:00+00:00,0.0010944214442779089
gfw:d1693fe38-8f0a-f3ef-761f-3349196e783e,d1693fe38-8f0a-f3ef-761f-3349196e783e,273210650,2026-08-25 00:00:00+00:00,0.0010937704941461903
gfw:5bb91abb2-2be9-d52c-dff5-3173304ea6e1,5bb91abb2-2be9-d52c-dff5-3173304ea6e1,273277940,2026-08-25 00:00:00+00:00,0.0010936200854569568
gfw:eff28efbd-d882-8555-9fbb-caff384b29fe,eff28efbd-d882-8555-9fbb-caff384b29fe,273350810,2026-08-25 00:00:00+00:00,0.0010927708754068094
gfw:cbbedb272-2aff-2f79-94f2-228bc8348408,cbbedb272-2aff-2f79-94f2-228bc8348408,273457310,2026-08-25 00:00:00+00:00,0.0010916531442341636
gfw:51636ae0a-a658-4b40-c954-fe7a2ec7df72,51636ae0a-a658-4b40-c954-fe7a2ec7df72,273358420,2026-08-25 00:00:00+00:00,0.0010914927237378965
gfw:a752aa32d-dc88-5f0e-3ab2-d2b3a5aafa79,a752aa32d-dc88-5f0e-3ab2-d2b3a5aafa79,249990000,2026-08-25 00:00:00+00:00,0.0010884208985903808
gfw:d9480a3e0-0040-ab55-98b8-37f1eb06d44f,d9480a3e0-0040-ab55-98b8-37f1eb06d44f,273421600,2026-08-25 00:00:00+00:00,0.0010879977213681185
gfw:274620016-6683-08c9-4cf4-11b0b328a62a,274620016-6683-08c9-4cf4-11b0b328a62a,273526700,2026-08-25 00:00:00+00:00,0.001086853670171217
gfw:da2044b40-0dbd-1195-7203-d5aee1438e3b,da2044b40-0dbd-1195-7203-d5aee1438e3b,667001236,2026-08-25 00:00:00+00:00,0.0010861151747874852
gfw:0713699e6-6f79-078e-7be6-43065de54c12,0713699e6-6f79-078e-7be6-43065de54c12,273373020,2026-08-25 00:00:00+00:00,0.0010860207118765504
gfw:fe9b0337e-e18d-0817-f74a-0fa9a4864a2a,fe9b0337e-e18d-0817-f74a-0fa9a4864a2a,273845800,2026-08-25 00:00:00+00:00,0.0010855976130057035
gfw:c8d92a076-6719-cbae-913e-b99bcc218a5c,c8d92a076-6719-cbae-913e-b99bcc218a5c,273219590,2026-08-25 00:00:00+00:00,0.0010845120638902058
gfw:440398492-25cf-f167-6875-728e7ee09909,440398492-25cf-f167-6875-728e7ee09909,273251810,2026-08-25 00:00:00+00:00,0.001083540651958313
gfw:8a708251a-aada-72d3-3555-e9c9531f5fab,8a708251a-aada-72d3-3555-e9c9531f5fab,273148510,2026-08-25 00:00:00+00:00,0.0010825543847848753
gfw:6da939019-9f12-17fe-0b33-9c19ef2cfbe8,6da939019-9f12-17fe-0b33-9c19ef2cfbe8,273351650,2026-08-25 00:00:00+00:00,0.0010814840398581103
gfw:4d1713a3d-dd9c-114e-29d7-12e54eb8666e,4d1713a3d-dd9c-114e-29d7-12e54eb8666e,311002141,2026-08-25 00:00:00+00:00,0.0010810307077362394
gfw:0df27038a-a8fe-2d38-f587-0070bf2f862a,0df27038a-a8fe-2d38-f587-0070bf2f862a,273411540,2026-08-25 00:00:00+00:00,0.0010809659276527874
gfw:34e41c6b8-8f51-4bea-e66d-0f387b828a2c,34e41c6b8-8f51-4bea-e66d-0f387b828a2c,273446890,2026-08-25 00:00:00+00:00,0.0010809654117510728
gfw:5a0228d28-8454-0433-2b20-5a7279294b73,5a0228d28-8454-0433-2b20-5a7279294b73,613271504,2026-08-25 00:00:00+00:00,0.0010797474487119084
gfw:61a462655-53cc-0caa-41a8-45519e99cced,61a462655-53cc-0caa-41a8-45519e99cced,273611080,2026-08-25 00:00:00+00:00,0.0010797458086412534
gfw:ff528ce3f-f697-6b98-72a3-da6c03ff7734,ff528ce3f-f697-6b98-72a3-da6c03ff7734,9135608,2026-08-25 00:00:00+00:00,0.0010796841006159485
gfw:40b11b75f-fb21-d97f-5994-b01444ac7689,40b11b75f-fb21-d97f-5994-b01444ac7689,273444021,2026-08-25 00:00:00+00:00,0.0010795182624942666
gfw:208f185f4-437b-4143-4dcf-c0c22624a585,208f185f4-437b-4143-4dcf-c0c22624a585,311001914,2026-08-25 00:00:00+00:00,0.0010777983289500428
gfw:5ad83b52a-a0f9-583b-199c-ab1f9c665722,5ad83b52a-a0f9-583b-199c-ab1f9c665722,273293820,2026-08-25 00:00:00+00:00,0.0010773025471021427
gfw:fe885edb2-23bb-b4c1-49c4-6106dc8ef865,fe885edb2-23bb-b4c1-49c4-6106dc8ef865,273254320,2026-08-25 00:00:00+00:00,0.0010772968008143748
gfw:4f53c2e53-33ef-0614-3356-08ab67b0e9e9,4f53c2e53-33ef-0614-3356-08ab67b0e9e9,273299050,2026-08-25 00:00:00+00:00,0.0010768489667775767
gfw:9bac9b774-4772-ad3c-2a92-49031b0c69ec,9bac9b774-4772-ad3c-2a92-49031b0c69ec,273435340,2026-08-25 00:00:00+00:00,0.0010746513539705075
gfw:d28cad281-1526-74c2-ee41-2f361c07ecc1,d28cad281-1526-74c2-ee41-2f361c07ecc1,273821400,2026-08-25 00:00:00+00:00,0.0010740808660294476
gfw:9f98e9cec-cbd4-b635-c8ba-befdbc00f078,9f98e9cec-cbd4-b635-c8ba-befdbc00f078,273430930,2026-08-25 00:00:00+00:00,0.0010737779381384508
gfw:451b4c754-41b4-ef31-4844-2206f9bac184,451b4c754-41b4-ef31-4844-2206f9bac184,273379890,2026-08-25 00:00:00+00:00,0.0010736311214277316
gfw:1d65389a7-7574-2c0a-c4a9-3dd5a8629569,1d65389a7-7574-2c0a-c4a9-3dd5a8629569,525007403,2026-08-25 00:00:00+00:00,0.0010722070345307517
gfw:349ad2efa-add8-c28b-f55e-c59bc55b01ff,349ad2efa-add8-c28b-f55e-c59bc55b01ff,273526300,2026-08-25 00:00:00+00:00,0.0010709191169792614
gfw:afe8ab0ec-c193-5fda-3c8f-46052f519c7b,afe8ab0ec-c193-5fda-3c8f-46052f519c7b,273430900,2026-08-25 00:00:00+00:00,0.001070781632795432
gfw:e504b609c-cfb3-3742-b12c-83d4203480b7,e504b609c-cfb3-3742-b12c-83d4203480b7,371499000,2026-08-25 00:00:00+00:00,0.0010668808661562325
gfw:605f675f0-00e0-013a-4020-aa91a24eef05,605f675f0-00e0-013a-4020-aa91a24eef05,273318040,2026-08-25 00:00:00+00:00,0.0010645251644721871
gfw:d1df97aae-e5fb-904f-3863-94286221a904,d1df97aae-e5fb-904f-3863-94286221a904,273137900,2026-08-25 00:00:00+00:00,0.0010644635652645625
gfw:ebca76505-5ab4-8656-386f-75e3a4635eaf,ebca76505-5ab4-8656-386f-75e3a4635eaf,273448670,2026-08-25 00:00:00+00:00,0.0010643613844761556
gfw:e25a5f5ce-e3ff-98eb-7feb-5edcc8e13752,e25a5f5ce-e3ff-98eb-7feb-5edcc8e13752,273296700,2026-08-25 00:00:00+00:00,0.0010643081953348504
gfw:52d884f98-81f9-2d42-687c-44c6f9718d5c,52d884f98-81f9-2d42-687c-44c6f9718d5c,273430480,2026-08-25 00:00:00+00:00,0.0010629453531846892
gfw:553846c0c-cfad-6917-2056-af43b955f07a,553846c0c-cfad-6917-2056-af43b955f07a,273614470,2026-08-25 00:00:00+00:00,0.001061935639048353
gfw:2721be93b-b77b-4975-f5b8-e8cbc837eb75,2721be93b-b77b-4975-f5b8-e8cbc837eb75,244810209,2026-08-25 00:00:00+00:00,0.0010604657459622499
gfw:ea011b8ea-ae1a-15fc-aa60-f7d63e61bade,ea011b8ea-ae1a-15fc-aa60-f7d63e61bade,273391790,2026-08-25 00:00:00+00:00,0.0010583807114381205
gfw:a9a392f87-7642-f400-d6a0-3cad24808507,a9a392f87-7642-f400-d6a0-3cad24808507,636093394,2026-08-25 00:00:00+00:00,0.0010583730202591865
gfw:03ad8c9c1-16dc-e656-b6cb-cc2d7459fe5b,03ad8c9c1-16dc-e656-b6cb-cc2d7459fe5b,273451840,2026-08-25 00:00:00+00:00,0.0010581180443399744
gfw:a55fd4dbd-d50e-5323-8ce0-e9f8237ce121,a55fd4dbd-d50e-5323-8ce0-e9f8237ce121,273187000,2026-08-25 00:00:00+00:00,0.001055050937309031
gfw:01a4d3a87-7cb3-7257-7c4c-4530b1d40844,01a4d3a87-7cb3-7257-7c4c-4530b1d40844,273122020,2026-08-25 00:00:00+00:00,0.0010550042979907547
gfw:2843ce521-1eb0-d93e-d793-f9d162e0d459,2843ce521-1eb0-d93e-d793-f9d162e0d459,413451590,2026-08-25 00:00:00+00:00,0.0010541254827262823
gfw:a89607421-155c-b70d-cbaa-e55feb19ae84,a89607421-155c-b70d-cbaa-e55feb19ae84,273445680,2026-08-25 00:00:00+00:00,0.0010539163153916625
gfw:2b55c8c3b-bfa5-096e-2b48-326870c5ff94,2b55c8c3b-bfa5-096e-2b48-326870c5ff94,273613930,2026-08-25 00:00:00+00:00,0.0010538742868660565
gfw:cca7dfb4d-d26a-bbf4-c13e-211d148e4f88,cca7dfb4d-d26a-bbf4-c13e-211d148e4f88,273294580,2026-08-25 00:00:00+00:00,0.0010533949328960744
gfw:07b74b0f5-5454-d527-d2fb-1c90ea694f97,07b74b0f5-5454-d527-d2fb-1c90ea694f97,667002372,2026-08-25 00:00:00+00:00,0.001053374851491424
gfw:1bf962091-1edd-fa68-e6e5-c56b70bfccf7,1bf962091-1edd-fa68-e6e5-c56b70bfccf7,636092778,2026-08-25 00:00:00+00:00,0.0010525182786585779
gfw:5b246ffdd-d375-7a16-9597-6459e426b0b8,5b246ffdd-d375-7a16-9597-6459e426b0b8,273397130,2026-08-25 00:00:00+00:00,0.001052377137547652
gfw:6316a157c-c375-6953-4eba-4012e831eeb8,6316a157c-c375-6953-4eba-4012e831eeb8,273845700,2026-08-25 00:00:00+00:00,0.001051802405032346
gfw:34a50ebec-c6a8-36a4-b3c4-d1682d1d742b,34a50ebec-c6a8-36a4-b3c4-d1682d1d742b,636018868,2026-08-25 00:00:00+00:00,0.0010514542475910651
gfw:f5cf24eb2-2307-670c-ff52-f954ff95e988,f5cf24eb2-2307-670c-ff52-f954ff95e988,332009943,2026-08-25 00:00:00+00:00,0.0010514046997850402
gfw:e600ac251-169e-aa61-2ccb-46a412312633,e600ac251-169e-aa61-2ccb-46a412312633,273295610,2026-08-25 00:00:00+00:00,0.0010506496631297866
gfw:f5a60db56-6114-4b31-ec54-7b1bcbf75ed1,f5a60db56-6114-4b31-ec54-7b1bcbf75ed1,273439810,2026-08-25 00:00:00+00:00,0.0010502553738727138
gfw:91b181203-3530-51cc-0549-d1579ab3c52a,91b181203-3530-51cc-0549-d1579ab3c52a,273311140,2026-08-25 00:00:00+00:00,0.0010497790927879356
gfw:f33ad753c-c5a0-70b3-f390-eaa916e3a70e,f33ad753c-c5a0-70b3-f390-eaa916e3a70e,999900514,2026-08-25 00:00:00+00:00,0.0010496648382433708
gfw:0e63f1526-6221-07be-e6ef-c2ad46fe3db1,0e63f1526-6221-07be-e6ef-c2ad46fe3db1,273422800,2026-08-25 00:00:00+00:00,0.0010496301857071705
gfw:74ece6e35-5830-a22d-2a5a-e020ecdd5d0f,74ece6e35-5830-a22d-2a5a-e020ecdd5d0f,273398640,2026-08-25 00:00:00+00:00,0.0010479616265138545
gfw:9437db4b2-274b-7851-0f82-8867c24d1338,9437db4b2-274b-7851-0f82-8867c24d1338,273618350,2026-08-25 00:00:00+00:00,0.0010468025853133083
gfw:628938572-20bb-be37-0ca5-abd8a6375458,628938572-20bb-be37-0ca5-abd8a6375458,538009432,2026-08-25 00:00:00+00:00,0.001046106372143186
gfw:8b1c94f2e-e9a7-92ec-d123-3aac5749ec74,8b1c94f2e-e9a7-92ec-d123-3aac5749ec74,273277750,2026-08-25 00:00:00+00:00,0.0010457636253398306
gfw:285fdedef-f28a-d9f2-4bb1-81189abe977b,285fdedef-f28a-d9f2-4bb1-81189abe977b,273441270,2026-08-25 00:00:00+00:00,0.0010447989863098873
gfw:7cf968b81-1cca-d991-d28f-7802c125c165,7cf968b81-1cca-d991-d28f-7802c125c165,273278070,2026-08-25 00:00:00+00:00,0.0010441717798887942
gfw:fd9e25fd2-2e85-a5b6-98c0-a3d4212f1d6b,fd9e25fd2-2e85-a5b6-98c0-a3d4212f1d6b,273434890,2026-08-25 00:00:00+00:00,0.0010431104105890438
gfw:868713166-6218-2d0b-bfd9-53ea192bcbc2,868713166-6218-2d0b-bfd9-53ea192bcbc2,538011463,2026-08-25 00:00:00+00:00,0.001042205288995051
gfw:3b372b4eb-b712-ea26-d044-d360536ba32e,3b372b4eb-b712-ea26-d044-d360536ba32e,538006378,2026-08-25 00:00:00+00:00,0.0010412233429657454
gfw:995107ce6-640b-889a-b28d-d0260dce9719,995107ce6-640b-889a-b28d-d0260dce9719,414250000,2026-08-25 00:00:00+00:00,0.001040270263619369
gfw:403cb9cc3-3aab-b8c1-0e4d-8bad0c206b5d,403cb9cc3-3aab-b8c1-0e4d-8bad0c206b5d,273298140,2026-08-25 00:00:00+00:00,0.0010386302307056363
gfw:86eca059a-a1c0-46e7-424c-46cf597cfc4c,86eca059a-a1c0-46e7-424c-46cf597cfc4c,273415200,2026-08-25 00:00:00+00:00,0.0010382986981049534
gfw:8401b1dbc-cd74-a30f-cbf8-8b472eb65dce,8401b1dbc-cd74-a30f-cbf8-8b472eb65dce,273435910,2026-08-25 00:00:00+00:00,0.0010372820914023124
gfw:bc9425dc5-5fc0-9293-3fc0-625e24240200,bc9425dc5-5fc0-9293-3fc0-625e24240200,414669000,2026-08-25 00:00:00+00:00,0.0010370360906517692
gfw:b12d3e778-8334-757e-0728-714d8abc5738,b12d3e778-8334-757e-0728-714d8abc5738,273848610,2026-08-25 00:00:00+00:00,0.0010369667952057889
gfw:0b88fad70-069e-a700-2a50-eaa55722947d,0b88fad70-069e-a700-2a50-eaa55722947d,273847420,2026-08-25 00:00:00+00:00,0.0010369332740276867
gfw:c5a38b908-8f40-220b-740d-22543e88540f,c5a38b908-8f40-220b-740d-22543e88540f,273845720,2026-08-25 00:00:00+00:00,0.0010369150392145756
gfw:d3d964d82-2fc4-ee64-c29f-de8b92c16880,d3d964d82-2fc4-ee64-c29f-de8b92c16880,273257440,2026-08-25 00:00:00+00:00,0.0010366188099316309
gfw:c56d4d5e1-1f33-86a1-f390-72ae3e5b4e78,c56d4d5e1-1f33-86a1-f390-72ae3e5b4e78,357173000,2026-08-25 00:00:00+00:00,0.0010364221872248855
gfw:3e25626b9-98aa-ebc7-0215-8a3bf36908c1,3e25626b9-98aa-ebc7-0215-8a3bf36908c1,636011902,2026-08-25 00:00:00+00:00,0.001035731981516433
gfw:94701cfc8-8efe-b704-1078-fc092186d775,94701cfc8-8efe-b704-1078-fc092186d775,477046100,2026-08-25 00:00:00+00:00,0.0010351537584677602
gfw:71c9ddfb0-03b0-e380-ebd4-3811272417ac,71c9ddfb0-03b0-e380-ebd4-3811272417ac,273250780,2026-08-25 00:00:00+00:00,0.001034523153366384
gfw:93905da5b-b379-136f-42d2-db80f3264bdc,93905da5b-b379-136f-42d2-db80f3264bdc,636022597,2026-08-25 00:00:00+00:00,0.001032437192927397
gfw:c9948b2ca-a321-9b3c-5c86-ae717801b9e6,c9948b2ca-a321-9b3c-5c86-ae717801b9e6,273294280,2026-08-25 00:00:00+00:00,0.0010306345609473607
gfw:603c4c42d-d49e-d9f9-b82e-d57e4713c079,603c4c42d-d49e-d9f9-b82e-d57e4713c079,352006078,2026-08-25 00:00:00+00:00,0.001029298576027947
gfw:2e45ce64f-f565-8a0e-ee1e-0b059565e65c,2e45ce64f-f565-8a0e-ee1e-0b059565e65c,412421011,2026-08-25 00:00:00+00:00,0.0010289233259521307
gfw:661884f9c-c3ca-48ed-3ed1-4a49cf70eb73,661884f9c-c3ca-48ed-3ed1-4a49cf70eb73,273387370,2026-08-25 00:00:00+00:00,0.001028188827339694
gfw:21a2eb81b-bd11-e36f-f9f7-f48f1b85028d,21a2eb81b-bd11-e36f-f9f7-f48f1b85028d,314869000,2026-08-25 00:00:00+00:00,0.0010281341767593222
gfw:8839c7c8a-a099-dd51-557c-8f4a9068e044,8839c7c8a-a099-dd51-557c-8f4a9068e044,311002243,2026-08-25 00:00:00+00:00,0.0010266841774626094
gfw:b32f46959-9224-d0a0-517e-ba1c1fd3f39c,b32f46959-9224-d0a0-517e-ba1c1fd3f39c,273439740,2026-08-25 00:00:00+00:00,0.001026055943689686
gfw:eb0c52f57-75e0-cc93-fe12-95cf3af013b5,eb0c52f57-75e0-cc93-fe12-95cf3af013b5,273259920,2026-08-25 00:00:00+00:00,0.0010257580137581158
gfw:e04b18e32-21c9-7ee3-adc6-472d64ff7a91,e04b18e32-21c9-7ee3-adc6-472d64ff7a91,273271930,2026-08-25 00:00:00+00:00,0.0010255701637703056
gfw:4cf8d8742-2fea-4455-c5f7-cc79509da268,4cf8d8742-2fea-4455-c5f7-cc79509da268,273890100,2026-08-25 00:00:00+00:00,0.001024559186822414
gfw:2927450b0-04ed-ebc1-3d0f-0154cd766875,2927450b0-04ed-ebc1-3d0f-0154cd766875,273336820,2026-08-25 00:00:00+00:00,0.00102403770801346
gfw:8c79a9799-963b-d608-1d80-e47b50e1fb6f,8c79a9799-963b-d608-1d80-e47b50e1fb6f,630001320,2026-08-25 00:00:00+00:00,0.0010232809426898848
gfw:4a4030a1d-dc04-5af4-26de-399174889aa5,4a4030a1d-dc04-5af4-26de-399174889aa5,273848210,2026-08-25 00:00:00+00:00,0.0010224836962612856
gfw:add950d75-564c-5ba7-bb0c-50bff028cca6,add950d75-564c-5ba7-bb0c-50bff028cca6,273299680,2026-08-25 00:00:00+00:00,0.001022252136227902
gfw:ed7a013cb-b86c-19e6-194d-ba9ae29b3137,ed7a013cb-b86c-19e6-194d-ba9ae29b3137,273352370,2026-08-25 00:00:00+00:00,0.001022175163356979
gfw:d5e69ef1a-ab87-febc-c4fe-eef3d3787cd7,d5e69ef1a-ab87-febc-c4fe-eef3d3787cd7,630001321,2026-08-25 00:00:00+00:00,0.001020940866892381
gfw:27cc96c99-9c36-6b77-384f-e18d9759a3f8,27cc96c99-9c36-6b77-384f-e18d9759a3f8,538006802,2026-08-25 00:00:00+00:00,0.0010201244229223873
gfw:5b740d0d5-52fd-4bce-dfb2-3ab312aa1b8f,5b740d0d5-52fd-4bce-dfb2-3ab312aa1b8f,311002051,2026-08-25 00:00:00+00:00,0.0010187685280081977
gfw:2f30a5387-72b2-21bd-1841-c1bdee72299c,2f30a5387-72b2-21bd-1841-c1bdee72299c,273312230,2026-08-25 00:00:00+00:00,0.001018355746892157
gfw:903dcec73-3237-3316-8076-5b1571f8c1f3,903dcec73-3237-3316-8076-5b1571f8c1f3,372305000,2026-08-25 00:00:00+00:00,0.0010163800078384925
gfw:31b971aa9-98a7-9b2d-6773-7b671256800e,31b971aa9-98a7-9b2d-6773-7b671256800e,273126620,2026-08-25 00:00:00+00:00,0.0010161263624882306
gfw:cffecfcef-f569-1024-c8e2-996b3fa18d3b,cffecfcef-f569-1024-c8e2-996b3fa18d3b,268260703,2026-08-25 00:00:00+00:00,0.0010155041679463836
gfw:1d74f42bf-f78a-2d60-3056-9de972546ada,1d74f42bf-f78a-2d60-3056-9de972546ada,273355580,2026-08-25 00:00:00+00:00,0.0010154362297933102
gfw:d4e449199-98af-cfb9-abee-4442cd378853,d4e449199-98af-cfb9-abee-4442cd378853,273421500,2026-08-25 00:00:00+00:00,0.0010153971907397566
gfw:31fbdc3df-fd1f-8053-8dd3-e0768f0c1ba7,31fbdc3df-fd1f-8053-8dd3-e0768f0c1ba7,273279950,2026-08-25 00:00:00+00:00,0.0010153261814696524
gfw:982cac93c-ca46-fbcd-b285-d6e25080e396,982cac93c-ca46-fbcd-b285-d6e25080e396,273386130,2026-08-25 00:00:00+00:00,0.0010149318293012713
gfw:25de818b7-7362-4696-8d17-d7a92cead583,25de818b7-7362-4696-8d17-d7a92cead583,538011924,2026-08-25 00:00:00+00:00,0.0010148596172753885
gfw:241e3d4af-fbdf-de7b-4de1-22df372c8fe1,241e3d4af-fbdf-de7b-4de1-22df372c8fe1,273211110,2026-08-25 00:00:00+00:00,0.0010140662086529227
gfw:539edb067-7ce5-55e2-cd8e-d929ee1097d5,539edb067-7ce5-55e2-cd8e-d929ee1097d5,563129700,2026-08-25 00:00:00+00:00,0.0010137909773451576
gfw:5d601c94f-f30c-a339-d6f3-b5793af0775b,5d601c94f-f30c-a339-d6f3-b5793af0775b,273258810,2026-08-25 00:00:00+00:00,0.0010129196289058566
gfw:638158f15-5216-fbe4-cf15-dbbcef528455,638158f15-5216-fbe4-cf15-dbbcef528455,273214410,2026-08-25 00:00:00+00:00,0.001011634816582229
gfw:2f74c3a30-0cc9-2bf8-d19a-9536076b961e,2f74c3a30-0cc9-2bf8-d19a-9536076b961e,304778000,2026-08-25 00:00:00+00:00,0.0010113516431630224
gfw:53df54126-6deb-afff-7f74-962319765955,53df54126-6deb-afff-7f74-962319765955,412439602,2026-08-25 00:00:00+00:00,0.001010868576344211
gfw:11d71e1b6-6112-d3c5-5b8c-089db8c87877,11d71e1b6-6112-d3c5-5b8c-089db8c87877,273431690,2026-08-25 00:00:00+00:00,0.001009773483721581
gfw:ad1704664-42a1-be04-1956-6d70f51afff6,ad1704664-42a1-be04-1956-6d70f51afff6,273352470,2026-08-25 00:00:00+00:00,0.001009302347829293
gfw:0ceabb6e7-7d24-8fc9-1d09-b4eaa8affff6,0ceabb6e7-7d24-8fc9-1d09-b4eaa8affff6,273340630,2026-08-25 00:00:00+00:00,0.001008689806930465
gfw:0fb9c9289-9479-2949-dedb-5d9aa72fe0f3,0fb9c9289-9479-2949-dedb-5d9aa72fe0f3,273613220,2026-08-25 00:00:00+00:00,0.0010082791718230078
gfw:3c1e02348-8141-df65-0d3e-2153aea14bd0,3c1e02348-8141-df65-0d3e-2153aea14bd0,273452640,2026-08-25 00:00:00+00:00,0.0010079805734954264
gfw:97515ad42-2099-3e31-7392-4a12c53eb7c2,97515ad42-2099-3e31-7392-4a12c53eb7c2,273132800,2026-08-25 00:00:00+00:00,0.001007569746453149
gfw:02615c464-4dca-0602-abd0-48c438292b25,02615c464-4dca-0602-abd0-48c438292b25,538005725,2026-08-25 00:00:00+00:00,0.001007290316781792
gfw:1fb98a016-68b9-3a48-b88a-d7985cda9c71,1fb98a016-68b9-3a48-b88a-d7985cda9c71,273352140,2026-08-25 00:00:00+00:00,0.0010071705722119407
gfw:2acb55c88-8835-8f8f-67ef-c7358b976465,2acb55c88-8835-8f8f-67ef-c7358b976465,273300272,2026-08-25 00:00:00+00:00,0.001006930644093241
gfw:0967b5b67-7436-ee9d-5a2a-4faa1f2f6b17,0967b5b67-7436-ee9d-5a2a-4faa1f2f6b17,273341920,2026-08-25 00:00:00+00:00,0.0010069238836568832
gfw:f26f501dd-d4ee-a3a7-af15-8aa546ee8bf9,f26f501dd-d4ee-a3a7-af15-8aa546ee8bf9,341599000,2026-08-25 00:00:00+00:00,0.0010068138813495535
gfw:b1b7412de-e1ae-0dc8-2c41-7f260db40f9f,b1b7412de-e1ae-0dc8-2c41-7f260db40f9f,257312000,2026-08-25 00:00:00+00:00,0.0010050791484667203
gfw:adcb92507-751e-747d-b5d5-1a70ab0797a6,adcb92507-751e-747d-b5d5-1a70ab0797a6,273394950,2026-08-25 00:00:00+00:00,0.0010050638095200168
gfw:6c192cdc5-5e98-a714-9528-3c52ab1186e4,6c192cdc5-5e98-a714-9528-3c52ab1186e4,431450000,2026-08-25 00:00:00+00:00,0.0010021053208571456
gfw:8b0be4dc8-8a46-50ea-96a7-85c45d985f39,8b0be4dc8-8a46-50ea-96a7-85c45d985f39,273292610,2026-08-25 00:00:00+00:00,0.0010013447162751045
gfw:a8d37abee-e649-ed84-cb32-4f3e7cec1264,a8d37abee-e649-ed84-cb32-4f3e7cec1264,241778000,2026-08-25 00:00:00+00:00,0.0010007126557319518
gfw:39011e501-1a59-f8e4-6348-f1f88cc17040,39011e501-1a59-f8e4-6348-f1f88cc17040,273454890,2026-08-25 00:00:00+00:00,0.0010000700465612863
gfw:e3824aaa1-13c5-4031-10db-2c07aeef3609,e3824aaa1-13c5-4031-10db-2c07aeef3609,273299860,2026-08-25 00:00:00+00:00,0.0009987698967243806
gfw:ab4729fa4-47a3-c03f-52a3-a30784cb5dec,ab4729fa4-47a3-c03f-52a3-a30784cb5dec,273332020,2026-08-25 00:00:00+00:00,0.0009980456867854503
gfw:086711d31-139a-e9f5-8b69-e9244a4ba2ac,086711d31-139a-e9f5-8b69-e9244a4ba2ac,273251100,2026-08-25 00:00:00+00:00,0.000997975341013017
gfw:7cf23c5b0-042c-0664-5155-533ace101ce4,7cf23c5b0-042c-0664-5155-533ace101ce4,440686000,2026-08-25 00:00:00+00:00,0.0009973387477480282
gfw:6c1548fb9-9a55-135c-9ac9-ee8df5c42726,6c1548fb9-9a55-135c-9ac9-ee8df5c42726,636022671,2026-08-25 00:00:00+00:00,0.0009969473901748785
gfw:6226bb7a2-268b-8fdb-09bf-3993f298f44c,6226bb7a2-268b-8fdb-09bf-3993f298f44c,999900046,2026-08-25 00:00:00+00:00,0.0009967076062655693
gfw:ae24ba4ad-d5e8-92cb-50ec-de63e2093954,ae24ba4ad-d5e8-92cb-50ec-de63e2093954,671950000,2026-08-25 00:00:00+00:00,0.0009958530670408823
gfw:3e3c09103-329f-0e7f-6dec-a3c1c01134d2,3e3c09103-329f-0e7f-6dec-a3c1c01134d2,273339280,2026-08-25 00:00:00+00:00,0.0009958014115179774
gfw:c1b96f77d-dcd6-cf19-2f5f-ac83871daade,c1b96f77d-dcd6-cf19-2f5f-ac83871daade,273427820,2026-08-25 00:00:00+00:00,0.000994630482910656
gfw:919330d08-8bf1-b971-02d3-e3c022b17802,919330d08-8bf1-b971-02d3-e3c022b17802,273312860,2026-08-25 00:00:00+00:00,0.0009943352424168679
gfw:c52c23bcf-f6c4-7582-f917-c1cc00ebbf81,c52c23bcf-f6c4-7582-f917-c1cc00ebbf81,630001336,2026-08-25 00:00:00+00:00,0.000993598769670473
gfw:6d985c3e3-3302-48c2-c182-b13857094491,6d985c3e3-3302-48c2-c182-b13857094491,273120120,2026-08-25 00:00:00+00:00,0.0009923661163418584
gfw:859ce538d-d8fd-809a-a663-2640e5d1add9,859ce538d-d8fd-809a-a663-2640e5d1add9,511101481,2026-08-25 00:00:00+00:00,0.0009921789264992788
gfw:74220bcf5-5a61-6ac9-8cc4-235319e9bd8b,74220bcf5-5a61-6ac9-8cc4-235319e9bd8b,352006795,2026-08-25 00:00:00+00:00,0.0009912969662228919
gfw:b15e0ec44-461c-e3b0-bfbb-1eb5875ce76f,b15e0ec44-461c-e3b0-bfbb-1eb5875ce76f,511101319,2026-08-25 00:00:00+00:00,0.0009905507496720844
gfw:7ac938202-2f08-2477-93da-cd20df6017fc,7ac938202-2f08-2477-93da-cd20df6017fc,231075000,2026-08-25 00:00:00+00:00,0.0009903670308315335
gfw:536027e0b-b1d1-64a3-732e-425b8459741c,536027e0b-b1d1-64a3-732e-425b8459741c,268235902,2026-08-25 00:00:00+00:00,0.0009893493428303239
gfw:598fbda6f-fc80-3689-bde3-3503a1fc8d07,598fbda6f-fc80-3689-bde3-3503a1fc8d07,273395640,2026-08-25 00:00:00+00:00,0.0009892574677789702
gfw:a19caab8c-cd4b-644b-9e2b-239ee5495c95,a19caab8c-cd4b-644b-9e2b-239ee5495c95,636026400,2026-08-25 00:00:00+00:00,0.0009878915394055667
gfw:209145316-60ff-defa-23a0-a1a6ecf3c9a4,209145316-60ff-defa-23a0-a1a6ecf3c9a4,273441150,2026-08-25 00:00:00+00:00,0.0009874820710748095
gfw:6bea6075b-bd19-7cbd-d124-a646d04aff03,6bea6075b-bd19-7cbd-d124-a646d04aff03,538008915,2026-08-25 00:00:00+00:00,0.0009856905753805136
gfw:fc4e0fc66-6492-a578-78f5-2c2e9fd8cc6c,fc4e0fc66-6492-a578-78f5-2c2e9fd8cc6c,373361000,2026-08-25 00:00:00+00:00,0.0009854462019610849
gfw:0b2016f54-43ee-def9-02b1-16cc10dc2cc6,0b2016f54-43ee-def9-02b1-16cc10dc2cc6,255805577,2026-08-25 00:00:00+00:00,0.0009837746359509143
gfw:f9875d650-0d6f-8541-d6ab-d008c583c256,f9875d650-0d6f-8541-d6ab-d008c583c256,538004721,2026-08-25 00:00:00+00:00,0.0009836281340034276
gfw:ed08522f4-4f22-ffee-d026-7d1d60cd3edc,ed08522f4-4f22-ffee-d026-7d1d60cd3edc,273295090,2026-08-25 00:00:00+00:00,0.0009831237890548243
gfw:9e9d70660-053e-844c-41ef-eb5361be05bf,9e9d70660-053e-844c-41ef-eb5361be05bf,305821000,2026-08-25 00:00:00+00:00,0.0009828829713104635
gfw:5b126154a-a540-7667-4c06-8c099d38329a,5b126154a-a540-7667-4c06-8c099d38329a,636014997,2026-08-25 00:00:00+00:00,0.0009823897492468663
gfw:6e180c508-8086-e477-7e7c-ba59b32e7db8,6e180c508-8086-e477-7e7c-ba59b32e7db8,273449180,2026-08-25 00:00:00+00:00,0.0009823545617789432
gfw:7ac2f2f1f-f3dc-4fdd-54f6-ed69c902df61,7ac2f2f1f-f3dc-4fdd-54f6-ed69c902df61,273388250,2026-08-25 00:00:00+00:00,0.000982353663223415
gfw:0b4de3918-89fa-b8e4-31e1-ee15933f378c,0b4de3918-89fa-b8e4-31e1-ee15933f378c,273352570,2026-08-25 00:00:00+00:00,0.0009817562054851767
gfw:f2e88a605-57ae-9569-21fa-cba2f7e8e9ae,f2e88a605-57ae-9569-21fa-cba2f7e8e9ae,210388000,2026-08-25 00:00:00+00:00,0.0009808755387815725
gfw:b089c90ce-ecfa-8d06-04e9-1cbd42cddcad,b089c90ce-ecfa-8d06-04e9-1cbd42cddcad,273382770,2026-08-25 00:00:00+00:00,0.0009803429688175966
gfw:53330c842-2362-03dc-d6da-5ba48f767094,53330c842-2362-03dc-d6da-5ba48f767094,314754000,2026-08-25 00:00:00+00:00,0.000979290994535766
gfw:ef9e07849-9b3f-eba5-2f5b-aa14603273c3,ef9e07849-9b3f-eba5-2f5b-aa14603273c3,273245600,2026-08-25 00:00:00+00:00,0.0009784367095324485
gfw:c20d6405a-acaa-200f-ef99-fe01500891f3,c20d6405a-acaa-200f-ef99-fe01500891f3,273264760,2026-08-25 00:00:00+00:00,0.0009783798954364573
gfw:24d9fff5e-edc3-4e90-ad7e-4e201b6e04fc,24d9fff5e-edc3-4e90-ad7e-4e201b6e04fc,477116100,2026-08-25 00:00:00+00:00,0.000978178652172736
gfw:0e82ead02-276b-098e-be81-43c50e2df959,0e82ead02-276b-098e-be81-43c50e2df959,273340920,2026-08-25 00:00:00+00:00,0.0009774603961538546
gfw:6baaed2c9-9978-6331-e46f-082dd8b0fd8d,6baaed2c9-9978-6331-e46f-082dd8b0fd8d,319122200,2026-08-25 00:00:00+00:00,0.0009770974582272377
gfw:18648dc58-8239-52d0-1a31-6b9a95f2bdc2,18648dc58-8239-52d0-1a31-6b9a95f2bdc2,636016660,2026-08-25 00:00:00+00:00,0.0009770321965582585
gfw:e0643023d-d115-d711-8d51-5cb6d8026c38,e0643023d-d115-d711-8d51-5cb6d8026c38,273298620,2026-08-25 00:00:00+00:00,0.0009764467180528629
gfw:79d93d326-682a-4525-9997-7c908be6363d,79d93d326-682a-4525-9997-7c908be6363d,273448620,2026-08-25 00:00:00+00:00,0.0009762079089354787
gfw:caee95714-468b-ca18-9e2c-860cbbb28d55,caee95714-468b-ca18-9e2c-860cbbb28d55,273299950,2026-08-25 00:00:00+00:00,0.0009761090916404706
gfw:3ab7c30b0-0752-7539-4a6c-e9323fcd0116,3ab7c30b0-0752-7539-4a6c-e9323fcd0116,273444660,2026-08-25 00:00:00+00:00,0.0009750508815092989
gfw:45770668f-f99e-cc6a-fa45-100e89ba1366,45770668f-f99e-cc6a-fa45-100e89ba1366,477464200,2026-08-25 00:00:00+00:00,0.000974092483281815
gfw:78005dc8f-f51e-fee2-c496-93bd3ae80720,78005dc8f-f51e-fee2-c496-93bd3ae80720,352001763,2026-08-25 00:00:00+00:00,0.0009739909415995762
gfw:f5334190b-bd88-281f-f930-f5346fbccd39,f5334190b-bd88-281f-f930-f5346fbccd39,273327910,2026-08-25 00:00:00+00:00,0.0009739874102772022
gfw:4439549cc-c464-2e08-cda8-859a76e62ebb,4439549cc-c464-2e08-cda8-859a76e62ebb,273619930,2026-08-25 00:00:00+00:00,0.0009738997214867063
gfw:932403036-6dfd-cdac-3406-a4a5205a2a75,932403036-6dfd-cdac-3406-a4a5205a2a75,636026603,2026-08-25 00:00:00+00:00,0.000973149956777269
gfw:b94ea8ad1-13cc-2d95-c459-0993b01b6994,b94ea8ad1-13cc-2d95-c459-0993b01b6994,273610800,2026-08-25 00:00:00+00:00,0.0009729683867560589
gfw:021daf745-5814-c206-02cc-cd31eca3ac25,021daf745-5814-c206-02cc-cd31eca3ac25,352003260,2026-08-25 00:00:00+00:00,0.0009727921646288659
gfw:dca595db4-4604-fd33-022c-1fc34930d2d6,dca595db4-4604-fd33-022c-1fc34930d2d6,538006420,2026-08-25 00:00:00+00:00,0.0009720371024320792
gfw:0abc9493d-d077-73ea-fd18-63e9b498c92a,0abc9493d-d077-73ea-fd18-63e9b498c92a,273259650,2026-08-25 00:00:00+00:00,0.0009713415580081251
gfw:35a77e524-48ed-c372-f78b-3e5cf4814c7a,35a77e524-48ed-c372-f78b-3e5cf4814c7a,273895300,2026-08-25 00:00:00+00:00,0.0009702474271927933
gfw:07780222b-bba5-59ce-d634-bd301a3ffd7b,07780222b-bba5-59ce-d634-bd301a3ffd7b,273340490,2026-08-25 00:00:00+00:00,0.0009687410767352618
gfw:7e048c52b-bc3e-a5b7-4315-f1ddca676e54,7e048c52b-bc3e-a5b7-4315-f1ddca676e54,273394240,2026-08-25 00:00:00+00:00,0.000968665669279352
gfw:fc3df39b7-7e64-03a4-9b68-638db671893c,fc3df39b7-7e64-03a4-9b68-638db671893c,525121013,2026-08-25 00:00:00+00:00,0.0009670341698137141
gfw:593775df4-4ca3-aa38-5c1c-d1cd4928acdf,593775df4-4ca3-aa38-5c1c-d1cd4928acdf,273389600,2026-08-25 00:00:00+00:00,0.0009657241478883786
gfw:bf93b3948-8691-2789-08f5-8164463460df,bf93b3948-8691-2789-08f5-8164463460df,273433140,2026-08-25 00:00:00+00:00,0.0009653806506487841
gfw:823b08c98-81e3-d5bd-aa0b-9c79cc8da36a,823b08c98-81e3-d5bd-aa0b-9c79cc8da36a,273213590,2026-08-25 00:00:00+00:00,0.0009652807826802439
gfw:f6cd9d890-06ae-c6fa-39d7-b2ad36c6da13,f6cd9d890-06ae-c6fa-39d7-b2ad36c6da13,211265530,2026-08-25 00:00:00+00:00,0.0009652106526848998
gfw:8c5542244-4c11-7759-1e17-3e93c3afbbdc,8c5542244-4c11-7759-1e17-3e93c3afbbdc,636023003,2026-08-25 00:00:00+00:00,0.0009649632400118841
gfw:c5da0973e-e06e-e4b6-ba52-41ea1388117a,c5da0973e-e06e-e4b6-ba52-41ea1388117a,273394490,2026-08-25 00:00:00+00:00,0.0009647794696773576
gfw:c75c02176-6e9f-10a3-7c71-48fc5dd55d90,c75c02176-6e9f-10a3-7c71-48fc5dd55d90,273457280,2026-08-25 00:00:00+00:00,0.0009642279295585891
gfw:c57c3b055-5c57-bdf6-0227-6f61aba44560,c57c3b055-5c57-bdf6-0227-6f61aba44560,352005040,2026-08-25 00:00:00+00:00,0.0009641230257556553
gfw:0f8676206-6472-6e8d-b226-3621a0a845aa,0f8676206-6472-6e8d-b226-3621a0a845aa,273256600,2026-08-25 00:00:00+00:00,0.0009637124483598997
gfw:d29e695c5-5fee-047a-afff-92fbbf0c8044,d29e695c5-5fee-047a-afff-92fbbf0c8044,273335880,2026-08-25 00:00:00+00:00,0.0009635107366519229
gfw:616c1c2a7-7a94-9ff4-6c6c-7bd4fd12e142,616c1c2a7-7a94-9ff4-6c6c-7bd4fd12e142,311001626,2026-08-25 00:00:00+00:00,0.0009634552454771968
gfw:9a7e5c666-6992-ddb7-0807-28b3ffb30617,9a7e5c666-6992-ddb7-0807-28b3ffb30617,671542100,2026-08-25 00:00:00+00:00,0.0009633289188665746
gfw:4cff921d9-9269-8345-90f1-1546565f9aa3,4cff921d9-9269-8345-90f1-1546565f9aa3,414950000,2026-08-25 00:00:00+00:00,0.0009627990222938121
gfw:52a9f3bb1-1c6a-b3dd-dccd-1ce6cf27f94c,52a9f3bb1-1c6a-b3dd-dccd-1ce6cf27f94c,273255800,2026-08-25 00:00:00+00:00,0.00096256123635073
gfw:bb02a640d-deb2-8829-f49a-3412a2934811,bb02a640d-deb2-8829-f49a-3412a2934811,251100092,2026-08-25 00:00:00+00:00,0.0009616794350329745
gfw:054e4242c-c45a-0e33-36fd-3ff5c993b33c,054e4242c-c45a-0e33-36fd-3ff5c993b33c,538008293,2026-08-25 00:00:00+00:00,0.0009613928769677636
gfw:51cdda838-8144-429b-9e45-e39d3bd45c75,51cdda838-8144-429b-9e45-e39d3bd45c75,246714000,2026-08-25 00:00:00+00:00,0.0009609530742082599
gfw:1b6f573b0-0622-9fd6-5365-e585c076a94a,1b6f573b0-0622-9fd6-5365-e585c076a94a,636018913,2026-08-25 00:00:00+00:00,0.0009608616734471184
gfw:609aff1d8-886e-a172-9d5e-27a27870d1c6,609aff1d8-886e-a172-9d5e-27a27870d1c6,538012518,2026-08-25 00:00:00+00:00,0.0009603524837461055
gfw:6e99d7093-39ef-c948-380f-5061f9cb0e2a,6e99d7093-39ef-c948-380f-5061f9cb0e2a,273137500,2026-08-25 00:00:00+00:00,0.000960007667645498
gfw:50626c6ff-f829-92d1-c770-25a673f00da4,50626c6ff-f829-92d1-c770-25a673f00da4,273619920,2026-08-25 00:00:00+00:00,0.0009596390770345826
gfw:bbb93ac16-659f-ebd9-c1a1-662f40c923aa,bbb93ac16-659f-ebd9-c1a1-662f40c923aa,273351020,2026-08-25 00:00:00+00:00,0.000958717538075065
gfw:6e1c4a975-5ca2-a33b-e533-faf720b18c33,6e1c4a975-5ca2-a33b-e533-faf720b18c33,273291570,2026-08-25 00:00:00+00:00,0.0009586875183992894
gfw:ca693c6be-e3ce-c8dc-ef51-3f39cf485ff4,ca693c6be-e3ce-c8dc-ef51-3f39cf485ff4,273367890,2026-08-25 00:00:00+00:00,0.0009583981562768596
gfw:49bffdcb9-9b5a-df1e-a2da-ab3c34661bd5,49bffdcb9-9b5a-df1e-a2da-ab3c34661bd5,273416020,2026-08-25 00:00:00+00:00,0.000958188415173496
gfw:96fafc45c-cd14-6052-d69f-cfc2d7d2f1b2,96fafc45c-cd14-6052-d69f-cfc2d7d2f1b2,518865000,2026-08-25 00:00:00+00:00,0.0009571957460654295
gfw:72c04dcbb-b65c-c9c6-9bde-491fbafab5d7,72c04dcbb-b65c-c9c6-9bde-491fbafab5d7,636025785,2026-08-25 00:00:00+00:00,0.0009570205002629654
gfw:8e32d5954-493a-6da2-e481-686a69160ed2,8e32d5954-493a-6da2-e481-686a69160ed2,255806148,2026-08-25 00:00:00+00:00,0.0009570116270441294
gfw:410854c15-5f7e-9272-22b5-691d5db697a2,410854c15-5f7e-9272-22b5-691d5db697a2,518998539,2026-08-25 00:00:00+00:00,0.0009566231599236779
gfw:74d89609a-ab4b-6ae0-a7af-13883729539e,74d89609a-ab4b-6ae0-a7af-13883729539e,273397760,2026-08-25 00:00:00+00:00,0.0009564449474957479
gfw:197ef61d6-676a-8f8b-b151-a840e1476348,197ef61d6-676a-8f8b-b151-a840e1476348,352001685,2026-08-25 00:00:00+00:00,0.0009556564160818913
gfw:5c1ce5605-5b60-7ec5-5017-4a85bd8169d1,5c1ce5605-5b60-7ec5-5017-4a85bd8169d1,273384970,2026-08-25 00:00:00+00:00,0.00095433799692208
gfw:7ab25a2f4-4ed6-a0ae-dd81-b6f21c64562c,7ab25a2f4-4ed6-a0ae-dd81-b6f21c64562c,273336810,2026-08-25 00:00:00+00:00,0.0009536626117117135
gfw:a2ca16e37-7573-29f0-8036-8c75f4ec8eb3,a2ca16e37-7573-29f0-8036-8c75f4ec8eb3,273332290,2026-08-25 00:00:00+00:00,0.0009520148641349449
gfw:41911652c-c139-c488-1d77-33cbd04b2370,41911652c-c139-c488-1d77-33cbd04b2370,209566000,2026-08-25 00:00:00+00:00,0.0009515648834190696
gfw:fe07f496c-c86b-7dba-9c81-c3a2497327ef,fe07f496c-c86b-7dba-9c81-c3a2497327ef,273340330,2026-08-25 00:00:00+00:00,0.0009510324557440445
gfw:a5b45bb09-9765-c329-d8a9-6c93207ff9e5,a5b45bb09-9765-c329-d8a9-6c93207ff9e5,311002114,2026-08-25 00:00:00+00:00,0.0009509930957371733
gfw:e89a16b9b-b71b-366e-9d62-36ff1acb3498,e89a16b9b-b71b-366e-9d62-36ff1acb3498,273454650,2026-08-25 00:00:00+00:00,0.0009506634936674827
gfw:cb1abdb19-9a0f-2bc5-ddb9-340bc3b9fb11,cb1abdb19-9a0f-2bc5-ddb9-340bc3b9fb11,567619000,2026-08-25 00:00:00+00:00,0.0009504234029933902
gfw:e36b0c9bd-de7f-2695-da6b-2a20fb65e025,e36b0c9bd-de7f-2695-da6b-2a20fb65e025,273254830,2026-08-25 00:00:00+00:00,0.000950267661378668
gfw:da275032e-e215-9738-4ea3-0862385aa140,da275032e-e215-9738-4ea3-0862385aa140,477134300,2026-08-25 00:00:00+00:00,0.0009496247020532991
gfw:857511201-1a15-5d1d-cc3c-2af8a7591a3b,857511201-1a15-5d1d-cc3c-2af8a7591a3b,511101036,2026-08-25 00:00:00+00:00,0.0009493831668491625
gfw:8808de2ac-cf5a-3941-0de8-1a6fe55f0ac4,8808de2ac-cf5a-3941-0de8-1a6fe55f0ac4,563293600,2026-08-25 00:00:00+00:00,0.0009486443458510768
gfw:4d645f522-232a-b767-1776-fc25535c5155,4d645f522-232a-b767-1776-fc25535c5155,273340120,2026-08-25 00:00:00+00:00,0.0009485535792271836
gfw:0410f0241-10c4-088b-489f-8ec8d5e7ed2e,0410f0241-10c4-088b-489f-8ec8d5e7ed2e,273414910,2026-08-25 00:00:00+00:00,0.0009485234392416863
gfw:c5a532a0f-f455-1c36-aeea-37e9992e6268,c5a532a0f-f455-1c36-aeea-37e9992e6268,273384540,2026-08-25 00:00:00+00:00,0.0009484068879523322
gfw:c28f18c97-7b53-023d-b264-3359b8f23e06,c28f18c97-7b53-023d-b264-3359b8f23e06,636016672,2026-08-25 00:00:00+00:00,0.0009478419522094839
gfw:b28dcd0d9-961f-e416-388c-f8f2ea18d05d,b28dcd0d9-961f-e416-388c-f8f2ea18d05d,273333600,2026-08-25 00:00:00+00:00,0.0009476844179020051
gfw:67c6aa2ca-ae0b-44e4-460a-7bd9225b0b89,67c6aa2ca-ae0b-44e4-460a-7bd9225b0b89,538011108,2026-08-25 00:00:00+00:00,0.0009476577426229104
gfw:c49cbec5c-c531-140a-4b60-b5e577399825,c49cbec5c-c531-140a-4b60-b5e577399825,273218530,2026-08-25 00:00:00+00:00,0.0009472724324262591
gfw:960a7f98a-a4bf-34eb-72ac-1dd2979c9dd4,960a7f98a-a4bf-34eb-72ac-1dd2979c9dd4,273314480,2026-08-25 00:00:00+00:00,0.0009466139588084334
gfw:870179f96-6ff6-9aaa-4ff9-ea232499d4f9,870179f96-6ff6-9aaa-4ff9-ea232499d4f9,273260740,2026-08-25 00:00:00+00:00,0.0009465873386423688
gfw:4d73e6c37-7ab2-ed9e-dc03-e54482d5ce3b,4d73e6c37-7ab2-ed9e-dc03-e54482d5ce3b,563299800,2026-08-25 00:00:00+00:00,0.000946566870189181
gfw:c01dad1c5-54c7-7932-8391-b0f013583836,c01dad1c5-54c7-7932-8391-b0f013583836,351282000,2026-08-25 00:00:00+00:00,0.0009459789873147013
gfw:0ab489ad3-3463-8403-c2a7-ec2b1eb6fd19,0ab489ad3-3463-8403-c2a7-ec2b1eb6fd19,413770000,2026-08-25 00:00:00+00:00,0.0009444176685256368
gfw:44db79cbe-eee0-0930-7d99-b2272a89f438,44db79cbe-eee0-0930-7d99-b2272a89f438,273344180,2026-08-25 00:00:00+00:00,0.0009442766450205548
gfw:3447381aa-ac43-bc63-8bcd-f1b86cb73d24,3447381aa-ac43-bc63-8bcd-f1b86cb73d24,273296490,2026-08-25 00:00:00+00:00,0.0009440883986714397
gfw:1b5a88ba1-1e6a-8928-ec90-8d73160dfd79,1b5a88ba1-1e6a-8928-ec90-8d73160dfd79,273415180,2026-08-25 00:00:00+00:00,0.0009438566801278524
gfw:b56d31636-620f-2675-b0c1-07179b53a482,b56d31636-620f-2675-b0c1-07179b53a482,273354770,2026-08-25 00:00:00+00:00,0.0009420455549218172
gfw:44d5e6668-8d8a-c9cf-c9e2-f98a14f8f347,44d5e6668-8d8a-c9cf-c9e2-f98a14f8f347,251100804,2026-08-25 00:00:00+00:00,0.0009419122791767955
gfw:9ec1494cc-c55d-412c-fb1c-83ebd7565d2d,9ec1494cc-c55d-412c-fb1c-83ebd7565d2d,563034100,2026-08-25 00:00:00+00:00,0.0009419081310962892
gfw:a21ec3279-9edc-2ec3-ec66-ac4808094087,a21ec3279-9edc-2ec3-ec66-ac4808094087,257375000,2026-08-25 00:00:00+00:00,0.000941873790457465
gfw:09a812092-2847-d6da-f09a-f20213e631da,09a812092-2847-d6da-f09a-f20213e631da,273294340,2026-08-25 00:00:00+00:00,0.0009410258539015348
gfw:04ca61832-26ee-fa5d-3e23-fd223febd62b,04ca61832-26ee-fa5d-3e23-fd223febd62b,273214330,2026-08-25 00:00:00+00:00,0.0009407923368533037
gfw:0591fa3ce-eca4-2825-f955-3804c60dfd4c,0591fa3ce-eca4-2825-f955-3804c60dfd4c,9135614,2026-08-25 00:00:00+00:00,0.0009407158443668348
gfw:c4db2489f-f68e-0798-6826-bd91351584a9,c4db2489f-f68e-0798-6826-bd91351584a9,999900313,2026-08-25 00:00:00+00:00,0.0009402022041190214
gfw:a22d8269d-dbb4-d1e9-d988-fd813a738ae4,a22d8269d-dbb4-d1e9-d988-fd813a738ae4,273433090,2026-08-25 00:00:00+00:00,0.0009388687679323669
gfw:77e9da853-312f-6a10-afee-6a6dbd38c2b7,77e9da853-312f-6a10-afee-6a6dbd38c2b7,538012146,2026-08-25 00:00:00+00:00,0.0009378248472288511
gfw:a236ad2bc-c49c-f358-760d-2c13b31479e1,a236ad2bc-c49c-f358-760d-2c13b31479e1,630001155,2026-08-25 00:00:00+00:00,0.0009376797443902247
gfw:97a3af0ab-bfa1-1430-5af1-36965e665c3e,97a3af0ab-bfa1-1430-5af1-36965e665c3e,273254130,2026-08-25 00:00:00+00:00,0.0009373551867398699
gfw:4a1584c9d-dfbd-5421-079f-c4aed54a6e12,4a1584c9d-dfbd-5421-079f-c4aed54a6e12,212555000,2026-08-25 00:00:00+00:00,0.0009370255088737333
gfw:ad17f68e6-628b-22b3-7d8b-a5d8aebfadad,ad17f68e6-628b-22b3-7d8b-a5d8aebfadad,273615590,2026-08-25 00:00:00+00:00,0.0009359679438477172
gfw:d175bd8fc-ca31-a49d-6ff6-5e938489d6c1,d175bd8fc-ca31-a49d-6ff6-5e938489d6c1,273273170,2026-08-25 00:00:00+00:00,0.0009353711102559883
gfw:08c7e051f-f7e3-5e2c-6935-882d223086b2,08c7e051f-f7e3-5e2c-6935-882d223086b2,273442270,2026-08-25 00:00:00+00:00,0.0009350764684742818
gfw:3d70187f9-9f5b-2f9c-34f0-2b97acd703ea,3d70187f9-9f5b-2f9c-34f0-2b97acd703ea,210855000,2026-08-25 00:00:00+00:00,0.0009347315314528166
gfw:d5033324c-cac8-9569-6695-1615bdb17300,d5033324c-cac8-9569-6695-1615bdb17300,273357560,2026-08-25 00:00:00+00:00,0.0009343513976252777
gfw:c727d2099-92eb-60e0-5fc4-f3d411096c4d,c727d2099-92eb-60e0-5fc4-f3d411096c4d,477001700,2026-08-25 00:00:00+00:00,0.000933424261807466
gfw:26762f664-47b8-7727-cc43-86fc7cb527ba,26762f664-47b8-7727-cc43-86fc7cb527ba,667001259,2026-08-25 00:00:00+00:00,0.0009326273650025171
gfw:63782936b-b43b-c795-6698-6650acd741ce,63782936b-b43b-c795-6698-6650acd741ce,311002168,2026-08-25 00:00:00+00:00,0.0009324137060062683
gfw:1ecac2091-1a08-2354-d8fd-36185bbeda04,1ecac2091-1a08-2354-d8fd-36185bbeda04,477593600,2026-08-25 00:00:00+00:00,0.0009315664162459683
gfw:7970ebf9f-f8a1-17db-2a97-d2741b61fa8e,7970ebf9f-f8a1-17db-2a97-d2741b61fa8e,273896200,2026-08-25 00:00:00+00:00,0.0009313135242349015
gfw:834e0e2ca-a84d-1fc1-4862-165e03474dd7,834e0e2ca-a84d-1fc1-4862-165e03474dd7,232031864,2026-08-25 00:00:00+00:00,0.0009312431205714516
gfw:fa14d8db4-4eae-bdf0-d0ad-ea9cea94e6ff,fa14d8db4-4eae-bdf0-d0ad-ea9cea94e6ff,613442820,2026-08-25 00:00:00+00:00,0.0009310163158051144
gfw:47e2f5590-0b55-8d23-bf68-8c6956f651fb,47e2f5590-0b55-8d23-bf68-8c6956f651fb,305313000,2026-08-25 00:00:00+00:00,0.0009301036563809023
gfw:027dfcf24-43ba-3705-b2d8-cb15ba23531f,027dfcf24-43ba-3705-b2d8-cb15ba23531f,273259720,2026-08-25 00:00:00+00:00,0.0009294918764543857
gfw:a4ad6f585-521c-eda7-8979-66e52045993d,a4ad6f585-521c-eda7-8979-66e52045993d,273313270,2026-08-25 00:00:00+00:00,0.0009287603317060517
gfw:49c02ceea-a641-12a0-27b8-fbdc1a821830,49c02ceea-a641-12a0-27b8-fbdc1a821830,273397590,2026-08-25 00:00:00+00:00,0.0009287125719095466
gfw:e44f102bc-cf66-920b-dac1-a0d5bbedd6e5,e44f102bc-cf66-920b-dac1-a0d5bbedd6e5,273450870,2026-08-25 00:00:00+00:00,0.0009276354150576143
gfw:beb3ff49d-d953-260e-1476-9dd0b3a3dded,beb3ff49d-d953-260e-1476-9dd0b3a3dded,273313470,2026-08-25 00:00:00+00:00,0.0009274993190841511
gfw:b1cdf7930-03e2-0e45-e5c9-5eff30864be2,b1cdf7930-03e2-0e45-e5c9-5eff30864be2,215169000,2026-08-25 00:00:00+00:00,0.0009268635756138056
gfw:326fe1ab9-908c-594c-fc9b-25ee01ce581e,326fe1ab9-908c-594c-fc9b-25ee01ce581e,273447560,2026-08-25 00:00:00+00:00,0.0009268511905025577
gfw:ef1c23276-65b0-2e94-11e8-1aab6e19d890,ef1c23276-65b0-2e94-11e8-1aab6e19d890,477714800,2026-08-25 00:00:00+00:00,0.0009265321122049077
gfw:e34b10289-9a85-5ab6-5dbe-0c7939578ee4,e34b10289-9a85-5ab6-5dbe-0c7939578ee4,636014253,2026-08-25 00:00:00+00:00,0.0009265272383535871
gfw:3295adb58-8eca-1c6b-4e4e-baf4fd761cb9,3295adb58-8eca-1c6b-4e4e-baf4fd761cb9,249616000,2026-08-25 00:00:00+00:00,0.0009262762963448468
gfw:bb080e961-12b1-f63a-3c7c-954893e492b7,bb080e961-12b1-f63a-3c7c-954893e492b7,636025057,2026-08-25 00:00:00+00:00,0.0009255145366535352
gfw:0ae8dd224-4bdb-b1a1-3e12-b4e80786a494,0ae8dd224-4bdb-b1a1-3e12-b4e80786a494,273437510,2026-08-25 00:00:00+00:00,0.0009251942355185286
gfw:cb4d7cde9-9224-f901-bc1c-f40190487fd1,cb4d7cde9-9224-f901-bc1c-f40190487fd1,668116515,2026-08-25 00:00:00+00:00,0.000924854195299071
gfw:0df62fd06-692d-a767-3362-3f28461b6d52,0df62fd06-692d-a767-3362-3f28461b6d52,273392990,2026-08-25 00:00:00+00:00,0.000923955768636811
gfw:6ddf8f45c-cc2a-ebbd-234a-fbb69e6fa6d4,6ddf8f45c-cc2a-ebbd-234a-fbb69e6fa6d4,273615220,2026-08-25 00:00:00+00:00,0.000923229681703518
gfw:198e336d9-99d8-d5b3-c0e7-a22c9ce9ca47,198e336d9-99d8-d5b3-c0e7-a22c9ce9ca47,538008347,2026-08-25 00:00:00+00:00,0.0009231152703617396
gfw:e2beceaef-fe7c-2b86-53a9-a823694d1000,e2beceaef-fe7c-2b86-53a9-a823694d1000,273272690,2026-08-25 00:00:00+00:00,0.0009205870669726528
gfw:7b11fe6ee-ed5e-eff1-1ad9-798ea17438c4,7b11fe6ee-ed5e-eff1-1ad9-798ea17438c4,273349820,2026-08-25 00:00:00+00:00,0.0009199600594777263
gfw:600e0f02d-dcdd-a661-aa02-a699f78ac0ef,600e0f02d-dcdd-a661-aa02-a699f78ac0ef,273389860,2026-08-25 00:00:00+00:00,0.000919893381619845
gfw:bd9c65381-1ef9-36b3-c079-538ca9bda91d,bd9c65381-1ef9-36b3-c079-538ca9bda91d,273433340,2026-08-25 00:00:00+00:00,0.0009192130515470551
gfw:6150e6cf6-6f97-4aa5-ae82-94a02717bc88,6150e6cf6-6f97-4aa5-ae82-94a02717bc88,631010123,2026-08-25 00:00:00+00:00,0.0009183695774199677
gfw:d7f2ec4b6-64f2-7f83-4272-0b6c60c78cea,d7f2ec4b6-64f2-7f83-4272-0b6c60c78cea,273436790,2026-08-25 00:00:00+00:00,0.0009179783835499568
gfw:b59b14abc-c76e-c2ca-32d2-6f0275ef53ae,b59b14abc-c76e-c2ca-32d2-6f0275ef53ae,273376490,2026-08-25 00:00:00+00:00,0.0009178210340956211
gfw:8402d1459-9837-13f5-0402-6a3e77e9efed,8402d1459-9837-13f5-0402-6a3e77e9efed,257900000,2026-08-25 00:00:00+00:00,0.0009178176867651439
gfw:6b224c11e-ebc9-6ed3-3621-d09786c722ed,6b224c11e-ebc9-6ed3-3621-d09786c722ed,441111000,2026-08-25 00:00:00+00:00,0.000917356037285207
gfw:c6a025107-77ba-3d94-654e-8ee5d5c90450,c6a025107-77ba-3d94-654e-8ee5d5c90450,273610600,2026-08-25 00:00:00+00:00,0.0009172839625055905
gfw:a1f48d885-5ceb-f092-dbe1-57187f865ca0,a1f48d885-5ceb-f092-dbe1-57187f865ca0,273843200,2026-08-25 00:00:00+00:00,0.0009169804147450733
gfw:a630513b4-49fb-d63d-d7df-b455813c5b2b,a630513b4-49fb-d63d-d7df-b455813c5b2b,273456920,2026-08-25 00:00:00+00:00,0.0009166092754111415
gfw:cd488155f-f089-1219-924f-4c29acdbca94,cd488155f-f089-1219-924f-4c29acdbca94,374724000,2026-08-25 00:00:00+00:00,0.0009156569655152377
gfw:a1f129282-2809-a329-4c7f-e2694c4b153e,a1f129282-2809-a329-4c7f-e2694c4b153e,273449080,2026-08-25 00:00:00+00:00,0.0009153846477133453
gfw:8ac2cdca7-773f-2dd1-f92a-bdb991b557fa,8ac2cdca7-773f-2dd1-f92a-bdb991b557fa,630001314,2026-08-25 00:00:00+00:00,0.0009151840409321333
gfw:dffeca6c2-2173-b466-ae5b-9726abcda751,dffeca6c2-2173-b466-ae5b-9726abcda751,256638000,2026-08-25 00:00:00+00:00,0.0009145957339456193
gfw:e07628978-8e88-1e7a-c855-a6de10cbce4c,e07628978-8e88-1e7a-c855-a6de10cbce4c,273365100,2026-08-25 00:00:00+00:00,0.0009145290902450942
gfw:d4cb2c6a6-6023-77dc-106a-cd0d8848e006,d4cb2c6a6-6023-77dc-106a-cd0d8848e006,273342630,2026-08-25 00:00:00+00:00,0.0009141313092620214
gfw:b0c79bd77-7c32-e0a8-628a-1489d108be32,b0c79bd77-7c32-e0a8-628a-1489d108be32,352001498,2026-08-25 00:00:00+00:00,0.0009140814457860376
gfw:dbd366f98-85af-2dd7-b9df-a28301d4a2e8,dbd366f98-85af-2dd7-b9df-a28301d4a2e8,273217800,2026-08-25 00:00:00+00:00,0.0009136643403043643
gfw:b47d73bc2-2ed4-e645-4a52-705ce3584e01,b47d73bc2-2ed4-e645-4a52-705ce3584e01,412549556,2026-08-25 00:00:00+00:00,0.000913637291128794
gfw:3451be9a2-2f97-9875-4d4f-b9e307dbd50b,3451be9a2-2f97-9875-4d4f-b9e307dbd50b,636022514,2026-08-25 00:00:00+00:00,0.0009129941977469154
gfw:96efb0e37-71bc-a36c-1843-3a871f6743e6,96efb0e37-71bc-a36c-1843-3a871f6743e6,636020908,2026-08-25 00:00:00+00:00,0.0009123999233855668
gfw:5e6b1cb2d-d5d4-c13b-6ea2-8528b142135b,5e6b1cb2d-d5d4-c13b-6ea2-8528b142135b,273370650,2026-08-25 00:00:00+00:00,0.0009122928010645822
gfw:77a24c09c-c131-672e-1d94-76b7589ea58d,77a24c09c-c131-672e-1d94-76b7589ea58d,636025370,2026-08-25 00:00:00+00:00,0.0009120524399052012
gfw:52abc05aa-a281-9443-9001-2fe5e489dc3b,52abc05aa-a281-9443-9001-2fe5e489dc3b,370930000,2026-08-25 00:00:00+00:00,0.0009109646762390446
gfw:32b70cff8-8ace-2acb-8d5c-783f95b73575,32b70cff8-8ace-2acb-8d5c-783f95b73575,636017900,2026-08-25 00:00:00+00:00,0.0009108749968508666
gfw:3ecebabf8-858d-9e77-785c-a965dd6ae74e,3ecebabf8-858d-9e77-785c-a965dd6ae74e,538004445,2026-08-25 00:00:00+00:00,0.000910197179126888
gfw:dea4661b5-53a9-b94b-18f8-5f7e598366e2,dea4661b5-53a9-b94b-18f8-5f7e598366e2,273451210,2026-08-25 00:00:00+00:00,0.0009098194758466377
gfw:dc760e602-29e9-3a3b-345e-ae23ba0bff57,dc760e602-29e9-3a3b-345e-ae23ba0bff57,636093264,2026-08-25 00:00:00+00:00,0.0009096627140945925
gfw:f4f6b2252-2c7b-873d-0970-9cccf0c64cef,f4f6b2252-2c7b-873d-0970-9cccf0c64cef,273253130,2026-08-25 00:00:00+00:00,0.0009094570143383208
gfw:eaf67cbb0-0a7b-fc99-5903-7b6e8a64e92e,eaf67cbb0-0a7b-fc99-5903-7b6e8a64e92e,219671000,2026-08-25 00:00:00+00:00,0.0009092463193190771
gfw:576537334-427c-91b4-8fb4-de570abf6b5a,576537334-427c-91b4-8fb4-de570abf6b5a,538005284,2026-08-25 00:00:00+00:00,0.0009087027395075186
gfw:ae239fe63-35e3-8426-4c0d-99e4e92edcf8,ae239fe63-35e3-8426-4c0d-99e4e92edcf8,630001286,2026-08-25 00:00:00+00:00,0.000908621706674192
gfw:07cfaa184-4896-d758-a782-c068bed1206d,07cfaa184-4896-d758-a782-c068bed1206d,374077000,2026-08-25 00:00:00+00:00,0.0009083552310973965
gfw:21aefcd23-3ef0-a881-aefa-b8722fc6be3b,21aefcd23-3ef0-a881-aefa-b8722fc6be3b,636026212,2026-08-25 00:00:00+00:00,0.0009074703352658699
gfw:bf2a8b1af-ffe6-9715-c102-c054ca86997a,bf2a8b1af-ffe6-9715-c102-c054ca86997a,351019000,2026-08-25 00:00:00+00:00,0.0009073084555715769
gfw:a3e2449f5-578c-2cd6-3dd1-f43e51555431,a3e2449f5-578c-2cd6-3dd1-f43e51555431,999900422,2026-08-25 00:00:00+00:00,0.0009072347893663873
gfw:a32e56f38-8cbf-3b0e-a3c0-4d51f6abbc74,a32e56f38-8cbf-3b0e-a3c0-4d51f6abbc74,305175000,2026-08-25 00:00:00+00:00,0.0009068381046451494
gfw:b461da955-5a54-962b-b177-a3fdb89b491d,b461da955-5a54-962b-b177-a3fdb89b491d,311002155,2026-08-25 00:00:00+00:00,0.0009058977336053597
gfw:6bfacd2b5-5aea-aae6-7412-afc014a483ea,6bfacd2b5-5aea-aae6-7412-afc014a483ea,273356280,2026-08-25 00:00:00+00:00,0.0009058964356791263
gfw:55f06d7cc-cb9a-bebc-a119-ac61e0368f3b,55f06d7cc-cb9a-bebc-a119-ac61e0368f3b,215400000,2026-08-25 00:00:00+00:00,0.0009056250164419616
gfw:5697d9d0e-ea01-aad6-570b-d766ceb8cd8f,5697d9d0e-ea01-aad6-570b-d766ceb8cd8f,999900522,2026-08-25 00:00:00+00:00,0.000905062735670662
gfw:99867ad87-7c6a-c835-e731-02d19389ebe0,99867ad87-7c6a-c835-e731-02d19389ebe0,273333850,2026-08-25 00:00:00+00:00,0.0009050186435811341
gfw:271744820-0719-0a0f-ee00-413bde9ee10a,271744820-0719-0a0f-ee00-413bde9ee10a,273395690,2026-08-25 00:00:00+00:00,0.0009043588298951132
gfw:68f2b8bda-ac11-4a6d-26c0-e5773b1ec344,68f2b8bda-ac11-4a6d-26c0-e5773b1ec344,212656000,2026-08-25 00:00:00+00:00,0.0009041775835860883
gfw:203c441b1-161b-0b90-e444-83388e87f972,203c441b1-161b-0b90-e444-83388e87f972,311000391,2026-08-25 00:00:00+00:00,0.0009039719519584622
gfw:be2b02d88-8f7e-6cd4-348c-4a4b459e1fe1,be2b02d88-8f7e-6cd4-348c-4a4b459e1fe1,351600000,2026-08-25 00:00:00+00:00,0.0009037514672127217
gfw:156b0642e-e8c4-e263-5dfe-dfded372ade4,156b0642e-e8c4-e263-5dfe-dfded372ade4,352001932,2026-08-25 00:00:00+00:00,0.000903730063803404
gfw:0e651fc0c-c44e-707a-db65-54f24646ea6e,0e651fc0c-c44e-707a-db65-54f24646ea6e,273420160,2026-08-25 00:00:00+00:00,0.0009036469416596379
gfw:51fc04fa7-774f-2061-837f-cab66a9c3edf,51fc04fa7-774f-2061-837f-cab66a9c3edf,577410000,2026-08-25 00:00:00+00:00,0.0009029941893532816
gfw:82f02c484-4039-83eb-b044-3fe6002cdc30,82f02c484-4039-83eb-b044-3fe6002cdc30,273358230,2026-08-25 00:00:00+00:00,0.0009027648635777304
gfw:45781baa7-7254-91d8-fb47-d960ade849f5,45781baa7-7254-91d8-fb47-d960ade849f5,257407000,2026-08-25 00:00:00+00:00,0.0009012472062885232
gfw:a9ab94149-909a-b5d8-2614-80176c79860b,a9ab94149-909a-b5d8-2614-80176c79860b,273299430,2026-08-25 00:00:00+00:00,0.0009010499613623283
gfw:e5dc11ffa-a681-fa12-646c-0b84febb31be,e5dc11ffa-a681-fa12-646c-0b84febb31be,373488000,2026-08-25 00:00:00+00:00,0.0009005180079899675
gfw:2735b9c47-729b-0257-cb38-d693f6e216ce,2735b9c47-729b-0257-cb38-d693f6e216ce,356117000,2026-08-25 00:00:00+00:00,0.0008999306072106527
gfw:90f14639b-b73b-f996-0cc7-458307beeb25,90f14639b-b73b-f996-0cc7-458307beeb25,273432110,2026-08-25 00:00:00+00:00,0.0008996967730238258
gfw:5d69bfd47-751c-1c9b-91df-427a54931550,5d69bfd47-751c-1c9b-91df-427a54931550,477929300,2026-08-25 00:00:00+00:00,0.0008993346612185576
gfw:bb3c76ee7-713c-f4dd-8bee-8443f56f404e,bb3c76ee7-713c-f4dd-8bee-8443f56f404e,636015008,2026-08-25 00:00:00+00:00,0.000898767100149931
gfw:fd0fee3a7-7129-dd44-9965-b3046a842aa1,fd0fee3a7-7129-dd44-9965-b3046a842aa1,273821300,2026-08-25 00:00:00+00:00,0.0008987248615438858
gfw:c956a76f9-9786-6fbd-edf0-8db36c4b51a1,c956a76f9-9786-6fbd-edf0-8db36c4b51a1,563156300,2026-08-25 00:00:00+00:00,0.0008981423110173986
gfw:661091c15-5e63-a775-ca7c-5683ce0eb7fd,661091c15-5e63-a775-ca7c-5683ce0eb7fd,677059500,2026-08-25 00:00:00+00:00,0.0008980767686045697
gfw:66066351f-f0ee-4972-25e4-43321e393ce8,66066351f-f0ee-4972-25e4-43321e393ce8,630001310,2026-08-25 00:00:00+00:00,0.0008978723027494314
gfw:9fcb51a55-549f-0bfe-5f56-743782a5566a,9fcb51a55-549f-0bfe-5f56-743782a5566a,273840920,2026-08-25 00:00:00+00:00,0.0008973158253312319
gfw:20923ff80-02d3-81bc-d7b6-a9677b203661,20923ff80-02d3-81bc-d7b6-a9677b203661,251100846,2026-08-25 00:00:00+00:00,0.0008971880698779352
gfw:ba1d2c242-27a8-7fc7-e6fb-bac399c43974,ba1d2c242-27a8-7fc7-e6fb-bac399c43974,305162000,2026-08-25 00:00:00+00:00,0.000896958948966748
gfw:37afb3367-757f-9006-b984-0c198ed8cd61,37afb3367-757f-9006-b984-0c198ed8cd61,538009474,2026-08-25 00:00:00+00:00,0.0008962439335046666
gfw:6071c6a15-5a2c-6458-47e3-eabced54e5ce,6071c6a15-5a2c-6458-47e3-eabced54e5ce,273295620,2026-08-25 00:00:00+00:00,0.0008949296584659745
gfw:a873a416d-d09e-c448-5c0b-cf167b3317e8,a873a416d-d09e-c448-5c0b-cf167b3317e8,273120330,2026-08-25 00:00:00+00:00,0.0008945771187076376
gfw:aa0656258-81bf-cdda-582b-ce417abfaa57,aa0656258-81bf-cdda-582b-ce417abfaa57,538012575,2026-08-25 00:00:00+00:00,0.0008938201743322333
gfw:22a477eda-ad02-3131-3d3f-0f46e220c2d5,22a477eda-ad02-3131-3d3f-0f46e220c2d5,273448610,2026-08-25 00:00:00+00:00,0.000893603608117039
gfw:48805f436-6cce-7e38-d529-d4ad7ab61559,48805f436-6cce-7e38-d529-d4ad7ab61559,273121020,2026-08-25 00:00:00+00:00,0.0008930939813666553
gfw:53f65141e-ecdb-7847-3eba-e739537f6b98,53f65141e-ecdb-7847-3eba-e739537f6b98,273257520,2026-08-25 00:00:00+00:00,0.0008927492749814138
gfw:bda0ef63d-d1a1-3b5f-c971-c92949c48b78,bda0ef63d-d1a1-3b5f-c971-c92949c48b78,273447750,2026-08-25 00:00:00+00:00,0.000892603211820483
gfw:deaa75ac2-2299-8ece-5484-6f9a6eb420b1,deaa75ac2-2299-8ece-5484-6f9a6eb420b1,352005320,2026-08-25 00:00:00+00:00,0.000892093324378128
gfw:85e59b1e2-25dd-cd5f-7f12-9e4323c8d0d5,85e59b1e2-25dd-cd5f-7f12-9e4323c8d0d5,273440840,2026-08-25 00:00:00+00:00,0.0008915480604755784
gfw:fddbe752b-b02f-0107-6d32-cfb56e3a7eec,fddbe752b-b02f-0107-6d32-cfb56e3a7eec,273421300,2026-08-25 00:00:00+00:00,0.0008915468023774193
gfw:72bf1f832-2d75-947d-c08e-94c57eaa8f4e,72bf1f832-2d75-947d-c08e-94c57eaa8f4e,273856100,2026-08-25 00:00:00+00:00,0.0008907595594741355
gfw:de9021fbe-edfb-9f3e-dde4-c8946ffbe27b,de9021fbe-edfb-9f3e-dde4-c8946ffbe27b,273879500,2026-08-25 00:00:00+00:00,0.0008902897575311337
gfw:34ca87098-884f-04fc-743c-0a91f90d27be,34ca87098-884f-04fc-743c-0a91f90d27be,440009000,2026-08-25 00:00:00+00:00,0.0008892228049780141
gfw:810ec8c29-9310-0635-2da8-8ad5e98afe46,810ec8c29-9310-0635-2da8-8ad5e98afe46,273897710,2026-08-25 00:00:00+00:00,0.0008889455199913551
gfw:7b756999c-ccb7-ce29-9506-4f30846a6e33,7b756999c-ccb7-ce29-9506-4f30846a6e33,577794000,2026-08-25 00:00:00+00:00,0.0008888121802699593
gfw:cc0c34794-4f34-1cae-6844-1dfdce831469,cc0c34794-4f34-1cae-6844-1dfdce831469,636093263,2026-08-25 00:00:00+00:00,0.0008882367137370966
gfw:dd1147230-0f25-01b7-86d1-6e0d0b8d4cc3,dd1147230-0f25-01b7-86d1-6e0d0b8d4cc3,567017000,2026-08-25 00:00:00+00:00,0.0008881670003645028
gfw:ddc5da2a2-2abb-7aaf-003f-e0f1ac8a535f,ddc5da2a2-2abb-7aaf-003f-e0f1ac8a535f,622121428,2026-08-25 00:00:00+00:00,0.0008881198436256491
gfw:ac1115182-2218-bdd6-8ea0-fd186a6d1533,ac1115182-2218-bdd6-8ea0-fd186a6d1533,273316920,2026-08-25 00:00:00+00:00,0.0008879275538830105
gfw:96ac76545-50de-c2e9-3a61-32a4b0a04892,96ac76545-50de-c2e9-3a61-32a4b0a04892,273326750,2026-08-25 00:00:00+00:00,0.0008874656541616712
gfw:40f46658d-d300-a644-1ebe-144d981a1af2,40f46658d-d300-a644-1ebe-144d981a1af2,273331390,2026-08-25 00:00:00+00:00,0.0008874322941735635
gfw:b638225b8-8fae-145c-2e07-f0a696a3036b,b638225b8-8fae-145c-2e07-f0a696a3036b,372009000,2026-08-25 00:00:00+00:00,0.0008874109202185466
gfw:99d77f002-29b9-ec31-f474-ecbf6fd61bb9,99d77f002-29b9-ec31-f474-ecbf6fd61bb9,461000236,2026-08-25 00:00:00+00:00,0.000887142367972246
gfw:a4ac14bbc-c09c-cdaf-4b6d-ff39a4bf5dd7,a4ac14bbc-c09c-cdaf-4b6d-ff39a4bf5dd7,636024918,2026-08-25 00:00:00+00:00,0.000887091296043567
gfw:f395c1c89-9b60-28ee-c109-896eb3df790d,f395c1c89-9b60-28ee-c109-896eb3df790d,414650000,2026-08-25 00:00:00+00:00,0.0008870010990749021
gfw:69dc5cb5a-a5db-0ca2-11c0-f6d7c6b3572e,69dc5cb5a-a5db-0ca2-11c0-f6d7c6b3572e,273290820,2026-08-25 00:00:00+00:00,0.0008868524900924232
gfw:a3c0ba329-930a-2689-5b51-e3656566527a,a3c0ba329-930a-2689-5b51-e3656566527a,251100804,2026-08-25 00:00:00+00:00,0.0008858257728493022
gfw:04214b136-6881-e6f9-d968-f3eefc27046e,04214b136-6881-e6f9-d968-f3eefc27046e,352005840,2026-08-25 00:00:00+00:00,0.0008857723930735858
gfw:2b8de1f5a-a410-b507-f62c-b2c428bb0fe4,2b8de1f5a-a410-b507-f62c-b2c428bb0fe4,636025845,2026-08-25 00:00:00+00:00,0.0008850474509889136
gfw:20dae1413-39ee-c4f9-2e91-ccff78fd9131,20dae1413-39ee-c4f9-2e91-ccff78fd9131,538010447,2026-08-25 00:00:00+00:00,0.0008850226684993886
gfw:bdf019430-0d3d-b9b4-a9ea-8f4c6c984277,bdf019430-0d3d-b9b4-a9ea-8f4c6c984277,461000256,2026-08-25 00:00:00+00:00,0.0008849248751526124
gfw:a88070c1e-e53e-bd7f-47e2-371ddcb6da1e,a88070c1e-e53e-bd7f-47e2-371ddcb6da1e,273830200,2026-08-25 00:00:00+00:00,0.0008847874424026278
gfw:166177508-841b-8581-e272-cb6ea93ed17f,166177508-841b-8581-e272-cb6ea93ed17f,273376220,2026-08-25 00:00:00+00:00,0.0008837030138935089
gfw:d1f99cd6e-e540-890c-f86d-38ff81838507,d1f99cd6e-e540-890c-f86d-38ff81838507,273435390,2026-08-25 00:00:00+00:00,0.0008836540685201287
gfw:1431fd31f-fdd4-fec4-a49f-0df13b2664b5,1431fd31f-fdd4-fec4-a49f-0df13b2664b5,273613120,2026-08-25 00:00:00+00:00,0.000882296099626625
gfw:ba17126ff-f559-0765-0648-36ecbe66851f,ba17126ff-f559-0765-0648-36ecbe66851f,352003868,2026-08-25 00:00:00+00:00,0.0008818590572346599
gfw:d9c382568-8ac1-556f-694f-ff55944957b3,d9c382568-8ac1-556f-694f-ff55944957b3,273851100,2026-08-25 00:00:00+00:00,0.0008816583375644327
gfw:6ec60322a-ac22-d48c-5169-7ecb492c6bd6,6ec60322a-ac22-d48c-5169-7ecb492c6bd6,538003818,2026-08-25 00:00:00+00:00,0.0008814859793576482
gfw:621280063-389e-2aa9-61dd-35f9d48ad6a5,621280063-389e-2aa9-61dd-35f9d48ad6a5,357040000,2026-08-25 00:00:00+00:00,0.0008808955185177983
gfw:3a634dd89-94aa-cd4b-bac1-3b783f76ed9a,3a634dd89-94aa-cd4b-bac1-3b783f76ed9a,431989000,2026-08-25 00:00:00+00:00,0.000880147199983763
gfw:a44c499cf-fc14-5890-62af-f6954196142b,a44c499cf-fc14-5890-62af-f6954196142b,256245000,2026-08-25 00:00:00+00:00,0.0008793100397217119
gfw:89e32f073-3e6a-5626-e0cd-fe3622f5c5ef,89e32f073-3e6a-5626-e0cd-fe3622f5c5ef,412139000,2026-08-25 00:00:00+00:00,0.000878721862075658
gfw:d7e7fe73d-d808-de85-0ff3-87d4c9d5c6ba,d7e7fe73d-d808-de85-0ff3-87d4c9d5c6ba,563154300,2026-08-25 00:00:00+00:00,0.0008783868768953338
gfw:3ac750bff-f7c6-2903-b9ec-0442dfe47374,3ac750bff-f7c6-2903-b9ec-0442dfe47374,273437740,2026-08-25 00:00:00+00:00,0.0008779352142309684
gfw:042b08281-19ab-6496-7672-b795fd7f8ffa,042b08281-19ab-6496-7672-b795fd7f8ffa,620800344,2026-08-25 00:00:00+00:00,0.0008778619333381943
gfw:00deed2ed-d892-10d6-ec2e-e4fa1bd600db,00deed2ed-d892-10d6-ec2e-e4fa1bd600db,257117000,2026-08-25 00:00:00+00:00,0.0008768090949618331
gfw:0ca51e7d6-606e-89df-5493-15151f5e627e,0ca51e7d6-606e-89df-5493-15151f5e627e,636024912,2026-08-25 00:00:00+00:00,0.00087680733096839
gfw:bfac882bc-c0bd-0ef0-d808-482382ef6654,bfac882bc-c0bd-0ef0-d808-482382ef6654,273387270,2026-08-25 00:00:00+00:00,0.0008765738412787714
gfw:d721cca8c-cb8c-6862-de27-5bca09c22320,d721cca8c-cb8c-6862-de27-5bca09c22320,273422500,2026-08-25 00:00:00+00:00,0.0008762389650697123
gfw:d2f18f6fd-d9bb-6da6-7d8d-6ba7795f619e,d2f18f6fd-d9bb-6da6-7d8d-6ba7795f619e,461000242,2026-08-25 00:00:00+00:00,0.0008760449919231903
gfw:c942d5097-7850-08fd-a554-38866e66c985,c942d5097-7850-08fd-a554-38866e66c985,273216420,2026-08-25 00:00:00+00:00,0.0008750645360335701
gfw:e7ad71295-5ddc-997b-35dd-19081d96f822,e7ad71295-5ddc-997b-35dd-19081d96f822,354962000,2026-08-25 00:00:00+00:00,0.0008732481723777982
gfw:5ae828505-562f-a270-e0db-e40b40ad7b88,5ae828505-562f-a270-e0db-e40b40ad7b88,273437930,2026-08-25 00:00:00+00:00,0.0008727260515699785
gfw:f65b50e25-5aee-c223-0940-94270b459af7,f65b50e25-5aee-c223-0940-94270b459af7,636025762,2026-08-25 00:00:00+00:00,0.0008721122455643006
gfw:b6b2e629b-b40c-1e30-3663-aa5de9822299,b6b2e629b-b40c-1e30-3663-aa5de9822299,273296590,2026-08-25 00:00:00+00:00,0.0008716930838685425
gfw:a07104520-06b3-d5db-9384-151ee4b83c82,a07104520-06b3-d5db-9384-151ee4b83c82,273585100,2026-08-25 00:00:00+00:00,0.0008714736898331448
gfw:3c69103f7-7e9d-2611-46e6-a5075f4ac2e4,3c69103f7-7e9d-2611-46e6-a5075f4ac2e4,431123000,2026-08-25 00:00:00+00:00,0.0008706918980524197
gfw:c7d265240-0c50-edd9-c907-612d47cc01f6,c7d265240-0c50-edd9-c907-612d47cc01f6,636022892,2026-08-25 00:00:00+00:00,0.0008703378386008697
gfw:bf31972f5-5aa4-13a7-984b-61385fb4b310,bf31972f5-5aa4-13a7-984b-61385fb4b310,636022692,2026-08-25 00:00:00+00:00,0.0008702860022803366
gfw:a7ca605f4-45bf-e29d-afc6-cbe51d98493a,a7ca605f4-45bf-e29d-afc6-cbe51d98493a,249190000,2026-08-25 00:00:00+00:00,0.0008702381146174215
gfw:b399bf1ba-a287-5446-704b-eceed760050b,b399bf1ba-a287-5446-704b-eceed760050b,273277960,2026-08-25 00:00:00+00:00,0.0008696935437623238
gfw:b894dd9ac-c6d6-5c20-019c-a112e147e5aa,b894dd9ac-c6d6-5c20-019c-a112e147e5aa,273210520,2026-08-25 00:00:00+00:00,0.0008694081971897336
gfw:1b004177d-d7b3-7b25-fd94-a976c33e1905,1b004177d-d7b3-7b25-fd94-a976c33e1905,538006903,2026-08-25 00:00:00+00:00,0.0008681185764700915
gfw:f50d89acb-b725-f48b-a8d6-9ffacde4cab9,f50d89acb-b725-f48b-a8d6-9ffacde4cab9,538008585,2026-08-25 00:00:00+00:00,0.0008679778210936859
gfw:8baa1f8af-f3c4-e5ce-3632-0d6fc09d58e3,8baa1f8af-f3c4-e5ce-3632-0d6fc09d58e3,273218690,2026-08-25 00:00:00+00:00,0.0008673547552407651
gfw:d60140559-92ba-415a-9936-6324b7a68f62,d60140559-92ba-415a-9936-6324b7a68f62,273825720,2026-08-25 00:00:00+00:00,0.0008665908858749958
gfw:3fb7d020c-ca2b-1a6b-3e47-29281770bfd1,3fb7d020c-ca2b-1a6b-3e47-29281770bfd1,461000221,2026-08-25 00:00:00+00:00,0.0008664308353147193
gfw:27e90f9ea-a921-8c4e-8e48-90bd8bf11504,27e90f9ea-a921-8c4e-8e48-90bd8bf11504,273569100,2026-08-25 00:00:00+00:00,0.0008662937932396265
gfw:6a4dc8fa0-0227-74bb-207f-c79602112ff5,6a4dc8fa0-0227-74bb-207f-c79602112ff5,273426890,2026-08-25 00:00:00+00:00,0.0008660596811938525
gfw:75f74c9a3-3cc1-7abc-8684-3051f4388561,75f74c9a3-3cc1-7abc-8684-3051f4388561,273213190,2026-08-25 00:00:00+00:00,0.0008651886936780873
gfw:024e1b631-1cbe-edb9-65f0-00fc94ac9367,024e1b631-1cbe-edb9-65f0-00fc94ac9367,341647002,2026-08-25 00:00:00+00:00,0.000865026864180743
gfw:cbdc5ff59-9df7-6211-2d9b-8639fdc3c320,cbdc5ff59-9df7-6211-2d9b-8639fdc3c320,538011495,2026-08-25 00:00:00+00:00,0.0008644458133497279
gfw:4e90c33d1-12b6-3103-c945-54ff33530b61,4e90c33d1-12b6-3103-c945-54ff33530b61,999900149,2026-08-25 00:00:00+00:00,0.0008638825807244117
gfw:895f1e13f-fc58-1fac-0d34-b3f696c9972f,895f1e13f-fc58-1fac-0d34-b3f696c9972f,273841220,2026-08-25 00:00:00+00:00,0.0008631175725298834
gfw:7c56a205e-e277-f98f-4330-64e8fc5b36b7,7c56a205e-e277-f98f-4330-64e8fc5b36b7,273211890,2026-08-25 00:00:00+00:00,0.0008625389801914197
gfw:360660864-43d9-051c-d356-0f42cc2080d3,360660864-43d9-051c-d356-0f42cc2080d3,273114600,2026-08-25 00:00:00+00:00,0.0008600925280460863
gfw:2dfe94ffa-ab4a-ae26-370d-486fdb4ba725,2dfe94ffa-ab4a-ae26-370d-486fdb4ba725,273265340,2026-08-25 00:00:00+00:00,0.000859879761170546
gfw:ab26b292f-f6bf-177e-3db8-e7a93ecd85cb,ab26b292f-f6bf-177e-3db8-e7a93ecd85cb,273435060,2026-08-25 00:00:00+00:00,0.0008591887262548403
gfw:82a980a6c-cc22-fa1c-5b19-36fcd7e5ceea,82a980a6c-cc22-fa1c-5b19-36fcd7e5ceea,354826000,2026-08-25 00:00:00+00:00,0.000858742787543107
gfw:4d3728c4a-ae12-0df1-f7fa-2a77bafda724,4d3728c4a-ae12-0df1-f7fa-2a77bafda724,273151100,2026-08-25 00:00:00+00:00,0.0008580593825094651
gfw:4e77c0f66-6646-1ec2-a71a-d9c9f44632da,4e77c0f66-6646-1ec2-a71a-d9c9f44632da,273340960,2026-08-25 00:00:00+00:00,0.0008575172805193784
gfw:0a8de9328-872c-41fb-27f6-60774d0df94b,0a8de9328-872c-41fb-27f6-60774d0df94b,273455250,2026-08-25 00:00:00+00:00,0.0008573800809131227
gfw:11abf1f2b-bed2-d9d7-ea50-b4f3225c3a9f,11abf1f2b-bed2-d9d7-ea50-b4f3225c3a9f,563123600,2026-08-25 00:00:00+00:00,0.000857071939936561
gfw:a0f0f036a-a4e0-e5f5-bd5d-721ce7146ae2,a0f0f036a-a4e0-e5f5-bd5d-721ce7146ae2,228459900,2026-08-25 00:00:00+00:00,0.000857004256425018
gfw:91dc8b8c3-36f1-2783-10ae-18f9c6350e2f,91dc8b8c3-36f1-2783-10ae-18f9c6350e2f,273819080,2026-08-25 00:00:00+00:00,0.0008562233965651161
gfw:5c4ec1505-517b-a3d5-4cbd-7176abaf35d3,5c4ec1505-517b-a3d5-4cbd-7176abaf35d3,273293400,2026-08-25 00:00:00+00:00,0.0008560472510208539
gfw:732927bb8-83bc-659b-919a-310ef8b4a2b2,732927bb8-83bc-659b-919a-310ef8b4a2b2,630001280,2026-08-25 00:00:00+00:00,0.0008555799337975064
gfw:bb50a157d-d8fd-a4f8-3eae-1b7ee234da04,bb50a157d-d8fd-a4f8-3eae-1b7ee234da04,273426360,2026-08-25 00:00:00+00:00,0.0008551617956994293
gfw:38714df58-8143-0c5f-bfe9-1fa610d0e32d,38714df58-8143-0c5f-bfe9-1fa610d0e32d,538002403,2026-08-25 00:00:00+00:00,0.0008548701754334817
gfw:334eaa888-83ee-6e0f-045a-4fa8033acbd6,334eaa888-83ee-6e0f-045a-4fa8033acbd6,273277060,2026-08-25 00:00:00+00:00,0.0008542809400982862
gfw:d3c33831c-c587-bf0b-50e0-2a41f849896d,d3c33831c-c587-bf0b-50e0-2a41f849896d,231766000,2026-08-25 00:00:00+00:00,0.0008537481457435562
gfw:ca11b783c-cb60-797f-8397-502f6fe83079,ca11b783c-cb60-797f-8397-502f6fe83079,461000260,2026-08-25 00:00:00+00:00,0.0008535900779889297
gfw:b7f407cbc-c5d1-6bdc-543c-b3ad4261a652,b7f407cbc-c5d1-6bdc-543c-b3ad4261a652,636017090,2026-08-25 00:00:00+00:00,0.0008532807122188461
gfw:acf345bc9-9062-c9f8-747a-4760fa608bad,acf345bc9-9062-c9f8-747a-4760fa608bad,538010876,2026-08-25 00:00:00+00:00,0.0008532263249816525
gfw:8fe150adf-f311-2167-8b8e-929c611457b0,8fe150adf-f311-2167-8b8e-929c611457b0,636019072,2026-08-25 00:00:00+00:00,0.0008530728713954283
gfw:725418028-820a-d891-77e1-bd4fa815d14f,725418028-820a-d891-77e1-bd4fa815d14f,273355230,2026-08-25 00:00:00+00:00,0.0008526109268252513
gfw:d9e1fffb2-2a11-e7e9-2237-8eea179a460f,d9e1fffb2-2a11-e7e9-2237-8eea179a460f,352005671,2026-08-25 00:00:00+00:00,0.0008518306245679784
gfw:e178b9aee-eadf-e5e9-8190-e93b58f53ccd,e178b9aee-eadf-e5e9-8190-e93b58f53ccd,370188000,2026-08-25 00:00:00+00:00,0.0008515454989840385
gfw:462c71698-8e83-c7b0-a088-cc284297c16a,462c71698-8e83-c7b0-a088-cc284297c16a,273821210,2026-08-25 00:00:00+00:00,0.00085128632232879
gfw:5f1412f76-6eb3-ad3a-9c96-49a69aa7dac7,5f1412f76-6eb3-ad3a-9c96-49a69aa7dac7,273128310,2026-08-25 00:00:00+00:00,0.0008511993898203993
gfw:2f0bd4ebe-e288-7b5f-d99a-9e02d8f3001a,2f0bd4ebe-e288-7b5f-d99a-9e02d8f3001a,273425770,2026-08-25 00:00:00+00:00,0.0008506873813861512
gfw:f0d2f5a47-7c43-ab06-89ee-740d6c5275f8,f0d2f5a47-7c43-ab06-89ee-740d6c5275f8,533134049,2026-08-25 00:00:00+00:00,0.0008500132955795422
gfw:be4e556c1-1d24-7c81-e81c-e21331a8b340,be4e556c1-1d24-7c81-e81c-e21331a8b340,273611270,2026-08-25 00:00:00+00:00,0.0008488213666593291
gfw:426ecf71b-b7f4-bcc7-4f1f-c2a83ddb33bc,426ecf71b-b7f4-bcc7-4f1f-c2a83ddb33bc,273298800,2026-08-25 00:00:00+00:00,0.0008487899886710962
gfw:313386142-2137-24f7-b33d-9e2695250afa,313386142-2137-24f7-b33d-9e2695250afa,273895200,2026-08-25 00:00:00+00:00,0.0008476153277919922
gfw:aa88c5435-534b-f531-60f7-65492b33a022,aa88c5435-534b-f531-60f7-65492b33a022,314537000,2026-08-25 00:00:00+00:00,0.0008471871610473038
gfw:f732857dc-c4e1-c0aa-a1b1-98e03a3c000d,f732857dc-c4e1-c0aa-a1b1-98e03a3c000d,538009230,2026-08-25 00:00:00+00:00,0.0008467586724992421
gfw:1fe1c7530-0812-53a9-fdb8-b12a95bce90e,1fe1c7530-0812-53a9-fdb8-b12a95bce90e,273447440,2026-08-25 00:00:00+00:00,0.0008465029216450703
gfw:38f47ca19-9637-90a1-c8c9-a3a8c568c02c,38f47ca19-9637-90a1-c8c9-a3a8c568c02c,311002228,2026-08-25 00:00:00+00:00,0.0008460185004093981
gfw:e674c9eb4-44a7-5a68-946c-1b7b607237a3,e674c9eb4-44a7-5a68-946c-1b7b607237a3,352006794,2026-08-25 00:00:00+00:00,0.000845803389791483
gfw:7176b25ee-e45c-0214-8313-829118a6f39c,7176b25ee-e45c-0214-8313-829118a6f39c,636015676,2026-08-25 00:00:00+00:00,0.0008456120179137941
gfw:ebfd125e7-77f6-37c7-6d82-c4f442001fdb,ebfd125e7-77f6-37c7-6d82-c4f442001fdb,273291460,2026-08-25 00:00:00+00:00,0.0008455734045633121
gfw:d4e39b5c3-3ed2-f85b-f8bf-698f25b8741d,d4e39b5c3-3ed2-f85b-f8bf-698f25b8741d,477238200,2026-08-25 00:00:00+00:00,0.0008451906997996392
gfw:754b7bb4e-e41c-e44e-6fd7-87c5210d0410,754b7bb4e-e41c-e44e-6fd7-87c5210d0410,273211060,2026-08-25 00:00:00+00:00,0.0008444110084324588
gfw:55ddae56a-a5ff-5970-6569-527157975bf4,55ddae56a-a5ff-5970-6569-527157975bf4,273381960,2026-08-25 00:00:00+00:00,0.000843919485505475
gfw:e87d8b6b0-0baf-cc1d-9e6f-e3a894db7231,e87d8b6b0-0baf-cc1d-9e6f-e3a894db7231,636024582,2026-08-25 00:00:00+00:00,0.0008436315594578143
gfw:1a120876a-a561-37db-f628-70903eb90fdd,1a120876a-a561-37db-f628-70903eb90fdd,355980000,2026-08-25 00:00:00+00:00,0.0008431593315767114
gfw:6ef298dfd-dd53-2248-cbdc-f9546f4e692a,6ef298dfd-dd53-2248-cbdc-f9546f4e692a,461000329,2026-08-25 00:00:00+00:00,0.0008429369727254969
gfw:eafef4f9f-fdb2-68c9-7378-b9f43a5b3535,eafef4f9f-fdb2-68c9-7378-b9f43a5b3535,273387600,2026-08-25 00:00:00+00:00,0.0008426456664448155
gfw:f6492bd6e-e887-8926-fc6b-d4c346e568a6,f6492bd6e-e887-8926-fc6b-d4c346e568a6,305081000,2026-08-25 00:00:00+00:00,0.0008425343757585982
gfw:aa17df535-5adc-8e24-7383-b87d44737458,aa17df535-5adc-8e24-7383-b87d44737458,368784000,2026-08-25 00:00:00+00:00,0.0008422643043142107
gfw:a9b0f2133-3e33-9493-bf06-8ccc196e4abf,a9b0f2133-3e33-9493-bf06-8ccc196e4abf,273378580,2026-08-25 00:00:00+00:00,0.0008422632529176229
gfw:fd67d77a8-8af4-90f1-bdfb-818ae0de878a,fd67d77a8-8af4-90f1-bdfb-818ae0de878a,372936000,2026-08-25 00:00:00+00:00,0.000841720430100847
gfw:8ad71a681-166b-08f7-9905-d5b941bef3a6,8ad71a681-166b-08f7-9905-d5b941bef3a6,563043700,2026-08-25 00:00:00+00:00,0.0008413181151698878
gfw:2306ffc17-7aee-c270-f64e-710896d56d47,2306ffc17-7aee-c270-f64e-710896d56d47,273442400,2026-08-25 00:00:00+00:00,0.000840998467765202
gfw:de2424ae7-762a-81d8-03a1-815ff9936117,de2424ae7-762a-81d8-03a1-815ff9936117,273613250,2026-08-25 00:00:00+00:00,0.0008409823901477744
gfw:f235240af-fbe7-b993-b770-ff340c0162a9,f235240af-fbe7-b993-b770-ff340c0162a9,636014972,2026-08-25 00:00:00+00:00,0.0008406909437203176
gfw:f099bd3ab-b109-331f-2265-334b5f0419b6,f099bd3ab-b109-331f-2265-334b5f0419b6,636023123,2026-08-25 00:00:00+00:00,0.0008402903471122882
gfw:f0ad59d41-1dca-c43b-8c74-51b26fc6bb1b,f0ad59d41-1dca-c43b-8c74-51b26fc6bb1b,477991455,2026-08-25 00:00:00+00:00,0.0008397996116854531
gfw:f47e081e6-6af3-fd4b-ec70-6f3334a1b687,f47e081e6-6af3-fd4b-ec70-6f3334a1b687,999900402,2026-08-25 00:00:00+00:00,0.0008392321904409318
gfw:0fda4682f-f5e7-c58f-90c1-9655989b21d4,0fda4682f-f5e7-c58f-90c1-9655989b21d4,273380440,2026-08-25 00:00:00+00:00,0.0008384918498066606
gfw:ea92e11f8-8c2d-f6f6-0009-2210e77dccb4,ea92e11f8-8c2d-f6f6-0009-2210e77dccb4,209761000,2026-08-25 00:00:00+00:00,0.0008384462440550784
gfw:522d4b8b7-7fc8-88ff-c018-5be017c165b2,522d4b8b7-7fc8-88ff-c018-5be017c165b2,256346000,2026-08-25 00:00:00+00:00,0.000838280505078641
gfw:9ddd185e9-94dd-4aab-33f8-d14ad492bd1c,9ddd185e9-94dd-4aab-33f8-d14ad492bd1c,273316930,2026-08-25 00:00:00+00:00,0.0008379983344224418
gfw:9463dae82-2e60-e7ac-5dfa-f90772c299d7,9463dae82-2e60-e7ac-5dfa-f90772c299d7,273351780,2026-08-25 00:00:00+00:00,0.0008379669632556671
gfw:6bc817d99-9981-565e-f48d-a0712c74f9ad,6bc817d99-9981-565e-f48d-a0712c74f9ad,273254570,2026-08-25 00:00:00+00:00,0.0008379380252008043
gfw:8d2106c88-8a26-83be-7af9-ecb8ae61160d,8d2106c88-8a26-83be-7af9-ecb8ae61160d,613322700,2026-08-25 00:00:00+00:00,0.0008377866364406211
gfw:7428ea64f-f897-37e4-d526-e69fffcde7b9,7428ea64f-f897-37e4-d526-e69fffcde7b9,667002534,2026-08-25 00:00:00+00:00,0.0008377222488535649
gfw:cac0db3cf-fb19-de8c-c0ab-33e2e616fe34,cac0db3cf-fb19-de8c-c0ab-33e2e616fe34,353184000,2026-08-25 00:00:00+00:00,0.0008377165968075631
gfw:0a7b915be-eb15-9754-ff38-f161ea1509f0,0a7b915be-eb15-9754-ff38-f161ea1509f0,273219900,2026-08-25 00:00:00+00:00,0.0008376426570659569
gfw:6c1974c98-82e3-6331-7d76-ef742d5563e5,6c1974c98-82e3-6331-7d76-ef742d5563e5,273168000,2026-08-25 00:00:00+00:00,0.0008368164469492819
gfw:02eee3e50-07d8-407a-fb22-506e63399b82,02eee3e50-07d8-407a-fb22-506e63399b82,273373070,2026-08-25 00:00:00+00:00,0.0008366291629942592
gfw:cb8318b1d-dda1-f209-0ac0-3c54d8853f5b,cb8318b1d-dda1-f209-0ac0-3c54d8853f5b,636022968,2026-08-25 00:00:00+00:00,0.0008364343610362413
gfw:1071dc3a5-5a25-fd5d-c7cc-70404a267f48,1071dc3a5-5a25-fd5d-c7cc-70404a267f48,273216740,2026-08-25 00:00:00+00:00,0.0008362162020541937
gfw:f0eac2b73-343e-91e6-ca12-2d2f81676421,f0eac2b73-343e-91e6-ca12-2d2f81676421,273455330,2026-08-25 00:00:00+00:00,0.0008361638388134103
gfw:dfe1f6f7e-e6fa-32c5-27df-d0973601dc81,dfe1f6f7e-e6fa-32c5-27df-d0973601dc81,621819069,2026-08-25 00:00:00+00:00,0.0008358371050334582
gfw:8dc87cb5f-ffba-1faa-5896-d70572a8126b,8dc87cb5f-ffba-1faa-5896-d70572a8126b,636022248,2026-08-25 00:00:00+00:00,0.0008351471334029654
gfw:08b371ad0-0103-41c3-a0f1-199e68821202,08b371ad0-0103-41c3-a0f1-199e68821202,273310730,2026-08-25 00:00:00+00:00,0.0008341849987551566
gfw:9c33c859e-e7c4-13c9-24cd-fc87b4cc3c5d,9c33c859e-e7c4-13c9-24cd-fc87b4cc3c5d,477891300,2026-08-25 00:00:00+00:00,0.0008341009567168779
gfw:91d8204f5-5610-3baf-1409-4747f5c70296,91d8204f5-5610-3baf-1409-4747f5c70296,273312270,2026-08-25 00:00:00+00:00,0.000834057329562815
gfw:8de5af0a4-4a1a-b0f1-0861-84e5d9a425c5,8de5af0a4-4a1a-b0f1-0861-84e5d9a425c5,273454930,2026-08-25 00:00:00+00:00,0.0008339414867132865
gfw:fb3618d10-033a-3552-4158-0fd92ef5c268,fb3618d10-033a-3552-4158-0fd92ef5c268,548955000,2026-08-25 00:00:00+00:00,0.000833394036280409
gfw:32056aef1-1319-01bf-c3a6-1f25499806fd,32056aef1-1319-01bf-c3a6-1f25499806fd,273821900,2026-08-25 00:00:00+00:00,0.0008330364637999817
gfw:1a7af3a89-9616-9e85-1648-67c7585f6737,1a7af3a89-9616-9e85-1648-67c7585f6737,273218370,2026-08-25 00:00:00+00:00,0.000833026394906
gfw:004721521-1703-c922-6c42-ebef5fbffa4e,004721521-1703-c922-6c42-ebef5fbffa4e,273258260,2026-08-25 00:00:00+00:00,0.0008325722082708301
gfw:a7199fbf9-9b4c-499d-a7f7-57fcec361248,a7199fbf9-9b4c-499d-a7f7-57fcec361248,312780000,2026-08-25 00:00:00+00:00,0.000832418981034786
gfw:1d950e686-61c2-a46a-b83b-955afd9e2a63,1d950e686-61c2-a46a-b83b-955afd9e2a63,668116358,2026-08-25 00:00:00+00:00,0.0008323476028351574
gfw:67bed83b9-978f-f65e-c139-0aa2d56197ef,67bed83b9-978f-f65e-c139-0aa2d56197ef,273337860,2026-08-25 00:00:00+00:00,0.0008322849163236259
gfw:36ea7b1d8-8fe4-3145-2210-11bf6f85edc9,36ea7b1d8-8fe4-3145-2210-11bf6f85edc9,538010825,2026-08-25 00:00:00+00:00,0.000831545565913004
gfw:7c6a921cb-b26e-0a60-9646-dd374284e5ae,7c6a921cb-b26e-0a60-9646-dd374284e5ae,273435300,2026-08-25 00:00:00+00:00,0.0008314922916623071
gfw:4070b7b88-8a17-1815-4e6a-f14ebd9451ff,4070b7b88-8a17-1815-4e6a-f14ebd9451ff,273457300,2026-08-25 00:00:00+00:00,0.0008310136674463718
gfw:49c394833-3253-f0af-ce3e-50b3c0658668,49c394833-3253-f0af-ce3e-50b3c0658668,232027093,2026-08-25 00:00:00+00:00,0.0008305938685415925
gfw:1392a1be1-1c19-7886-95dd-8db6119eca3a,1392a1be1-1c19-7886-95dd-8db6119eca3a,412200083,2026-08-25 00:00:00+00:00,0.0008303744130020264
gfw:de7307d14-42d7-7566-379f-50158fb1fe82,de7307d14-42d7-7566-379f-50158fb1fe82,273349630,2026-08-25 00:00:00+00:00,0.0008302968553914163
gfw:4d9d83b1b-bf33-2286-e072-b9f4b2faca96,4d9d83b1b-bf33-2286-e072-b9f4b2faca96,273361110,2026-08-25 00:00:00+00:00,0.0008300534107905595
gfw:758c695a3-35cb-06ec-0930-0231c3851e96,758c695a3-35cb-06ec-0930-0231c3851e96,273845900,2026-08-25 00:00:00+00:00,0.0008295416981206213
gfw:3b8e8f598-8e6a-ee8b-90ee-a98a4dd1fb3d,3b8e8f598-8e6a-ee8b-90ee-a98a4dd1fb3d,241970000,2026-08-25 00:00:00+00:00,0.0008290543094154845
gfw:4641b58e1-161a-4d23-ef4d-317f010f8225,4641b58e1-161a-4d23-ef4d-317f010f8225,636021676,2026-08-25 00:00:00+00:00,0.0008286771944725014
gfw:00aa56a6c-c432-2d15-5046-c9ec855aa710,00aa56a6c-c432-2d15-5046-c9ec855aa710,232008553,2026-08-25 00:00:00+00:00,0.0008283611894099648
gfw:3ae53e84f-f9af-8d73-903f-7a0d97752db8,3ae53e84f-f9af-8d73-903f-7a0d97752db8,538012243,2026-08-25 00:00:00+00:00,0.000828096998397468
gfw:e9943ea91-1d73-23fe-bfd4-5113e95d79c2,e9943ea91-1d73-23fe-bfd4-5113e95d79c2,441866000,2026-08-25 00:00:00+00:00,0.0008274471524807856
gfw:5ab57a264-41df-9a3d-0b4e-f8c81631453e,5ab57a264-41df-9a3d-0b4e-f8c81631453e,273423800,2026-08-25 00:00:00+00:00,0.0008273041376130305
gfw:7b54439f7-72e0-8ab7-bf60-2d1d91b9755b,7b54439f7-72e0-8ab7-bf60-2d1d91b9755b,636026324,2026-08-25 00:00:00+00:00,0.0008270951409490172
gfw:04516aac3-3bb9-ba67-2b72-7b7c23119a93,04516aac3-3bb9-ba67-2b72-7b7c23119a93,636016647,2026-08-25 00:00:00+00:00,0.0008270076507572896
gfw:ebee01861-1ad2-ef5c-c393-fed1b8b771c3,ebee01861-1ad2-ef5c-c393-fed1b8b771c3,352003574,2026-08-25 00:00:00+00:00,0.0008264275395498444
gfw:10be6ddeb-bdbc-159b-6c3f-5e1b70bcd918,10be6ddeb-bdbc-159b-6c3f-5e1b70bcd918,273849820,2026-08-25 00:00:00+00:00,0.0008260285659402542
gfw:7e54dc7b4-4dcb-7cf1-8bf2-305bbdd917aa,7e54dc7b4-4dcb-7cf1-8bf2-305bbdd917aa,273456620,2026-08-25 00:00:00+00:00,0.0008252152926576145
gfw:b8605cf5e-e578-6004-6907-defe18c3f820,b8605cf5e-e578-6004-6907-defe18c3f820,341464000,2026-08-25 00:00:00+00:00,0.0008248711570271782
gfw:cb9ccf42a-aeb1-b201-719a-b550b7056c50,cb9ccf42a-aeb1-b201-719a-b550b7056c50,273335210,2026-08-25 00:00:00+00:00,0.0008248132974740015
gfw:d453f4135-5406-e423-131e-3f7898434c78,d453f4135-5406-e423-131e-3f7898434c78,311002285,2026-08-25 00:00:00+00:00,0.0008243429151006034
gfw:c42166455-54ae-7267-4343-acff9d134048,c42166455-54ae-7267-4343-acff9d134048,273427230,2026-08-25 00:00:00+00:00,0.0008239878612702919
gfw:159c88fa1-129b-e670-eca9-7d04491dd78c,159c88fa1-129b-e670-eca9-7d04491dd78c,273320610,2026-08-25 00:00:00+00:00,0.0008239435794230888
gfw:70bba254c-cd5f-7986-7fdd-775dc8aa8676,70bba254c-cd5f-7986-7fdd-775dc8aa8676,273292670,2026-08-25 00:00:00+00:00,0.0008233974647177388
gfw:cbcf7dc9a-a3b7-e35b-12b6-df9b04ce47f7,cbcf7dc9a-a3b7-e35b-12b6-df9b04ce47f7,352006414,2026-08-25 00:00:00+00:00,0.0008233330833626193
gfw:bcc4add24-404a-5dfc-9d7d-7a632fed62d8,bcc4add24-404a-5dfc-9d7d-7a632fed62d8,273392790,2026-08-25 00:00:00+00:00,0.0008232512748561869
gfw:039953a13-3efc-dc23-606f-7f831d7f6fc8,039953a13-3efc-dc23-606f-7f831d7f6fc8,636026408,2026-08-25 00:00:00+00:00,0.0008229403553493002
gfw:9e9d947d4-44fc-bda4-7d57-000f9faa9475,9e9d947d4-44fc-bda4-7d57-000f9faa9475,636093273,2026-08-25 00:00:00+00:00,0.000822557047996385
gfw:2ee59132d-dbe2-3819-a2fe-058a97790cec,2ee59132d-dbe2-3819-a2fe-058a97790cec,636023186,2026-08-25 00:00:00+00:00,0.0008221146694832277
gfw:a46e29024-4c7a-6f42-4c6c-d4f57d0a185d,a46e29024-4c7a-6f42-4c6c-d4f57d0a185d,273430250,2026-08-25 00:00:00+00:00,0.0008220886166397792
gfw:2d5b64a18-8912-a3cf-f7ac-62ec20fe8190,2d5b64a18-8912-a3cf-f7ac-62ec20fe8190,477979900,2026-08-25 00:00:00+00:00,0.0008219219773160066
gfw:b4699c421-1743-ce84-8009-f462bbbb0fc7,b4699c421-1743-ce84-8009-f462bbbb0fc7,636023667,2026-08-25 00:00:00+00:00,0.0008215152179261439
gfw:93b2658de-e06a-b949-ad68-5118a74c0f18,93b2658de-e06a-b949-ad68-5118a74c0f18,9132728,2026-08-25 00:00:00+00:00,0.0008212239518651342
gfw:a23e1c6ee-e97a-1a42-a052-1b2b1bc03046,a23e1c6ee-e97a-1a42-a052-1b2b1bc03046,273893000,2026-08-25 00:00:00+00:00,0.0008211287929163298
gfw:23854dfee-e3c2-73a8-4298-e4f7cb493abe,23854dfee-e3c2-73a8-4298-e4f7cb493abe,636016248,2026-08-25 00:00:00+00:00,0.0008207538617178529
gfw:bc49e5b98-844a-4a07-9a03-dc8656ec50d1,bc49e5b98-844a-4a07-9a03-dc8656ec50d1,636091916,2026-08-25 00:00:00+00:00,0.0008204278925623647
gfw:8ab3a71f7-7104-71e3-0330-cdb7dcfa3d55,8ab3a71f7-7104-71e3-0330-cdb7dcfa3d55,440794000,2026-08-25 00:00:00+00:00,0.0008203462107978012
gfw:0d47060f4-4a12-28bd-56ad-7484f6668f9e,0d47060f4-4a12-28bd-56ad-7484f6668f9e,636011789,2026-08-25 00:00:00+00:00,0.0008188846075110064
gfw:bd65040c4-4671-30a0-a896-deff051124f4,bd65040c4-4671-30a0-a896-deff051124f4,273443420,2026-08-25 00:00:00+00:00,0.0008186946889088472
gfw:00699deae-e9ed-fb94-bf8b-92415f742dec,00699deae-e9ed-fb94-bf8b-92415f742dec,352003934,2026-08-25 00:00:00+00:00,0.0008181982799288153
gfw:b72c865f5-5019-7896-6237-4d4724c678af,b72c865f5-5019-7896-6237-4d4724c678af,273312510,2026-08-25 00:00:00+00:00,0.0008178743380653488
gfw:91e62f9bc-c37b-2517-e13f-da16c75af83a,91e62f9bc-c37b-2517-e13f-da16c75af83a,273291250,2026-08-25 00:00:00+00:00,0.0008176414799971318
gfw:227137276-6192-846f-39d6-c8fb6e29479c,227137276-6192-846f-39d6-c8fb6e29479c,273295020,2026-08-25 00:00:00+00:00,0.0008173929522226637
gfw:f9f9f5478-8b79-4013-d203-9a514ff15e72,f9f9f5478-8b79-4013-d203-9a514ff15e72,538008004,2026-08-25 00:00:00+00:00,0.0008167533473238767
gfw:d8aca9b4f-ff9b-b155-96c8-b4fdab4bbf67,d8aca9b4f-ff9b-b155-96c8-b4fdab4bbf67,273258730,2026-08-25 00:00:00+00:00,0.0008165450060106549
gfw:008fb0a48-8b05-296f-2e99-ff7c8ddfbc51,008fb0a48-8b05-296f-2e99-ff7c8ddfbc51,273262700,2026-08-25 00:00:00+00:00,0.000816405327831763
gfw:f5d7b7232-202b-c7a4-1788-40b20fb6ae8f,f5d7b7232-202b-c7a4-1788-40b20fb6ae8f,273318330,2026-08-25 00:00:00+00:00,0.0008157277658644237
gfw:b1e9dc043-3ba9-06b4-ea6b-a00717a1ebb6,b1e9dc043-3ba9-06b4-ea6b-a00717a1ebb6,477149200,2026-08-25 00:00:00+00:00,0.0008152643786479974
gfw:8083112b8-8728-19db-d243-5c9f8d95ef90,8083112b8-8728-19db-d243-5c9f8d95ef90,273899100,2026-08-25 00:00:00+00:00,0.0008151408310619806
gfw:dde8fb8fd-dbc6-ae93-4093-d37526d82755,dde8fb8fd-dbc6-ae93-4093-d37526d82755,273434530,2026-08-25 00:00:00+00:00,0.0008149692123668767
gfw:1b362526c-c192-8a13-7ce6-199eabbe1772,1b362526c-c192-8a13-7ce6-199eabbe1772,477230500,2026-08-25 00:00:00+00:00,0.0008148591425130184
gfw:f9a2dd9c6-6632-fef7-57ff-5c2d3e905b6b,f9a2dd9c6-6632-fef7-57ff-5c2d3e905b6b,538012335,2026-08-25 00:00:00+00:00,0.0008142588719121636
gfw:793ed4b46-6184-3656-9738-436ad1ed60de,793ed4b46-6184-3656-9738-436ad1ed60de,566510000,2026-08-25 00:00:00+00:00,0.0008138103514050739
gfw:cab223f88-8e92-bddc-c6fe-99bdffad66a2,cab223f88-8e92-bddc-c6fe-99bdffad66a2,273421700,2026-08-25 00:00:00+00:00,0.0008133674775170677
gfw:e7555d0bd-dff6-8d88-e4e8-d2b5765afe18,e7555d0bd-dff6-8d88-e4e8-d2b5765afe18,273453980,2026-08-25 00:00:00+00:00,0.0008129727538641619
gfw:d7a8a1bb8-895f-9b2e-af0a-64bb4feb2c27,d7a8a1bb8-895f-9b2e-af0a-64bb4feb2c27,273449760,2026-08-25 00:00:00+00:00,0.0008128629915200832
gfw:ea01eafc2-21ab-0987-3b85-550ad929a453,ea01eafc2-21ab-0987-3b85-550ad929a453,273371280,2026-08-25 00:00:00+00:00,0.0008127238047983422
gfw:a8fa00eee-e29b-4485-f710-09b8b126fa6e,a8fa00eee-e29b-4485-f710-09b8b126fa6e,636024673,2026-08-25 00:00:00+00:00,0.0008123815670954348
gfw:871583946-6653-7393-af54-f612e40452c0,871583946-6653-7393-af54-f612e40452c0,273848710,2026-08-25 00:00:00+00:00,0.000812105880875612
gfw:61b8c2431-1bd9-a2b2-c44a-dcfeb50bc2f8,61b8c2431-1bd9-a2b2-c44a-dcfeb50bc2f8,273459450,2026-08-25 00:00:00+00:00,0.0008119177540161786
gfw:57978de63-3a0b-0e30-6f29-1f35f6ae1809,57978de63-3a0b-0e30-6f29-1f35f6ae1809,273266310,2026-08-25 00:00:00+00:00,0.0008117704274605729
gfw:93db78d2c-c627-a234-4a39-40182e24a82e,93db78d2c-c627-a234-4a39-40182e24a82e,636024262,2026-08-25 00:00:00+00:00,0.0008117250315800512
gfw:5222096c0-0909-67e0-caad-2a6a652fcdfa,5222096c0-0909-67e0-caad-2a6a652fcdfa,273348130,2026-08-25 00:00:00+00:00,0.0008113699781353442
gfw:89b3dff36-66a3-6e46-bfe9-e4c61701dddc,89b3dff36-66a3-6e46-bfe9-e4c61701dddc,273290500,2026-08-25 00:00:00+00:00,0.0008110543573545221
gfw:75b3d09ca-a982-8bce-7f42-ab1a2423e3e2,75b3d09ca-a982-8bce-7f42-ab1a2423e3e2,273113600,2026-08-25 00:00:00+00:00,0.0008103831248491487
gfw:f6a917fda-a0c1-ae84-204e-c83d8b9e6a17,f6a917fda-a0c1-ae84-204e-c83d8b9e6a17,273348820,2026-08-25 00:00:00+00:00,0.0008097860679930471
gfw:3b88b9c1e-e1d1-6d93-ebdc-a6b324398b88,3b88b9c1e-e1d1-6d93-ebdc-a6b324398b88,352004165,2026-08-25 00:00:00+00:00,0.0008095125186164531
gfw:654ce7d17-79cd-1a0b-8050-5a49b2796eec,654ce7d17-79cd-1a0b-8050-5a49b2796eec,636024872,2026-08-25 00:00:00+00:00,0.0008092989322736492
gfw:684d1fede-e2e6-3beb-166f-e86602986b17,684d1fede-e2e6-3beb-166f-e86602986b17,352978241,2026-08-25 00:00:00+00:00,0.0008092704729509007
gfw:5990ddf21-1b55-94f1-736f-50ce35de6418,5990ddf21-1b55-94f1-736f-50ce35de6418,636092793,2026-08-25 00:00:00+00:00,0.0008092633191505925
gfw:dcdcf2b37-7af0-bdae-4c8a-24e35486eebe,dcdcf2b37-7af0-bdae-4c8a-24e35486eebe,667001248,2026-08-25 00:00:00+00:00,0.0008092321875675211
gfw:59ca746f9-9730-26a4-ca76-b4d407c1e1e4,59ca746f9-9730-26a4-ca76-b4d407c1e1e4,307025000,2026-08-25 00:00:00+00:00,0.0008091558060062367
gfw:0707e8728-8931-9496-c172-0f538a7b20a1,0707e8728-8931-9496-c172-0f538a7b20a1,273276060,2026-08-25 00:00:00+00:00,0.0008086032809538195
gfw:e32f49715-53be-ca2e-99d5-4e46ffc26c13,e32f49715-53be-ca2e-99d5-4e46ffc26c13,352004603,2026-08-25 00:00:00+00:00,0.0008083993949862051
gfw:8b67ae9be-e85d-3dec-ca01-637f6ad35cf5,8b67ae9be-e85d-3dec-ca01-637f6ad35cf5,636023053,2026-08-25 00:00:00+00:00,0.0008083235010328195
gfw:222afaa9d-d343-45db-bcc1-6718113c03e3,222afaa9d-d343-45db-bcc1-6718113c03e3,636025950,2026-08-25 00:00:00+00:00,0.0008080308418898391
gfw:e817c94e1-1a42-7af5-fcda-7beb97a045ca,e817c94e1-1a42-7af5-fcda-7beb97a045ca,352003954,2026-08-25 00:00:00+00:00,0.000807894545264533
gfw:a479ccbb2-2b5d-706a-2c8a-c6bad08db2ba,a479ccbb2-2b5d-706a-2c8a-c6bad08db2ba,352980787,2026-08-25 00:00:00+00:00,0.000807800609366157
gfw:b5ccd64d2-21c1-2383-923a-dd51437f77d6,b5ccd64d2-21c1-2383-923a-dd51437f77d6,441722000,2026-08-25 00:00:00+00:00,0.0008073342770120723
gfw:53b223caa-a4af-c971-c15b-25752673c3da,53b223caa-a4af-c971-c15b-25752673c3da,273427340,2026-08-25 00:00:00+00:00,0.0008068146899738122
gfw:1ecd23091-1ac0-073d-a02e-3754a7262188,1ecd23091-1ac0-073d-a02e-3754a7262188,563263200,2026-08-25 00:00:00+00:00,0.0008067091596907549
gfw:286aa1b06-6d9b-44c8-0a2d-807850fbfca5,286aa1b06-6d9b-44c8-0a2d-807850fbfca5,630001306,2026-08-25 00:00:00+00:00,0.0008066161268750358
gfw:15410113a-a920-4915-ea4c-5ab4943d543c,15410113a-a920-4915-ea4c-5ab4943d543c,229726000,2026-08-25 00:00:00+00:00,0.000805835940573044
gfw:4fd3b1863-3660-9ec8-be46-3c5f6e934b54,4fd3b1863-3660-9ec8-be46-3c5f6e934b54,273297290,2026-08-25 00:00:00+00:00,0.0008058340216444878
gfw:6f0e3815d-d052-944c-9881-c81e5d6106e5,6f0e3815d-d052-944c-9881-c81e5d6106e5,636093146,2026-08-25 00:00:00+00:00,0.0008057939941740841
gfw:9cc1ca5f0-02f5-33a6-bd0d-fd3a95b2c550,9cc1ca5f0-02f5-33a6-bd0d-fd3a95b2c550,273441070,2026-08-25 00:00:00+00:00,0.0008051395566588644
gfw:91dfb8407-71a8-fe0d-204f-26f961215795,91dfb8407-71a8-fe0d-204f-26f961215795,273357330,2026-08-25 00:00:00+00:00,0.000804089168912544
gfw:07e55dd8d-d516-079f-688f-51cecbd3a2a5,07e55dd8d-d516-079f-688f-51cecbd3a2a5,636022866,2026-08-25 00:00:00+00:00,0.0008037760811336546
gfw:368168cad-d87f-64d3-edef-761fcfe67d21,368168cad-d87f-64d3-edef-761fcfe67d21,273273340,2026-08-25 00:00:00+00:00,0.0008035319980133622
gfw:5f46714cc-c084-4164-91c7-763932885c67,5f46714cc-c084-4164-91c7-763932885c67,273353250,2026-08-25 00:00:00+00:00,0.0008034210767855779
gfw:8b142d496-6dcb-aa59-ad53-190ea9d44293,8b142d496-6dcb-aa59-ad53-190ea9d44293,273413280,2026-08-25 00:00:00+00:00,0.0008031599033043454
gfw:890fc1161-118c-84a4-2500-89d39c73cb5a,890fc1161-118c-84a4-2500-89d39c73cb5a,273351240,2026-08-25 00:00:00+00:00,0.0008029444196952615
gfw:00fa8a312-2933-6851-fc30-6235a4cadfa9,00fa8a312-2933-6851-fc30-6235a4cadfa9,273211230,2026-08-25 00:00:00+00:00,0.0008027266485132792
gfw:968fa69f5-5f43-6d27-bd94-75cb4be028dd,968fa69f5-5f43-6d27-bd94-75cb4be028dd,273843810,2026-08-25 00:00:00+00:00,0.0008026567389379426
gfw:b00c0489a-adbf-62fc-65dc-03b5291c125b,b00c0489a-adbf-62fc-65dc-03b5291c125b,273442180,2026-08-25 00:00:00+00:00,0.0008024155420060967
gfw:6abeeebfb-b455-0455-db37-3b82f27ec8e3,6abeeebfb-b455-0455-db37-3b82f27ec8e3,630001284,2026-08-25 00:00:00+00:00,0.0008022419954037007
gfw:15635066d-d0ee-8040-78eb-a5985fb7220f,15635066d-d0ee-8040-78eb-a5985fb7220f,511102010,2026-08-25 00:00:00+00:00,0.0008021624920866011
gfw:031b7957d-d1e2-9573-5535-e2e0b1fae2c8,031b7957d-d1e2-9573-5535-e2e0b1fae2c8,563982000,2026-08-25 00:00:00+00:00,0.0008015475060789909
gfw:42241d194-44ac-e89b-1095-ba343594a83e,42241d194-44ac-e89b-1095-ba343594a83e,256800000,2026-08-25 00:00:00+00:00,0.0008014646612532501
gfw:6e29acc60-09bd-63ce-8d68-152b3871f3ed,6e29acc60-09bd-63ce-8d68-152b3871f3ed,273358560,2026-08-25 00:00:00+00:00,0.0008014645666412687
gfw:c23a9174b-b893-0668-777a-0ba70541e7cd,c23a9174b-b893-0668-777a-0ba70541e7cd,538006543,2026-08-25 00:00:00+00:00,0.0008013575816487485
gfw:7c61aca14-49c4-9edf-284b-d392477137c9,7c61aca14-49c4-9edf-284b-d392477137c9,273394050,2026-08-25 00:00:00+00:00,0.0008011303952737769
gfw:2b259a8a8-8698-49e1-1a62-f3a1b1d4db28,2b259a8a8-8698-49e1-1a62-f3a1b1d4db28,273854400,2026-08-25 00:00:00+00:00,0.0008007327699607736
gfw:3f5d4c9c1-1cd7-9793-0bfb-c93de84c907d,3f5d4c9c1-1cd7-9793-0bfb-c93de84c907d,636022452,2026-08-25 00:00:00+00:00,0.000800714805111236
gfw:19416c171-1cdb-3a9c-ce29-0dc27c7f7328,19416c171-1cdb-3a9c-ce29-0dc27c7f7328,370731000,2026-08-25 00:00:00+00:00,0.0008004182086989001
gfw:12571fa1a-afde-c170-6aee-afd7e636b41c,12571fa1a-afde-c170-6aee-afd7e636b41c,538006813,2026-08-25 00:00:00+00:00,0.0008002830455145532
gfw:1aa3edcc1-14c3-4c40-d478-6f3990bc52bf,1aa3edcc1-14c3-4c40-d478-6f3990bc52bf,273450700,2026-08-25 00:00:00+00:00,0.0007997283783290547
gfw:74b8e9e89-9e2f-6156-7c20-382108ae830f,74b8e9e89-9e2f-6156-7c20-382108ae830f,273250860,2026-08-25 00:00:00+00:00,0.0007997117253287328
gfw:5043c28a2-2909-b24a-5ca9-ef4726933673,5043c28a2-2909-b24a-5ca9-ef4726933673,565909000,2026-08-25 00:00:00+00:00,0.0007994545480120765
gfw:2440fd432-2e9c-170e-45bb-69f130507962,2440fd432-2e9c-170e-45bb-69f130507962,636018101,2026-08-25 00:00:00+00:00,0.0007994068100114515
gfw:ea4cb2821-1aea-a28c-b034-60d244512e84,ea4cb2821-1aea-a28c-b034-60d244512e84,273215880,2026-08-25 00:00:00+00:00,0.0007988228471745002
gfw:7d66294cb-b2f7-6b8b-554d-6ef6c7a365e9,7d66294cb-b2f7-6b8b-554d-6ef6c7a365e9,273898800,2026-08-25 00:00:00+00:00,0.0007977834814789043
gfw:edab3af4f-f7d1-e2e5-9e52-fe3c7c2ade87,edab3af4f-f7d1-e2e5-9e52-fe3c7c2ade87,273258120,2026-08-25 00:00:00+00:00,0.000797171749090696
gfw:5465ee215-5f4c-c947-aed1-ff744f353b37,5465ee215-5f4c-c947-aed1-ff744f353b37,273210440,2026-08-25 00:00:00+00:00,0.0007971412706984947
gfw:63c992981-1159-b342-e711-e92ab6b8a2fc,63c992981-1159-b342-e711-e92ab6b8a2fc,538011700,2026-08-25 00:00:00+00:00,0.0007966125247591546
gfw:fec9355cf-f0c4-90b2-6a6e-5268366b1c5f,fec9355cf-f0c4-90b2-6a6e-5268366b1c5f,273457330,2026-08-25 00:00:00+00:00,0.0007962695266531685
gfw:b25131e48-8f1d-ceec-4a6d-47ce9772503e,b25131e48-8f1d-ceec-4a6d-47ce9772503e,273428230,2026-08-25 00:00:00+00:00,0.0007961348628044458
gfw:61a3f5e43-39c9-07ff-98f9-1afee0aa0635,61a3f5e43-39c9-07ff-98f9-1afee0aa0635,232027403,2026-08-25 00:00:00+00:00,0.0007959847987729229
gfw:d80b8d3ef-f055-1e61-ae7d-aeffe452eb57,d80b8d3ef-f055-1e61-ae7d-aeffe452eb57,477293900,2026-08-25 00:00:00+00:00,0.0007957680064108473
gfw:85ad26f6f-f876-e933-e203-cc174fd12421,85ad26f6f-f876-e933-e203-cc174fd12421,273259410,2026-08-25 00:00:00+00:00,0.0007949285080295072
gfw:af73e1c6e-ea26-361c-64e0-41beca92460e,af73e1c6e-ea26-361c-64e0-41beca92460e,577741000,2026-08-25 00:00:00+00:00,0.0007947745335678949
gfw:473444944-4ac5-b561-4023-8cc9469987b5,473444944-4ac5-b561-4023-8cc9469987b5,273453300,2026-08-25 00:00:00+00:00,0.0007945728888790528
gfw:43de61681-113c-bcc9-d195-22015a07995d,43de61681-113c-bcc9-d195-22015a07995d,273378130,2026-08-25 00:00:00+00:00,0.000793939618923695
gfw:6af45c60c-c89b-fadd-d080-96bfec619739,6af45c60c-c89b-fadd-d080-96bfec619739,636018743,2026-08-25 00:00:00+00:00,0.0007936037429026951
gfw:17263aa03-3af7-f14a-4995-7b3d1b7dadae,17263aa03-3af7-f14a-4995-7b3d1b7dadae,461000264,2026-08-25 00:00:00+00:00,0.0007935438715620007
gfw:311ad6e59-9478-a697-bb7a-4eba7767af40,311ad6e59-9478-a697-bb7a-4eba7767af40,273394760,2026-08-25 00:00:00+00:00,0.0007933878930994889
gfw:d398b4403-3e35-cc29-fc57-3e247bfc5212,d398b4403-3e35-cc29-fc57-3e247bfc5212,636093257,2026-08-25 00:00:00+00:00,0.0007933846851702827
gfw:dc89bc19f-ff12-8b01-fc0c-7f63b74223d8,dc89bc19f-ff12-8b01-fc0c-7f63b74223d8,352004845,2026-08-25 00:00:00+00:00,0.0007932911927415573
gfw:16c4d0bbe-e45b-29cb-8120-e83487175d79,16c4d0bbe-e45b-29cb-8120-e83487175d79,273616950,2026-08-25 00:00:00+00:00,0.0007932521063654047
gfw:be6492626-6ad6-af1e-a46e-30a301ec436c,be6492626-6ad6-af1e-a46e-30a301ec436c,440025000,2026-08-25 00:00:00+00:00,0.0007928686381607834
gfw:30f43f3cc-c384-7cfe-9832-a244dc189bb9,30f43f3cc-c384-7cfe-9832-a244dc189bb9,273896100,2026-08-25 00:00:00+00:00,0.0007927267388204654
gfw:9dc81058c-c6f2-662a-673b-dfa68f54f57b,9dc81058c-c6f2-662a-673b-dfa68f54f57b,636026141,2026-08-25 00:00:00+00:00,0.0007921870336095438
gfw:ac80d677a-a848-48db-f1ca-8631112e8cad,ac80d677a-a848-48db-f1ca-8631112e8cad,314784000,2026-08-25 00:00:00+00:00,0.0007920636549899783
gfw:1cada0a1d-df5c-9de6-f080-b3612a72661a,1cada0a1d-df5c-9de6-f080-b3612a72661a,273823800,2026-08-25 00:00:00+00:00,0.0007919930898974484
gfw:315eb8951-1f16-69e5-e6a0-ae11795f22db,315eb8951-1f16-69e5-e6a0-ae11795f22db,273457320,2026-08-25 00:00:00+00:00,0.0007919717896810296
gfw:9c480f459-9b50-ce66-95f6-b2c1ad6eddaa,9c480f459-9b50-ce66-95f6-b2c1ad6eddaa,249291000,2026-08-25 00:00:00+00:00,0.0007915001023995645
gfw:a61207acb-b346-1276-3ca6-f69193724a55,a61207acb-b346-1276-3ca6-f69193724a55,273292650,2026-08-25 00:00:00+00:00,0.000791457165015325
gfw:aa701c532-2977-8347-f149-e93892e1fe35,aa701c532-2977-8347-f149-e93892e1fe35,636024044,2026-08-25 00:00:00+00:00,0.0007908214735255276
gfw:0935dd061-1d0f-d3ab-56af-47e1c20e40c9,0935dd061-1d0f-d3ab-56af-47e1c20e40c9,273413440,2026-08-25 00:00:00+00:00,0.0007900912401473895
gfw:50078cf10-0e56-2f8b-0c79-314cd529fb31,50078cf10-0e56-2f8b-0c79-314cd529fb31,563304700,2026-08-25 00:00:00+00:00,0.0007900689898638051
gfw:7810ab760-0b6c-b170-822e-9a3d083e9127,7810ab760-0b6c-b170-822e-9a3d083e9127,256644000,2026-08-25 00:00:00+00:00,0.0007899265138686367
gfw:af3994dae-e0a6-ff67-85c5-c9d74511d322,af3994dae-e0a6-ff67-85c5-c9d74511d322,477550900,2026-08-25 00:00:00+00:00,0.0007899074142100129
gfw:bd0a7fbc2-205f-7b3d-a1dd-e518b4c97172,bd0a7fbc2-205f-7b3d-a1dd-e518b4c97172,273450930,2026-08-25 00:00:00+00:00,0.0007895811343443622
gfw:168f81283-363d-743e-6153-ecc24ed1431e,168f81283-363d-743e-6153-ecc24ed1431e,538012840,2026-08-25 00:00:00+00:00,0.0007895261181487782
gfw:042f4fd67-7598-6c39-583d-dade94c3e5d5,042f4fd67-7598-6c39-583d-dade94c3e5d5,273365420,2026-08-25 00:00:00+00:00,0.0007886401378543427
gfw:cc09b6749-988b-f871-1a2a-ad4ce605f935,cc09b6749-988b-f871-1a2a-ad4ce605f935,273353060,2026-08-25 00:00:00+00:00,0.0007883667153034338
gfw:b5b5b3d84-4452-f970-27d7-19ddae58de56,b5b5b3d84-4452-f970-27d7-19ddae58de56,273394640,2026-08-25 00:00:00+00:00,0.0007882956357851513
gfw:811c47d6f-f005-edfd-6f0f-136b8549a9fe,811c47d6f-f005-edfd-6f0f-136b8549a9fe,538012828,2026-08-25 00:00:00+00:00,0.0007882586870803719
gfw:331d3fd88-87d3-04af-7bbc-401aef7aaeaf,331d3fd88-87d3-04af-7bbc-401aef7aaeaf,251100852,2026-08-25 00:00:00+00:00,0.0007880672262751217
gfw:af0ce9da3-3fbf-0a1f-e5dd-f347fc9577e4,af0ce9da3-3fbf-0a1f-e5dd-f347fc9577e4,273616020,2026-08-25 00:00:00+00:00,0.0007879785328149475
gfw:22ea5c29b-b491-f2f9-1dfa-65f7422096c5,22ea5c29b-b491-f2f9-1dfa-65f7422096c5,273411020,2026-08-25 00:00:00+00:00,0.0007878532203007107
gfw:3aba335a8-835c-2e0a-3914-eaf60de8e0f5,3aba335a8-835c-2e0a-3914-eaf60de8e0f5,671432000,2026-08-25 00:00:00+00:00,0.0007874660990274886
gfw:ca4319f7f-f134-888d-d4d2-45751cfe90c1,ca4319f7f-f134-888d-d4d2-45751cfe90c1,352001492,2026-08-25 00:00:00+00:00,0.0007874521429953765
gfw:5ec2432c0-0ee2-9d49-98fe-6bbc2a10e0b0,5ec2432c0-0ee2-9d49-98fe-6bbc2a10e0b0,273819700,2026-08-25 00:00:00+00:00,0.0007871469590108236
gfw:73304b604-4727-e368-9cc6-ecbb16ec4c7a,73304b604-4727-e368-9cc6-ecbb16ec4c7a,412421012,2026-08-25 00:00:00+00:00,0.0007870509800091003
gfw:bf434a1b5-5195-f66e-131a-2f3e0a99ea8b,bf434a1b5-5195-f66e-131a-2f3e0a99ea8b,273892200,2026-08-25 00:00:00+00:00,0.00078699398392543
gfw:a821f3fc7-7735-3bb9-dd57-b5385bb857e2,a821f3fc7-7735-3bb9-dd57-b5385bb857e2,636093200,2026-08-25 00:00:00+00:00,0.0007866322952611737
gfw:59ef0be0e-e4c4-8e1c-f6dc-9a2cc900f998,59ef0be0e-e4c4-8e1c-f6dc-9a2cc900f998,563149900,2026-08-25 00:00:00+00:00,0.0007859770118107417
gfw:daf5568bd-d38b-f8e6-b877-79d86728c157,daf5568bd-d38b-f8e6-b877-79d86728c157,352004031,2026-08-25 00:00:00+00:00,0.0007855454503882617
gfw:9c1f13e2b-b90b-4bd8-be57-8a9060dc9f62,9c1f13e2b-b90b-4bd8-be57-8a9060dc9f62,273442820,2026-08-25 00:00:00+00:00,0.0007849639233617416
gfw:9d5476e37-7ea3-2c29-739e-a38ca4083282,9d5476e37-7ea3-2c29-739e-a38ca4083282,273257370,2026-08-25 00:00:00+00:00,0.0007846489056068316
gfw:6c522eb11-1ff6-1006-b523-48f2b33953c0,6c522eb11-1ff6-1006-b523-48f2b33953c0,309193000,2026-08-25 00:00:00+00:00,0.0007843771509681318
gfw:ceb967e20-04f4-d3f1-6838-34ae5fe261c2,ceb967e20-04f4-d3f1-6838-34ae5fe261c2,312275000,2026-08-25 00:00:00+00:00,0.0007839728654976712
gfw:ae495695b-b7be-bee9-30e9-b2dca99ea95f,ae495695b-b7be-bee9-30e9-b2dca99ea95f,538006178,2026-08-25 00:00:00+00:00,0.0007837804285382113
gfw:79348a3dd-d12e-67c4-3622-a730cd3f63c3,79348a3dd-d12e-67c4-3622-a730cd3f63c3,273897200,2026-08-25 00:00:00+00:00,0.0007837578836036229
gfw:82167a363-3713-85fb-ea2b-e8773cc10574,82167a363-3713-85fb-ea2b-e8773cc10574,667002022,2026-08-25 00:00:00+00:00,0.00078364972640485
gfw:73a6387e6-6e1f-6681-5959-e2040121cf02,73a6387e6-6e1f-6681-5959-e2040121cf02,636022637,2026-08-25 00:00:00+00:00,0.0007833900588907322
gfw:1bc7687ff-f3ec-0ad8-9f24-ba44a86b8546,1bc7687ff-f3ec-0ad8-9f24-ba44a86b8546,273253880,2026-08-25 00:00:00+00:00,0.0007833247134091972
gfw:ea8839dd6-625f-a759-846a-819f960989e2,ea8839dd6-625f-a759-846a-819f960989e2,305108000,2026-08-25 00:00:00+00:00,0.0007826649612620284
gfw:991d66841-181a-207c-4a2d-ed3786a33378,991d66841-181a-207c-4a2d-ed3786a33378,273375170,2026-08-25 00:00:00+00:00,0.0007819068756774675
gfw:f3b12a762-21f3-84c8-a473-5f1473bc1687,f3b12a762-21f3-84c8-a473-5f1473bc1687,229088000,2026-08-25 00:00:00+00:00,0.0007815882446455053
gfw:139988944-4423-abb3-8a78-ca18b50824cd,139988944-4423-abb3-8a78-ca18b50824cd,273350220,2026-08-25 00:00:00+00:00,0.0007804772333341476
gfw:e88a2ac57-7d76-040a-70a0-66c4a9f19221,e88a2ac57-7d76-040a-70a0-66c4a9f19221,636026410,2026-08-25 00:00:00+00:00,0.0007803503726860304
gfw:cd2677c6d-d622-680a-b245-c7163d1bb289,cd2677c6d-d622-680a-b245-c7163d1bb289,273190500,2026-08-25 00:00:00+00:00,0.0007799061691719164
gfw:ba493ea1b-b441-3cbb-23f1-0b6195a9d990,ba493ea1b-b441-3cbb-23f1-0b6195a9d990,273253810,2026-08-25 00:00:00+00:00,0.0007798953564173808
gfw:c152c80b9-91f8-a64e-eb9e-2d45227319d6,c152c80b9-91f8-a64e-eb9e-2d45227319d6,620800562,2026-08-25 00:00:00+00:00,0.0007795639770041664
gfw:dffa55dd6-6270-c5af-8f81-068638e4a01b,dffa55dd6-6270-c5af-8f81-068638e4a01b,477716800,2026-08-25 00:00:00+00:00,0.0007786923022701141
gfw:d08c12330-0dcc-e612-b8ed-a25dba6cc380,d08c12330-0dcc-e612-b8ed-a25dba6cc380,273612780,2026-08-25 00:00:00+00:00,0.0007785936652024769
gfw:9c853bc47-76c2-54c7-d1ca-8d5c3685f945,9c853bc47-76c2-54c7-d1ca-8d5c3685f945,636022545,2026-08-25 00:00:00+00:00,0.0007777633531642759
gfw:05a722361-1c51-24fc-7b4c-5b6b73b41092,05a722361-1c51-24fc-7b4c-5b6b73b41092,309739000,2026-08-25 00:00:00+00:00,0.0007776110292809068
gfw:84afd9802-20fb-4cac-1824-52ec77b416a2,84afd9802-20fb-4cac-1824-52ec77b416a2,273395360,2026-08-25 00:00:00+00:00,0.0007771333154251821
gfw:ba8c742ba-a5e0-1ba9-77ce-2972c592ee32,ba8c742ba-a5e0-1ba9-77ce-2972c592ee32,440414000,2026-08-25 00:00:00+00:00,0.0007768418903893671
gfw:48f1e8e3b-b3a8-841a-f538-2da2eaf2cf3b,48f1e8e3b-b3a8-841a-f538-2da2eaf2cf3b,273440610,2026-08-25 00:00:00+00:00,0.0007766946499705676
gfw:1e87ee54e-e967-8fb8-88ad-9cdcfd355dbd,1e87ee54e-e967-8fb8-88ad-9cdcfd355dbd,273350540,2026-08-25 00:00:00+00:00,0.0007762071074947395
gfw:159dcfb23-3f7e-bba0-b819-f75f0ad7c536,159dcfb23-3f7e-bba0-b819-f75f0ad7c536,414731000,2026-08-25 00:00:00+00:00,0.0007759098398653213
gfw:98d491fec-c2ea-5b58-bb47-1d39c5ebab2b,98d491fec-c2ea-5b58-bb47-1d39c5ebab2b,273423060,2026-08-25 00:00:00+00:00,0.0007757520736875875
gfw:fbdcd09ab-b490-f51b-d3eb-82e8477d9333,fbdcd09ab-b490-f51b-d3eb-82e8477d9333,219068000,2026-08-25 00:00:00+00:00,0.0007756115995509546
gfw:0490048d2-2833-7658-d0ab-4a9020f4d87d,0490048d2-2833-7658-d0ab-4a9020f4d87d,273441970,2026-08-25 00:00:00+00:00,0.0007753136847948429
gfw:40e9ffebe-e3a5-ddfc-6c41-42d8a21ba174,40e9ffebe-e3a5-ddfc-6c41-42d8a21ba174,538012631,2026-08-25 00:00:00+00:00,0.0007751351140516805
gfw:44685aa52-253d-279e-4eb8-4ff20bdb9e83,44685aa52-253d-279e-4eb8-4ff20bdb9e83,538007592,2026-08-25 00:00:00+00:00,0.0007749742796178916
gfw:402ef1cc1-1c76-2af6-cdc3-258806ecf163,402ef1cc1-1c76-2af6-cdc3-258806ecf163,311001353,2026-08-25 00:00:00+00:00,0.0007748597233049607
gfw:b32458f78-85e3-bb51-b318-04ec05c14f21,b32458f78-85e3-bb51-b318-04ec05c14f21,538009926,2026-08-25 00:00:00+00:00,0.0007739810926979343
gfw:c8cfdf7d6-6e21-9af2-8473-364d10472fa7,c8cfdf7d6-6e21-9af2-8473-364d10472fa7,636018264,2026-08-25 00:00:00+00:00,0.0007735430618144307
gfw:0cf4bc9d2-264e-28c6-309a-8da2431dbb07,0cf4bc9d2-264e-28c6-309a-8da2431dbb07,636019714,2026-08-25 00:00:00+00:00,0.0007733772645134718
gfw:810a60423-36e4-d0dd-a286-44946c85421b,810a60423-36e4-d0dd-a286-44946c85421b,235089284,2026-08-25 00:00:00+00:00,0.0007723014712965253
gfw:0c8d5e5f0-0000-67fa-07bf-c2294d7fea55,0c8d5e5f0-0000-67fa-07bf-c2294d7fea55,352004966,2026-08-25 00:00:00+00:00,0.000772070886426787
gfw:a2eb9a583-3ca4-995c-2674-b0da4c38b94f,a2eb9a583-3ca4-995c-2674-b0da4c38b94f,352003825,2026-08-25 00:00:00+00:00,0.0007720612159073144
gfw:7ab9c1692-2061-c2f9-4799-d80921ad797b,7ab9c1692-2061-c2f9-4799-d80921ad797b,273841110,2026-08-25 00:00:00+00:00,0.0007720076128366983
gfw:70c3cf7a1-16ca-20bc-60d5-9c482c49c819,70c3cf7a1-16ca-20bc-60d5-9c482c49c819,215497000,2026-08-25 00:00:00+00:00,0.0007719077826869137
gfw:39e17491d-d93a-e7b8-cacf-7bde0f786549,39e17491d-d93a-e7b8-cacf-7bde0f786549,273412440,2026-08-25 00:00:00+00:00,0.0007711617711624214
gfw:09e736557-7abd-47f4-f251-41b4e208d07b,09e736557-7abd-47f4-f251-41b4e208d07b,273212120,2026-08-25 00:00:00+00:00,0.0007707069784374567
gfw:456891982-2d41-f844-9b7c-e347e5940861,456891982-2d41-f844-9b7c-e347e5940861,613833000,2026-08-25 00:00:00+00:00,0.00077043671426339
gfw:3fb4850b7-7f3a-45fc-577c-482edf0ecf6d,3fb4850b7-7f3a-45fc-577c-482edf0ecf6d,273370990,2026-08-25 00:00:00+00:00,0.0007699566375535932
gfw:9b69d43f7-78f3-ac43-afa7-f75a3d5424e2,9b69d43f7-78f3-ac43-afa7-f75a3d5424e2,630001317,2026-08-25 00:00:00+00:00,0.0007696857084220574
gfw:b423db991-18a7-7348-a770-99325980c097,b423db991-18a7-7348-a770-99325980c097,273354060,2026-08-25 00:00:00+00:00,0.0007693384504451435
gfw:7029b0f3f-f279-b83e-fd0c-de4bc3e39b23,7029b0f3f-f279-b83e-fd0c-de4bc3e39b23,273313050,2026-08-25 00:00:00+00:00,0.0007693216427779332
gfw:cbcd50955-52a4-82f4-3571-ee05af272e28,cbcd50955-52a4-82f4-3571-ee05af272e28,273217210,2026-08-25 00:00:00+00:00,0.0007693112384222449
gfw:1f8761611-1272-c56b-14b3-d2461bb4e9ba,1f8761611-1272-c56b-14b3-d2461bb4e9ba,413453610,2026-08-25 00:00:00+00:00,0.0007684590322662585
gfw:7fa7fc78d-dea5-5915-a1cb-6d71285c7829,7fa7fc78d-dea5-5915-a1cb-6d71285c7829,636014910,2026-08-25 00:00:00+00:00,0.0007683143839894977
gfw:da9800177-725e-4faf-0b8b-d65d57d6227a,da9800177-725e-4faf-0b8b-d65d57d6227a,357412000,2026-08-25 00:00:00+00:00,0.0007682176281735292
gfw:fad181ddd-d9b4-5b81-dde8-2c81668c6b90,fad181ddd-d9b4-5b81-dde8-2c81668c6b90,563141700,2026-08-25 00:00:00+00:00,0.0007682008825924807
gfw:a62a218e4-4b5b-3e82-3cbb-0a08d4a51031,a62a218e4-4b5b-3e82-3cbb-0a08d4a51031,538007462,2026-08-25 00:00:00+00:00,0.0007678960907650127
gfw:854502228-8efe-3056-25d9-a7b38aa05cae,854502228-8efe-3056-25d9-a7b38aa05cae,667001281,2026-08-25 00:00:00+00:00,0.000767855440181195
gfw:dd99c7067-76b6-536b-a373-e6eff0ddcef3,dd99c7067-76b6-536b-a373-e6eff0ddcef3,273382220,2026-08-25 00:00:00+00:00,0.0007675165375664038
gfw:1707c62a5-57c0-8327-96da-76b50e58006a,1707c62a5-57c0-8327-96da-76b50e58006a,636016692,2026-08-25 00:00:00+00:00,0.0007670527953647352
gfw:da4a9453b-b0a3-1c06-b5e2-9ccd6af372e7,da4a9453b-b0a3-1c06-b5e2-9ccd6af372e7,999900224,2026-08-25 00:00:00+00:00,0.0007670162557905038
gfw:e423e435e-e2e3-b692-3f93-b6055768eb02,e423e435e-e2e3-b692-3f93-b6055768eb02,273446920,2026-08-25 00:00:00+00:00,0.0007669453070522832
gfw:4ce1701a7-76da-6e41-0fc7-4c6cafba6589,4ce1701a7-76da-6e41-0fc7-4c6cafba6589,613271610,2026-08-25 00:00:00+00:00,0.0007665641428940711
gfw:8bb6811f3-30a3-417b-7fb1-64083e07ee86,8bb6811f3-30a3-417b-7fb1-64083e07ee86,352002865,2026-08-25 00:00:00+00:00,0.0007664440295684594
gfw:b7c333074-43d5-4e76-bddc-5ffd73306e64,b7c333074-43d5-4e76-bddc-5ffd73306e64,273432830,2026-08-25 00:00:00+00:00,0.0007662457020326919
gfw:3839377ea-abdf-8e3c-7bf2-f0d129b9cc88,3839377ea-abdf-8e3c-7bf2-f0d129b9cc88,414593000,2026-08-25 00:00:00+00:00,0.0007657139062245671
gfw:cb2a5bb3f-f5b4-c7a3-32da-0d148c51fa0d,cb2a5bb3f-f5b4-c7a3-32da-0d148c51fa0d,636025781,2026-08-25 00:00:00+00:00,0.0007655215864340641
gfw:c68acf516-6c39-abff-d611-e75fa2a1430c,c68acf516-6c39-abff-d611-e75fa2a1430c,273347820,2026-08-25 00:00:00+00:00,0.0007651864493558482
gfw:c6f3c18b9-9657-beb6-9164-084ff0e74f4a,c6f3c18b9-9657-beb6-9164-084ff0e74f4a,636023893,2026-08-25 00:00:00+00:00,0.0007649885879078793
gfw:32432f13f-fd88-33ef-2c2b-d14b6ce88d44,32432f13f-fd88-33ef-2c2b-d14b6ce88d44,352003262,2026-08-25 00:00:00+00:00,0.0007648924584956169
gfw:dcf24ddb5-5ba3-61bb-d103-2d95b9c40ac8,dcf24ddb5-5ba3-61bb-d103-2d95b9c40ac8,636025043,2026-08-25 00:00:00+00:00,0.0007648231464039996
gfw:0cca4cbd2-2690-11ee-59d0-2565f10221f7,0cca4cbd2-2690-11ee-59d0-2565f10221f7,352002473,2026-08-25 00:00:00+00:00,0.0007647366632019202
gfw:01bfc495e-e2f9-c846-fd17-5a9c20f96554,01bfc495e-e2f9-c846-fd17-5a9c20f96554,273290040,2026-08-25 00:00:00+00:00,0.0007646151000518455
gfw:183dae0a0-0d0f-e52a-c842-30001d49ae01,183dae0a0-0d0f-e52a-c842-30001d49ae01,273339660,2026-08-25 00:00:00+00:00,0.0007646129517100128
gfw:151e3a6fc-cd6a-7f04-277d-101715fb3ceb,151e3a6fc-cd6a-7f04-277d-101715fb3ceb,273431300,2026-08-25 00:00:00+00:00,0.0007645691159462259
gfw:cf5109242-20b2-cb4a-a932-eea7c1cb67f4,cf5109242-20b2-cb4a-a932-eea7c1cb67f4,273399760,2026-08-25 00:00:00+00:00,0.0007644527543959656
gfw:2cf1d4a82-2397-5f80-2441-46318cc02290,2cf1d4a82-2397-5f80-2441-46318cc02290,440912000,2026-08-25 00:00:00+00:00,0.0007643534387203442
gfw:34f5f2362-2dc6-9f67-7562-7abe2ab12671,34f5f2362-2dc6-9f67-7562-7abe2ab12671,219216000,2026-08-25 00:00:00+00:00,0.0007641700901350319
gfw:df7da72da-ac65-4a9a-be42-d8aec4c32d2a,df7da72da-ac65-4a9a-be42-d8aec4c32d2a,511101834,2026-08-25 00:00:00+00:00,0.0007639921921729034
gfw:104a24c5b-b577-23d4-a71b-827ae345cc4a,104a24c5b-b577-23d4-a71b-827ae345cc4a,538012564,2026-08-25 00:00:00+00:00,0.0007638787930342402
gfw:fd3738f4b-bcb2-f9c1-7b5b-aa499f33fa04,fd3738f4b-bcb2-f9c1-7b5b-aa499f33fa04,273212630,2026-08-25 00:00:00+00:00,0.000763874451724402
gfw:3f70923e9-9bdd-d9db-e6c5-ee755d04089e,3f70923e9-9bdd-d9db-e6c5-ee755d04089e,273385970,2026-08-25 00:00:00+00:00,0.0007623545618767339
gfw:b85a84544-4f4c-8316-95bb-0519088ebb35,b85a84544-4f4c-8316-95bb-0519088ebb35,413392340,2026-08-25 00:00:00+00:00,0.0007619872137081975
gfw:e19856a53-32b0-4f2c-9bc7-fbad3e5aa7bc,e19856a53-32b0-4f2c-9bc7-fbad3e5aa7bc,256854000,2026-08-25 00:00:00+00:00,0.0007618799678050112
gfw:937a72c9c-cb54-5ca8-7331-4ba985ae41b7,937a72c9c-cb54-5ca8-7331-4ba985ae41b7,255915981,2026-08-25 00:00:00+00:00,0.0007614175568114702
gfw:fba459159-9ec6-04b2-346c-f5ba5fd50c4a,fba459159-9ec6-04b2-346c-f5ba5fd50c4a,563000700,2026-08-25 00:00:00+00:00,0.0007604581721623177
gfw:01bcd7ecb-b065-fbcf-e724-b9fe5e58912b,01bcd7ecb-b065-fbcf-e724-b9fe5e58912b,273273940,2026-08-25 00:00:00+00:00,0.0007599649294842371
gfw:78811da4e-e8d4-34c8-51a3-cf2886059b51,78811da4e-e8d4-34c8-51a3-cf2886059b51,273328250,2026-08-25 00:00:00+00:00,0.0007599384942779245
gfw:0473e25da-a61e-5508-6c0f-48e019f48d67,0473e25da-a61e-5508-6c0f-48e019f48d67,352044000,2026-08-25 00:00:00+00:00,0.0007598479759436108
gfw:7a1e51d78-81d0-820e-adb9-acb27238149e,7a1e51d78-81d0-820e-adb9-acb27238149e,636015993,2026-08-25 00:00:00+00:00,0.0007595779136906028
gfw:c525fa41f-f171-48a6-5b25-ea92a3e8f506,c525fa41f-f171-48a6-5b25-ea92a3e8f506,441344000,2026-08-25 00:00:00+00:00,0.0007595421582121436
gfw:482bde7ab-b36b-c920-a232-f4f18782b27b,482bde7ab-b36b-c920-a232-f4f18782b27b,422031200,2026-08-25 00:00:00+00:00,0.0007594411754500101
gfw:c59c3d010-0b9b-a27b-c31c-a14472461d39,c59c3d010-0b9b-a27b-c31c-a14472461d39,273899000,2026-08-25 00:00:00+00:00,0.000758300936700042
gfw:52c7430ba-a9dd-c303-e421-bd798185ab0b,52c7430ba-a9dd-c303-e421-bd798185ab0b,461000243,2026-08-25 00:00:00+00:00,0.0007578680686835306
gfw:cd0978ea5-5f1a-7438-7e97-8ffd8881cd3c,cd0978ea5-5f1a-7438-7e97-8ffd8881cd3c,667002481,2026-08-25 00:00:00+00:00,0.000757268940698383
gfw:97868a583-32a1-6474-37c7-2baaa05822e1,97868a583-32a1-6474-37c7-2baaa05822e1,273387530,2026-08-25 00:00:00+00:00,0.0007570137375691618
gfw:d85b2ca2c-c387-78fb-1035-3379361507f2,d85b2ca2c-c387-78fb-1035-3379361507f2,352001696,2026-08-25 00:00:00+00:00,0.0007569979661352801
gfw:e2ad36d1e-e486-90d7-76a3-3dfce722f72e,e2ad36d1e-e486-90d7-76a3-3dfce722f72e,273342530,2026-08-25 00:00:00+00:00,0.0007569062094656505
gfw:305200fa7-705b-d193-97d8-3dc75a9c7df3,305200fa7-705b-d193-97d8-3dc75a9c7df3,273434350,2026-08-25 00:00:00+00:00,0.0007564803674434262
gfw:81a1e76c0-0033-cf17-54bf-e75d963a26d9,81a1e76c0-0033-cf17-54bf-e75d963a26d9,273214780,2026-08-25 00:00:00+00:00,0.0007562005831225401
gfw:7721e4fa5-5c9d-ae51-56ed-c4f090d990ce,7721e4fa5-5c9d-ae51-56ed-c4f090d990ce,577756000,2026-08-25 00:00:00+00:00,0.0007560329973460368
gfw:560483aa2-2cb9-0ed4-59d0-48760686fab5,560483aa2-2cb9-0ed4-59d0-48760686fab5,241463000,2026-08-25 00:00:00+00:00,0.0007558744551225302
gfw:0dc214a76-64ba-99d1-5a9d-4acad70800ab,0dc214a76-64ba-99d1-5a9d-4acad70800ab,273459930,2026-08-25 00:00:00+00:00,0.0007557341241377062
gfw:6a9464872-2c3e-cb10-ed76-71444a3c60ce,6a9464872-2c3e-cb10-ed76-71444a3c60ce,273259910,2026-08-25 00:00:00+00:00,0.0007557115923929218
gfw:0c4015c07-7781-5aeb-17bd-4fec664f26b4,0c4015c07-7781-5aeb-17bd-4fec664f26b4,352906000,2026-08-25 00:00:00+00:00,0.0007557029288491174
gfw:6467c06a5-51db-c72c-6ead-1f1c93b12f95,6467c06a5-51db-c72c-6ead-1f1c93b12f95,241665000,2026-08-25 00:00:00+00:00,0.0007556366774663508
gfw:3c4a85014-4167-1fa3-3c49-2d7c6efee28d,3c4a85014-4167-1fa3-3c49-2d7c6efee28d,273392400,2026-08-25 00:00:00+00:00,0.0007556254219314036
gfw:fa7555973-334f-eed4-2d7b-693bde04032b,fa7555973-334f-eed4-2d7b-693bde04032b,277358000,2026-08-25 00:00:00+00:00,0.0007548186199867559
gfw:01ed3b856-6599-fb9e-a678-d5205b30096c,01ed3b856-6599-fb9e-a678-d5205b30096c,352003135,2026-08-25 00:00:00+00:00,0.0007536887373464487
gfw:368d0b4ce-e4f4-fa1f-68a2-09fcf3b97ca5,368d0b4ce-e4f4-fa1f-68a2-09fcf3b97ca5,273383520,2026-08-25 00:00:00+00:00,0.00075286027821235
gfw:f1e2ef2d2-246f-c42c-6eb4-269983310950,f1e2ef2d2-246f-c42c-6eb4-269983310950,577795000,2026-08-25 00:00:00+00:00,0.0007528503616751255
gfw:b47196ef6-6caf-a65b-f5d2-446b7a928479,b47196ef6-6caf-a65b-f5d2-446b7a928479,273334330,2026-08-25 00:00:00+00:00,0.000752673586693992
gfw:7cc7b1971-16c3-80dd-de10-81ac00d3cca3,7cc7b1971-16c3-80dd-de10-81ac00d3cca3,273381930,2026-08-25 00:00:00+00:00,0.0007525649511154194
gfw:c42fd9711-1195-8eb3-9bdc-51830685bcb7,c42fd9711-1195-8eb3-9bdc-51830685bcb7,249397000,2026-08-25 00:00:00+00:00,0.0007524488802355075
gfw:d28f85ebb-b8ae-d447-1307-a2d9fd3ea214,d28f85ebb-b8ae-d447-1307-a2d9fd3ea214,273367580,2026-08-25 00:00:00+00:00,0.0007521015862500549
gfw:0d51144c4-4707-435f-c5d3-29f4400834b7,0d51144c4-4707-435f-c5d3-29f4400834b7,314246000,2026-08-25 00:00:00+00:00,0.0007514449882055494
gfw:7e929c70f-f8dd-87de-3b68-77e0a76e4173,7e929c70f-f8dd-87de-3b68-77e0a76e4173,636093238,2026-08-25 00:00:00+00:00,0.0007513913109477828
gfw:7daea2ee2-2710-d66a-1981-4110307cad3d,7daea2ee2-2710-d66a-1981-4110307cad3d,312542000,2026-08-25 00:00:00+00:00,0.0007513429691941688
gfw:33c1ab0cb-bdd6-6c2c-622d-db013578c37a,33c1ab0cb-bdd6-6c2c-622d-db013578c37a,273210870,2026-08-25 00:00:00+00:00,0.0007509898821295193
gfw:453c34624-4ac4-570e-6c1f-af7149bb6cbc,453c34624-4ac4-570e-6c1f-af7149bb6cbc,636093290,2026-08-25 00:00:00+00:00,0.0007505780160109222
gfw:6c3610c3a-a7d7-1662-88a1-e331a3b10ff6,6c3610c3a-a7d7-1662-88a1-e331a3b10ff6,636018189,2026-08-25 00:00:00+00:00,0.0007494988083955067
gfw:61d9b5a03-3848-952d-4b18-5a33880e1eab,61d9b5a03-3848-952d-4b18-5a33880e1eab,563291700,2026-08-25 00:00:00+00:00,0.0007494606778607589
gfw:b3c86810a-aa81-0287-4287-4233e7906fcc,b3c86810a-aa81-0287-4287-4233e7906fcc,273445310,2026-08-25 00:00:00+00:00,0.0007490748773615685
gfw:a996c4440-065c-567c-a8cd-fdba5be78485,a996c4440-065c-567c-a8cd-fdba5be78485,273318020,2026-08-25 00:00:00+00:00,0.0007485435942293266
gfw:99eda2e3c-c068-4ecf-184b-a69cb2b1c282,99eda2e3c-c068-4ecf-184b-a69cb2b1c282,355517000,2026-08-25 00:00:00+00:00,0.0007484955195020486
gfw:c7d81668e-e7a5-2673-de28-82ebb00bfa5a,c7d81668e-e7a5-2673-de28-82ebb00bfa5a,273332810,2026-08-25 00:00:00+00:00,0.0007483430106889197
gfw:43b637fd9-94d8-0be2-5dfa-4ea07aba77b7,43b637fd9-94d8-0be2-5dfa-4ea07aba77b7,273295580,2026-08-25 00:00:00+00:00,0.0007471567963712287
gfw:e15d7ba28-83eb-a99c-01e4-2a3aa8b9d7b5,e15d7ba28-83eb-a99c-01e4-2a3aa8b9d7b5,311002086,2026-08-25 00:00:00+00:00,0.000747124284440936
gfw:d09fe2596-670b-3e2b-5288-be94ff00e47f,d09fe2596-670b-3e2b-5288-be94ff00e47f,273390470,2026-08-25 00:00:00+00:00,0.0007463145026775078
gfw:503766d9b-b757-61ab-6477-c3c2fa7440b5,503766d9b-b757-61ab-6477-c3c2fa7440b5,461000255,2026-08-25 00:00:00+00:00,0.0007459522371778283
gfw:ec93a669c-c442-2ba2-aca4-3f5b3a460c0a,ec93a669c-c442-2ba2-aca4-3f5b3a460c0a,273386300,2026-08-25 00:00:00+00:00,0.0007458418146273808
gfw:5b9e79d48-8419-8ad8-9fd8-dfda7d7b7fa8,5b9e79d48-8419-8ad8-9fd8-dfda7d7b7fa8,251100349,2026-08-25 00:00:00+00:00,0.000745677762723808
gfw:cd63c2fbe-e94e-a532-78b6-cb5ee852347c,cd63c2fbe-e94e-a532-78b6-cb5ee852347c,636026816,2026-08-25 00:00:00+00:00,0.0007451106260760025
gfw:f2257a932-206e-b349-d095-06f99a7c3cb9,f2257a932-206e-b349-d095-06f99a7c3cb9,251100847,2026-08-25 00:00:00+00:00,0.0007450570509529236
gfw:a5aaf5c07-7d13-803f-75a1-35af42c5edda,a5aaf5c07-7d13-803f-75a1-35af42c5edda,273357760,2026-08-25 00:00:00+00:00,0.0007449669937171544
gfw:62e37b0c8-857b-156c-afec-d8d76feb5353,62e37b0c8-857b-156c-afec-d8d76feb5353,273214060,2026-08-25 00:00:00+00:00,0.0007442647532844566
gfw:306c4a93b-bcc2-fc82-0b10-fea97681a1cc,306c4a93b-bcc2-fc82-0b10-fea97681a1cc,636021345,2026-08-25 00:00:00+00:00,0.0007440344866850179
gfw:2e3493420-0984-b250-371b-9f9d7cf89ab3,2e3493420-0984-b250-371b-9f9d7cf89ab3,273291980,2026-08-25 00:00:00+00:00,0.0007440116461619448
gfw:6315700ca-a109-9737-722d-9058b1ce28cc,6315700ca-a109-9737-722d-9058b1ce28cc,432495000,2026-08-25 00:00:00+00:00,0.0007433432757551106
gfw:3527f30df-fb8f-e40b-dfc0-bea68a7ed51c,3527f30df-fb8f-e40b-dfc0-bea68a7ed51c,457665000,2026-08-25 00:00:00+00:00,0.0007431063182723884
gfw:273b809e6-6087-04fa-8556-3738b36c29a7,273b809e6-6087-04fa-8556-3738b36c29a7,441848000,2026-08-25 00:00:00+00:00,0.0007430663364533384
gfw:91c225a4b-bc2e-c5c4-134c-d44fae1fa5b1,91c225a4b-bc2e-c5c4-134c-d44fae1fa5b1,538006710,2026-08-25 00:00:00+00:00,0.0007426813599594796
gfw:013ca88f0-070c-72a1-17d4-e5f65e5f1903,013ca88f0-070c-72a1-17d4-e5f65e5f1903,256743000,2026-08-25 00:00:00+00:00,0.0007426384630831803
gfw:2dde01551-1344-5593-1c72-d16f531d792a,2dde01551-1344-5593-1c72-d16f531d792a,273452980,2026-08-25 00:00:00+00:00,0.000742496435227008
gfw:14b43793f-f7f4-f05c-c767-11c0b03d9bc1,14b43793f-f7f4-f05c-c767-11c0b03d9bc1,273350070,2026-08-25 00:00:00+00:00,0.0007412535098730269
gfw:638e61ef2-2088-ead0-baac-4e0bab4bd497,638e61ef2-2088-ead0-baac-4e0bab4bd497,636021882,2026-08-25 00:00:00+00:00,0.0007412168284347177
gfw:5d294c799-9d55-223e-8fc9-c8e1ec5c30a2,5d294c799-9d55-223e-8fc9-c8e1ec5c30a2,671806000,2026-08-25 00:00:00+00:00,0.0007412125126288086
gfw:118f023c1-1957-a3ea-3bfe-e3071aa56059,118f023c1-1957-a3ea-3bfe-e3071aa56059,273254500,2026-08-25 00:00:00+00:00,0.0007411242685620889
gfw:5dc672630-03cc-fd54-c974-be7575af97af,5dc672630-03cc-fd54-c974-be7575af97af,613541500,2026-08-25 00:00:00+00:00,0.0007408352891496334
gfw:fbb81f279-9bf7-f3e4-51c7-3de9ee4a6dc7,fbb81f279-9bf7-f3e4-51c7-3de9ee4a6dc7,511101557,2026-08-25 00:00:00+00:00,0.0007407330932281677
gfw:340e141a7-72a0-3b70-80a8-40199028c112,340e141a7-72a0-3b70-80a8-40199028c112,251100845,2026-08-25 00:00:00+00:00,0.000739864605947876
gfw:737e6aa78-856e-2e7e-b855-44dc725dc3f6,737e6aa78-856e-2e7e-b855-44dc725dc3f6,341071001,2026-08-25 00:00:00+00:00,0.000739692823882511
gfw:071395043-3215-ca2f-ba59-837c580d1ceb,071395043-3215-ca2f-ba59-837c580d1ceb,636018038,2026-08-25 00:00:00+00:00,0.0007391181638815575
gfw:cb8c326bf-f7c3-6350-3d7f-8864b4020f06,cb8c326bf-f7c3-6350-3d7f-8864b4020f06,477835500,2026-08-25 00:00:00+00:00,0.0007383846787443173
gfw:3f270a458-87ec-89b5-e482-1930a05a9a91,3f270a458-87ec-89b5-e482-1930a05a9a91,273299020,2026-08-25 00:00:00+00:00,0.0007376902848549842
gfw:c461c9fb2-22fa-82f8-6f09-f0fd43560c12,c461c9fb2-22fa-82f8-6f09-f0fd43560c12,273430160,2026-08-25 00:00:00+00:00,0.0007376797767270096
gfw:994196d81-1479-8a2e-84d9-1516c055ad31,994196d81-1479-8a2e-84d9-1516c055ad31,314845000,2026-08-25 00:00:00+00:00,0.0007376362878525072
gfw:9bdff5a2d-d13a-c1a1-e8ac-1d7c71e42327,9bdff5a2d-d13a-c1a1-e8ac-1d7c71e42327,273214530,2026-08-25 00:00:00+00:00,0.000737409443092163
gfw:8db2b816c-c4b7-bda6-ff33-a7aba3cdfcd4,8db2b816c-c4b7-bda6-ff33-a7aba3cdfcd4,273458620,2026-08-25 00:00:00+00:00,0.0007373810598918605
gfw:98f6cb25d-d919-bed4-9f1e-25bde597c282,98f6cb25d-d919-bed4-9f1e-25bde597c282,273424080,2026-08-25 00:00:00+00:00,0.0007370912238701786
gfw:14ba70640-090d-06df-a6c6-3fedba026225,14ba70640-090d-06df-a6c6-3fedba026225,273399890,2026-08-25 00:00:00+00:00,0.000736563409860366
gfw:7100c185b-b7e3-5150-c529-f374807cd260,7100c185b-b7e3-5150-c529-f374807cd260,563142800,2026-08-25 00:00:00+00:00,0.0007363217206749665
gfw:74675c139-9c18-3c8b-a1eb-c6c1c614f607,74675c139-9c18-3c8b-a1eb-c6c1c614f607,563171800,2026-08-25 00:00:00+00:00,0.0007345565999676272
gfw:6ca7f4b43-320e-4bf6-9989-b05a8b92c3db,6ca7f4b43-320e-4bf6-9989-b05a8b92c3db,273411780,2026-08-25 00:00:00+00:00,0.0007344368208395956
gfw:df79f5ca1-1583-4f12-a893-daf4ad4f52ab,df79f5ca1-1583-4f12-a893-daf4ad4f52ab,354595000,2026-08-25 00:00:00+00:00,0.0007339093905682284
gfw:a88f6c268-8b99-8453-88fd-c2ff970316eb,a88f6c268-8b99-8453-88fd-c2ff970316eb,268238202,2026-08-25 00:00:00+00:00,0.0007338265333917816
gfw:8b6187b3c-cf0e-c699-762b-93d1cdc36444,8b6187b3c-cf0e-c699-762b-93d1cdc36444,352004805,2026-08-25 00:00:00+00:00,0.0007336466026475259
gfw:af0ab2e2c-c2d3-5fc8-5f06-1020c4f427ed,af0ab2e2c-c2d3-5fc8-5f06-1020c4f427ed,273218240,2026-08-25 00:00:00+00:00,0.000733620688595131
gfw:93bfbffec-c586-ee4b-d249-1d16429503b2,93bfbffec-c586-ee4b-d249-1d16429503b2,273217120,2026-08-25 00:00:00+00:00,0.0007333811252194293
gfw:6b5595bdb-bfa4-931e-35cc-295b39944ccb,6b5595bdb-bfa4-931e-35cc-295b39944ccb,440284000,2026-08-25 00:00:00+00:00,0.0007333158929746095
gfw:69029b3e8-80a5-b106-2b49-24043135cb86,69029b3e8-80a5-b106-2b49-24043135cb86,273343610,2026-08-25 00:00:00+00:00,0.0007332497084207145
gfw:31e8e2e9c-c7e1-9ce5-c0e1-d26b17ddd1a0,31e8e2e9c-c7e1-9ce5-c0e1-d26b17ddd1a0,244870673,2026-08-25 00:00:00+00:00,0.0007332382651920295
gfw:3e33fcc8e-e53d-2d40-08da-74ce6e4e0e47,3e33fcc8e-e53d-2d40-08da-74ce6e4e0e47,273358840,2026-08-25 00:00:00+00:00,0.0007331234759209129
gfw:8831339ee-e2fb-530e-655b-d5cc903c2264,8831339ee-e2fb-530e-655b-d5cc903c2264,273269950,2026-08-25 00:00:00+00:00,0.0007329297156424881
gfw:ae7876fba-a755-e7a5-7ce4-8f1c90d19821,ae7876fba-a755-e7a5-7ce4-8f1c90d19821,565661000,2026-08-25 00:00:00+00:00,0.0007327416371095886
gfw:fea94b370-0cc0-97c0-744a-0482e2916b7c,fea94b370-0cc0-97c0-744a-0482e2916b7c,999900384,2026-08-25 00:00:00+00:00,0.0007323594192961734
gfw:ff5a38502-23df-032c-66f4-d0beba881d2b,ff5a38502-23df-032c-66f4-d0beba881d2b,273441710,2026-08-25 00:00:00+00:00,0.0007322306463450706
gfw:53bc72ea5-582b-3ecf-3fbe-bcb3203a5f37,53bc72ea5-582b-3ecf-3fbe-bcb3203a5f37,273347730,2026-08-25 00:00:00+00:00,0.0007319080068301909
gfw:6d56f5490-068a-5a0c-e6a9-fa12d132fed8,6d56f5490-068a-5a0c-e6a9-fa12d132fed8,273290360,2026-08-25 00:00:00+00:00,0.0007318599372695372
gfw:3954e04e9-9fee-2daf-e814-e3b4a19d97c5,3954e04e9-9fee-2daf-e814-e3b4a19d97c5,311002104,2026-08-25 00:00:00+00:00,0.0007314836799963905
gfw:a02c3e54a-acf7-6618-c304-d7950cc177dd,a02c3e54a-acf7-6618-c304-d7950cc177dd,563319300,2026-08-25 00:00:00+00:00,0.0007313681286212538
gfw:c98e9279b-b775-6d86-d16e-436c316d35fd,c98e9279b-b775-6d86-d16e-436c316d35fd,273380850,2026-08-25 00:00:00+00:00,0.0007313091919631294
gfw:f71b22ea9-9261-e935-79e3-195b3ca1b5b5,f71b22ea9-9261-e935-79e3-195b3ca1b5b5,273617660,2026-08-25 00:00:00+00:00,0.0007307341675018685
gfw:afbabf0b5-514b-ea4a-30b3-ca1635cd6205,afbabf0b5-514b-ea4a-30b3-ca1635cd6205,671524100,2026-08-25 00:00:00+00:00,0.0007303374232559744
gfw:65e7753fa-a356-27c0-1d87-e3fcf2b58e82,65e7753fa-a356-27c0-1d87-e3fcf2b58e82,636024003,2026-08-25 00:00:00+00:00,0.0007303058980396557
gfw:7590ee3d1-1e30-91a7-6adf-f5f130c078b9,7590ee3d1-1e30-91a7-6adf-f5f130c078b9,273359080,2026-08-25 00:00:00+00:00,0.0007300857105605707
gfw:76391fe98-8c3f-a38c-99f7-2b65ab38d388,76391fe98-8c3f-a38c-99f7-2b65ab38d388,273357370,2026-08-25 00:00:00+00:00,0.0007299671088101739
gfw:70e0bf18f-f662-1293-7677-29b877578e38,70e0bf18f-f662-1293-7677-29b877578e38,577778000,2026-08-25 00:00:00+00:00,0.0007297566710150839
gfw:cccc30527-7897-b0aa-a4fb-a795a0fce528,cccc30527-7897-b0aa-a4fb-a795a0fce528,353977000,2026-08-25 00:00:00+00:00,0.0007296539442062997
gfw:4c9598068-88c3-6fa0-13a3-f9a078c80fb6,4c9598068-88c3-6fa0-13a3-f9a078c80fb6,311002272,2026-08-25 00:00:00+00:00,0.0007296228473063596
gfw:4a8fe73c3-3912-3c6f-77fd-1158d2073734,4a8fe73c3-3912-3c6f-77fd-1158d2073734,273614220,2026-08-25 00:00:00+00:00,0.000729412170711297
gfw:643d4ba5b-b95f-2bff-8b96-6b6e3f27a997,643d4ba5b-b95f-2bff-8b96-6b6e3f27a997,273349220,2026-08-25 00:00:00+00:00,0.0007288128756033982
gfw:6ee895a35-5815-1966-9dfd-0cba7911e8ac,6ee895a35-5815-1966-9dfd-0cba7911e8ac,273171009,2026-08-25 00:00:00+00:00,0.0007282954908802715
gfw:fb1410773-3793-f523-bb0a-02ab2cb7a842,fb1410773-3793-f523-bb0a-02ab2cb7a842,273818000,2026-08-25 00:00:00+00:00,0.0007281024079844387
gfw:1c41d686e-e657-e6fd-b489-30d8d6dd1d66,1c41d686e-e657-e6fd-b489-30d8d6dd1d66,219030726,2026-08-25 00:00:00+00:00,0.0007280083293702667
gfw:5ade1d5f2-26c9-de63-6bf8-ce08fc3b79f8,5ade1d5f2-26c9-de63-6bf8-ce08fc3b79f8,414693000,2026-08-25 00:00:00+00:00,0.00072780861378596
gfw:5f0b65fdc-c0df-82e0-b291-c55cfed9ecd4,5f0b65fdc-c0df-82e0-b291-c55cfed9ecd4,273619760,2026-08-25 00:00:00+00:00,0.0007277770772085687
gfw:81d2a1903-366c-87b6-40c0-54e107d6a911,81d2a1903-366c-87b6-40c0-54e107d6a911,273872100,2026-08-25 00:00:00+00:00,0.0007276497211005281
gfw:e967cfd06-64b2-dc90-da39-082e6077eb2a,e967cfd06-64b2-dc90-da39-082e6077eb2a,416467000,2026-08-25 00:00:00+00:00,0.0007275235342972885
gfw:0cd443372-20aa-18a2-fe47-0bba2c501076,0cd443372-20aa-18a2-fe47-0bba2c501076,273259700,2026-08-25 00:00:00+00:00,0.0007259334637783735
gfw:af2c0dbdd-d726-1abb-95b8-4cfcf0fe0c12,af2c0dbdd-d726-1abb-95b8-4cfcf0fe0c12,273353110,2026-08-25 00:00:00+00:00,0.0007255833568747509
gfw:bbaec09be-e027-a804-d0c1-c4c0c10261f6,bbaec09be-e027-a804-d0c1-c4c0c10261f6,273251270,2026-08-25 00:00:00+00:00,0.0007253935060734447
gfw:e28f525b2-2404-98c5-9d9f-1253964c87cb,e28f525b2-2404-98c5-9d9f-1253964c87cb,273389070,2026-08-25 00:00:00+00:00,0.0007251873586885707
gfw:c7309236b-b8ee-8357-7a65-b0d840f0b89d,c7309236b-b8ee-8357-7a65-b0d840f0b89d,273332650,2026-08-25 00:00:00+00:00,0.0007241560617724033
gfw:ddd3f8ebb-b915-bcf6-9d8f-5f463eb99b7f,ddd3f8ebb-b915-bcf6-9d8f-5f463eb99b7f,314001147,2026-08-25 00:00:00+00:00,0.0007238029279858993
gfw:4d4da6ff7-7d93-a607-8cb2-bf1e7f068311,4d4da6ff7-7d93-a607-8cb2-bf1e7f068311,613503100,2026-08-25 00:00:00+00:00,0.0007235479796239653
gfw:be60941b1-16ce-207b-2efa-07562460aa53,be60941b1-16ce-207b-2efa-07562460aa53,636025569,2026-08-25 00:00:00+00:00,0.0007231605426563232
gfw:5a6c149f5-573d-97bd-3ea1-325ed262337b,5a6c149f5-573d-97bd-3ea1-325ed262337b,538009981,2026-08-25 00:00:00+00:00,0.0007230382891214464
gfw:66fc17c1e-ee57-eb31-0972-991d09841f22,66fc17c1e-ee57-eb31-0972-991d09841f22,667002321,2026-08-25 00:00:00+00:00,0.0007228689625569163
gfw:716352004-4efb-894f-fafa-2c6f4a44dd5b,716352004-4efb-894f-fafa-2c6f4a44dd5b,999900411,2026-08-25 00:00:00+00:00,0.0007227561961927156
gfw:a10a35f69-9386-d200-0917-ee93af8dec36,a10a35f69-9386-d200-0917-ee93af8dec36,667002021,2026-08-25 00:00:00+00:00,0.0007227259582496258
gfw:7b61898df-fc01-6a25-ca86-e6e4f2e32d75,7b61898df-fc01-6a25-ca86-e6e4f2e32d75,273199300,2026-08-25 00:00:00+00:00,0.0007223411025476896
gfw:4dbb0bc19-9300-6fd7-d452-cc6bfac3bb66,4dbb0bc19-9300-6fd7-d452-cc6bfac3bb66,636022144,2026-08-25 00:00:00+00:00,0.0007222417828977311
gfw:07dcdc671-11c6-bc0f-6665-7e915ddd27cc,07dcdc671-11c6-bc0f-6665-7e915ddd27cc,256083000,2026-08-25 00:00:00+00:00,0.0007220505168929067
gfw:8ea113fe0-0ec6-0c53-8a5c-af4bd7882cb8,8ea113fe0-0ec6-0c53-8a5c-af4bd7882cb8,273295260,2026-08-25 00:00:00+00:00,0.0007219660738232964
gfw:5569dc167-7eb7-7dc9-e0c0-f08d41ea3ffb,5569dc167-7eb7-7dc9-e0c0-f08d41ea3ffb,273810100,2026-08-25 00:00:00+00:00,0.0007217927363848391
gfw:8e0a1f380-0fce-2218-aa73-77940ff26414,8e0a1f380-0fce-2218-aa73-77940ff26414,273412910,2026-08-25 00:00:00+00:00,0.0007210832216137607
gfw:de0c8fa3c-c51d-67ae-93b2-23574c9706dd,de0c8fa3c-c51d-67ae-93b2-23574c9706dd,209657000,2026-08-25 00:00:00+00:00,0.0007204153738952617
gfw:ebae40948-80c7-f3b1-79fc-f49ee969f421,ebae40948-80c7-f3b1-79fc-f49ee969f421,412420956,2026-08-25 00:00:00+00:00,0.0007203780133570683
gfw:33647b9de-e3cd-a7dd-2e4f-d2066d5ee87d,33647b9de-e3cd-a7dd-2e4f-d2066d5ee87d,273358400,2026-08-25 00:00:00+00:00,0.0007198083881947157
gfw:e113a1a90-0b4b-a86d-ed3c-c5da50508295,e113a1a90-0b4b-a86d-ed3c-c5da50508295,273215160,2026-08-25 00:00:00+00:00,0.0007195966775288441
gfw:9ae27baab-b7f9-b6a4-e6b7-b363820b738c,9ae27baab-b7f9-b6a4-e6b7-b363820b738c,999900568,2026-08-25 00:00:00+00:00,0.0007193091944389843
gfw:2ca1c3012-2271-15cd-ea08-2e536333f615,2ca1c3012-2271-15cd-ea08-2e536333f615,273291780,2026-08-25 00:00:00+00:00,0.0007191142703709923
gfw:e242e5d0a-af2b-2c3d-0bff-3606a3fa8af1,e242e5d0a-af2b-2c3d-0bff-3606a3fa8af1,273340990,2026-08-25 00:00:00+00:00,0.0007190909521777991
gfw:5c4f120c0-0d77-b19b-ed8a-dbd7c00405db,5c4f120c0-0d77-b19b-ed8a-dbd7c00405db,273390690,2026-08-25 00:00:00+00:00,0.000718980332699244
gfw:1752cdc07-7712-2a23-3c27-c1b735d212e0,1752cdc07-7712-2a23-3c27-c1b735d212e0,273890710,2026-08-25 00:00:00+00:00,0.000718889737382854
gfw:50618cb61-1e56-9a7e-0250-cc2e3ed68957,50618cb61-1e56-9a7e-0250-cc2e3ed68957,613522701,2026-08-25 00:00:00+00:00,0.0007187541225624803
gfw:3dbb9bc8a-a059-6a7d-82e2-6cbe6ad7dc66,3dbb9bc8a-a059-6a7d-82e2-6cbe6ad7dc66,477123400,2026-08-25 00:00:00+00:00,0.0007186653606470281
gfw:8e904763d-de5b-027d-8532-847a005d132d,8e904763d-de5b-027d-8532-847a005d132d,273211530,2026-08-25 00:00:00+00:00,0.0007180733595965862
gfw:9943780eb-bb36-2028-637d-d38d5ddd12f9,9943780eb-bb36-2028-637d-d38d5ddd12f9,538009492,2026-08-25 00:00:00+00:00,0.0007180051509358735
gfw:8e42edbf9-9118-6568-95f7-0ec7c515bf18,8e42edbf9-9118-6568-95f7-0ec7c515bf18,273165300,2026-08-25 00:00:00+00:00,0.0007179802495689047
gfw:14d7f89af-f9a7-d12e-3d82-4c3e090694ff,14d7f89af-f9a7-d12e-3d82-4c3e090694ff,273126520,2026-08-25 00:00:00+00:00,0.0007177801217050048
gfw:edcecbee7-750e-320d-8991-29def1b92ae7,edcecbee7-750e-320d-8991-29def1b92ae7,941221441,2026-08-25 00:00:00+00:00,0.0007176784351717839
gfw:6c037d863-3978-610b-1c1f-0d728919b6cf,6c037d863-3978-610b-1c1f-0d728919b6cf,352004876,2026-08-25 00:00:00+00:00,0.0007176630831583977
gfw:2cc534561-1f2c-cac5-e6b8-e53edba65254,2cc534561-1f2c-cac5-e6b8-e53edba65254,999900612,2026-08-25 00:00:00+00:00,0.0007174791552977047
gfw:d2caffcab-b942-b009-351b-ea7f89efb318,d2caffcab-b942-b009-351b-ea7f89efb318,273272460,2026-08-25 00:00:00+00:00,0.0007171466257601626
gfw:4857f1802-2ffd-b011-6d0f-62e4507ca05d,4857f1802-2ffd-b011-6d0f-62e4507ca05d,273278640,2026-08-25 00:00:00+00:00,0.0007170927967895366
gfw:ae4636f25-5be4-8a6e-8056-af6c7681f891,ae4636f25-5be4-8a6e-8056-af6c7681f891,273361680,2026-08-25 00:00:00+00:00,0.0007170756870427906
gfw:36ed0b8d4-477b-f246-d76a-0a8d7d11a482,36ed0b8d4-477b-f246-d76a-0a8d7d11a482,273438800,2026-08-25 00:00:00+00:00,0.000716919638033143
gfw:94d343e0c-ceab-fc76-cd3b-a49c46a878ce,94d343e0c-ceab-fc76-cd3b-a49c46a878ce,273217840,2026-08-25 00:00:00+00:00,0.0007168975342975826
gfw:fb5efe77c-c03f-ed6d-7fc1-4a12880b04e6,fb5efe77c-c03f-ed6d-7fc1-4a12880b04e6,636021661,2026-08-25 00:00:00+00:00,0.0007163660564444846
gfw:70681feb8-8d87-76e9-2456-d777a4860d04,70681feb8-8d87-76e9-2456-d777a4860d04,305094000,2026-08-25 00:00:00+00:00,0.0007159725167298856
gfw:72773f33e-e565-b982-e5a9-9e4db0d30389,72773f33e-e565-b982-e5a9-9e4db0d30389,273444710,2026-08-25 00:00:00+00:00,0.0007159228509095165
gfw:38c3e452d-d284-3011-fff4-74a771b69b09,38c3e452d-d284-3011-fff4-74a771b69b09,273383920,2026-08-25 00:00:00+00:00,0.0007158965892474328
gfw:575c15893-35f1-2bb7-aeef-6352ff4d567f,575c15893-35f1-2bb7-aeef-6352ff4d567f,273275190,2026-08-25 00:00:00+00:00,0.0007157596203021458
gfw:24b1bafc2-262c-19e8-d66f-a79c02e636de,24b1bafc2-262c-19e8-d66f-a79c02e636de,215233000,2026-08-25 00:00:00+00:00,0.0007153339762696898
gfw:f36527829-90bb-77e0-8f62-43494c24e54c,f36527829-90bb-77e0-8f62-43494c24e54c,273430430,2026-08-25 00:00:00+00:00,0.0007146810937061369
gfw:64bf448b6-68e7-b297-7fd8-25297155b0f4,64bf448b6-68e7-b297-7fd8-25297155b0f4,273454330,2026-08-25 00:00:00+00:00,0.0007143146725141003
gfw:62cdfe77f-f517-b9cb-2cb3-97683e5fa0fa,62cdfe77f-f517-b9cb-2cb3-97683e5fa0fa,533132134,2026-08-25 00:00:00+00:00,0.0007140575913581413
gfw:78f53cbe4-4f56-5d17-3ee2-535d2501f3da,78f53cbe4-4f56-5d17-3ee2-535d2501f3da,441125000,2026-08-25 00:00:00+00:00,0.0007140423533092466
gfw:310c6befb-bb58-11ec-0398-589690ec44ab,310c6befb-bb58-11ec-0398-589690ec44ab,273455590,2026-08-25 00:00:00+00:00,0.0007139821369686111
gfw:412d401b4-4493-5b66-4961-6bae1bfa6c94,412d401b4-4493-5b66-4961-6bae1bfa6c94,538012483,2026-08-25 00:00:00+00:00,0.0007134791335268465
gfw:75808d852-2ce1-1ce3-7ef9-31338aac5c8e,75808d852-2ce1-1ce3-7ef9-31338aac5c8e,273448240,2026-08-25 00:00:00+00:00,0.0007131586143142138
gfw:58d8d302a-a2d4-37bf-90c2-3a983d421429,58d8d302a-a2d4-37bf-90c2-3a983d421429,461000187,2026-08-25 00:00:00+00:00,0.000712290419208008
gfw:22c185359-966f-29c3-9bd7-31296f8ea074,22c185359-966f-29c3-9bd7-31296f8ea074,273332500,2026-08-25 00:00:00+00:00,0.0007116249952344142
gfw:d383d7394-45f2-687e-aee8-08a7d81aeef1,d383d7394-45f2-687e-aee8-08a7d81aeef1,563217100,2026-08-25 00:00:00+00:00,0.0007115403853240504
gfw:b653f1016-61be-c436-98d5-fea5a58ebca2,b653f1016-61be-c436-98d5-fea5a58ebca2,636016360,2026-08-25 00:00:00+00:00,0.0007114683071395398
gfw:5dfdeafe1-1922-105d-825f-f653bcfa7289,5dfdeafe1-1922-105d-825f-f653bcfa7289,273344930,2026-08-25 00:00:00+00:00,0.0007113837702772408
gfw:a3d151200-09aa-1174-92fb-db7fa09e1d42,a3d151200-09aa-1174-92fb-db7fa09e1d42,273430810,2026-08-25 00:00:00+00:00,0.0007111228785573573
gfw:51457ea15-545b-c9fe-2a40-6717a456ce63,51457ea15-545b-c9fe-2a40-6717a456ce63,273218730,2026-08-25 00:00:00+00:00,0.0007108498341557855
gfw:2ff8443bc-cc46-fa92-3dc1-be4256a29711,2ff8443bc-cc46-fa92-3dc1-be4256a29711,273446030,2026-08-25 00:00:00+00:00,0.0007095847169755744
gfw:1aabc3089-9666-e2e2-e8ec-e164e2dcc290,1aabc3089-9666-e2e2-e8ec-e164e2dcc290,273411800,2026-08-25 00:00:00+00:00,0.0007093619389973147
gfw:85919be61-1f3a-92b7-a625-cd72ac0f87b4,85919be61-1f3a-92b7-a625-cd72ac0f87b4,636013281,2026-08-25 00:00:00+00:00,0.0007093519207137187
gfw:41d8fcc1c-ca74-50bf-20c1-00aa8b76360f,41d8fcc1c-ca74-50bf-20c1-00aa8b76360f,273814310,2026-08-25 00:00:00+00:00,0.0007092536704056216
gfw:f8ae306fb-b9f5-70a1-bb2b-abb559eb6748,f8ae306fb-b9f5-70a1-bb2b-abb559eb6748,538005734,2026-08-25 00:00:00+00:00,0.0007091744957298005
gfw:b3fd913a6-67ff-be7a-b7db-851a6d4545ea,b3fd913a6-67ff-be7a-b7db-851a6d4545ea,412421036,2026-08-25 00:00:00+00:00,0.0007090190517430339
gfw:1c122cb99-98e9-3d7d-727c-7b87b886ffa8,1c122cb99-98e9-3d7d-727c-7b87b886ffa8,312608000,2026-08-25 00:00:00+00:00,0.000708451951330579
gfw:cdadbe009-97c6-fc75-0083-6200dba35ea0,cdadbe009-97c6-fc75-0083-6200dba35ea0,999900310,2026-08-25 00:00:00+00:00,0.0007077895232957876
gfw:ae49a4f24-4aaa-4751-fca4-40d4812e6568,ae49a4f24-4aaa-4751-fca4-40d4812e6568,209351000,2026-08-25 00:00:00+00:00,0.0007075071018695186
gfw:745a322d8-8e7d-c751-740b-f51006a4a9c5,745a322d8-8e7d-c751-740b-f51006a4a9c5,273410800,2026-08-25 00:00:00+00:00,0.000707377493603268
gfw:a3235528b-b987-830c-31b5-df2119751f8b,a3235528b-b987-830c-31b5-df2119751f8b,352006558,2026-08-25 00:00:00+00:00,0.0007071239288857838
gfw:19f7027dc-c945-b314-d22d-36cb573c0436,19f7027dc-c945-b314-d22d-36cb573c0436,273450770,2026-08-25 00:00:00+00:00,0.0007067596619264798
gfw:54db52b3d-d173-50d3-3826-d14fdedc0e71,54db52b3d-d173-50d3-3826-d14fdedc0e71,999900234,2026-08-25 00:00:00+00:00,0.0007063318987431895
gfw:84cd67357-7f47-cb67-a67e-20a4dd3763e2,84cd67357-7f47-cb67-a67e-20a4dd3763e2,273840710,2026-08-25 00:00:00+00:00,0.0007063306604713032
gfw:bcac3f290-0e19-d13c-b11f-0ca94c86ff94,bcac3f290-0e19-d13c-b11f-0ca94c86ff94,229716000,2026-08-25 00:00:00+00:00,0.0007060519271001026
gfw:add323b44-40a1-4d56-ccbf-5cb5b0823b64,add323b44-40a1-4d56-ccbf-5cb5b0823b64,352003801,2026-08-25 00:00:00+00:00,0.0007059466934966726
gfw:3e5f4f739-9dc6-a951-57cf-1599736c12c9,3e5f4f739-9dc6-a951-57cf-1599736c12c9,259040000,2026-08-25 00:00:00+00:00,0.0007057841003128138
gfw:98188f77b-b88f-8f45-4e34-387a57b9f25b,98188f77b-b88f-8f45-4e34-387a57b9f25b,671366100,2026-08-25 00:00:00+00:00,0.0007056750546088312
gfw:35f3f4164-4e8d-ba5c-d36d-e30ff951459c,35f3f4164-4e8d-ba5c-d36d-e30ff951459c,273397150,2026-08-25 00:00:00+00:00,0.0007052234875993734
gfw:9c022f0ec-c6fc-eb65-66ff-83bb4c8cbefa,9c022f0ec-c6fc-eb65-66ff-83bb4c8cbefa,273352970,2026-08-25 00:00:00+00:00,0.000704623869457962
gfw:38447b75d-d702-889a-af01-1e38015ebc0e,38447b75d-d702-889a-af01-1e38015ebc0e,538090668,2026-08-25 00:00:00+00:00,0.0007044949948260839
gfw:88514cf43-3735-eac2-f08c-a2967681589e,88514cf43-3735-eac2-f08c-a2967681589e,636021250,2026-08-25 00:00:00+00:00,0.0007042693990987016
gfw:a7358cfa3-318b-6588-f589-f39d94e017d8,a7358cfa3-318b-6588-f589-f39d94e017d8,563210600,2026-08-25 00:00:00+00:00,0.0007041481061150064
gfw:a94a5f0ea-a126-d673-aa0b-6ef473798ea8,a94a5f0ea-a126-d673-aa0b-6ef473798ea8,273414670,2026-08-25 00:00:00+00:00,0.000704131958376473
gfw:33628e160-0e93-881e-1dcb-0e44b40f36ab,33628e160-0e93-881e-1dcb-0e44b40f36ab,352002437,2026-08-25 00:00:00+00:00,0.0007040961143777524
gfw:5ebccdb00-08bc-3430-4d4c-1e63abc5054a,5ebccdb00-08bc-3430-4d4c-1e63abc5054a,352001761,2026-08-25 00:00:00+00:00,0.0007037000850627632
gfw:948fe0576-63b1-8892-d045-f5537df5abf3,948fe0576-63b1-8892-d045-f5537df5abf3,273453820,2026-08-25 00:00:00+00:00,0.0007035623584890129
gfw:18913b6a2-2b5c-b04d-865e-845850b97649,18913b6a2-2b5c-b04d-865e-845850b97649,636025089,2026-08-25 00:00:00+00:00,0.0007034480717552799
gfw:d5ac37a67-7dbf-c677-8a49-0f05664f8844,d5ac37a67-7dbf-c677-8a49-0f05664f8844,273383010,2026-08-25 00:00:00+00:00,0.0007034206895124622
gfw:35852db6d-d32b-4cb3-e619-d4ae6e520f11,35852db6d-d32b-4cb3-e619-d4ae6e520f11,273410740,2026-08-25 00:00:00+00:00,0.0007032635729070708
gfw:489490212-22a6-8961-fb2f-c033acc6a7d7,489490212-22a6-8961-fb2f-c033acc6a7d7,538012718,2026-08-25 00:00:00+00:00,0.0007031650706875819
gfw:bcb4e37cf-fd9e-1cf8-f218-79cccdabad12,bcb4e37cf-fd9e-1cf8-f218-79cccdabad12,461000258,2026-08-25 00:00:00+00:00,0.0007028364038364396
gfw:86bb46ef0-0960-0b1b-00d3-8f92587b1a75,86bb46ef0-0960-0b1b-00d3-8f92587b1a75,352003725,2026-08-25 00:00:00+00:00,0.0007028358553823234
gfw:5d8a4ed5e-e29a-c16d-9b51-238ddacd18f3,5d8a4ed5e-e29a-c16d-9b51-238ddacd18f3,273272530,2026-08-25 00:00:00+00:00,0.0007027272144587575
gfw:09f903049-9427-a72f-7b00-129708ee10b8,09f903049-9427-a72f-7b00-129708ee10b8,273383360,2026-08-25 00:00:00+00:00,0.0007019597195318733
gfw:37692ea11-1dd5-f1f6-2ff8-31400829bda8,37692ea11-1dd5-f1f6-2ff8-31400829bda8,431497000,2026-08-25 00:00:00+00:00,0.0007010834141666804
gfw:7cf729b6a-a6fe-783b-1b73-09fdb2317004,7cf729b6a-a6fe-783b-1b73-09fdb2317004,273353430,2026-08-25 00:00:00+00:00,0.0007008891218267575
gfw:5771bdc6f-f55a-c96b-263f-a80fbb83939e,5771bdc6f-f55a-c96b-263f-a80fbb83939e,671193100,2026-08-25 00:00:00+00:00,0.0007007744155108437
gfw:b8606636f-f483-ea1d-1c3c-d4b0e1d5f82d,b8606636f-f483-ea1d-1c3c-d4b0e1d5f82d,273264820,2026-08-25 00:00:00+00:00,0.0007003221953104877
gfw:6fa138630-0b58-d825-e15b-b0e978865837,6fa138630-0b58-d825-e15b-b0e978865837,273215560,2026-08-25 00:00:00+00:00,0.0007001314515844604
gfw:92cae1bba-ad81-d515-2b4b-4aa7849f5f77,92cae1bba-ad81-d515-2b4b-4aa7849f5f77,667002040,2026-08-25 00:00:00+00:00,0.0007001189236233416
gfw:77cee0493-339f-323e-a32b-7c54b5305419,77cee0493-339f-323e-a32b-7c54b5305419,352004563,2026-08-25 00:00:00+00:00,0.0007000662693805942
gfw:328d90932-29b7-2192-c9b0-b82e969df5f6,328d90932-29b7-2192-c9b0-b82e969df5f6,273617920,2026-08-25 00:00:00+00:00,0.0006996590919445478
gfw:166284cb6-682f-a9a4-5190-b9a70bdef148,166284cb6-682f-a9a4-5190-b9a70bdef148,273396150,2026-08-25 00:00:00+00:00,0.0006995646824504673
gfw:54a76bec3-3be2-bc1f-da7d-0ebc2eaef864,54a76bec3-3be2-bc1f-da7d-0ebc2eaef864,273384930,2026-08-25 00:00:00+00:00,0.0006992563543879237
gfw:06fe4bbb2-2cd6-a1c4-c03e-37fa11d150f3,06fe4bbb2-2cd6-a1c4-c03e-37fa11d150f3,414402990,2026-08-25 00:00:00+00:00,0.0006987829505713839
gfw:5922ea3ec-cf02-d3e2-8981-00b73ae70633,5922ea3ec-cf02-d3e2-8981-00b73ae70633,352002152,2026-08-25 00:00:00+00:00,0.0006975280125211696
gfw:a0d8c25d9-9680-fcda-a966-36c5a83e4f6d,a0d8c25d9-9680-fcda-a966-36c5a83e4f6d,273880100,2026-08-25 00:00:00+00:00,0.0006974415677526666
gfw:afebb3f83-3dba-f243-f41e-1bdf362becf4,afebb3f83-3dba-f243-f41e-1bdf362becf4,273385120,2026-08-25 00:00:00+00:00,0.000697312446755774
gfw:67b797eed-d35c-24a3-332d-e5e86b0f206a,67b797eed-d35c-24a3-332d-e5e86b0f206a,351988000,2026-08-25 00:00:00+00:00,0.0006972554473769207
gfw:ef7551278-892c-a565-8edb-918babcb93a5,ef7551278-892c-a565-8edb-918babcb93a5,999900556,2026-08-25 00:00:00+00:00,0.0006963127259004967
gfw:fe5980941-1489-132b-b26d-7abde5d68bf4,fe5980941-1489-132b-b26d-7abde5d68bf4,273458050,2026-08-25 00:00:00+00:00,0.0006953280954839552
gfw:09af1012e-e0d3-bdae-e6af-3a46322ab640,09af1012e-e0d3-bdae-e6af-3a46322ab640,305814000,2026-08-25 00:00:00+00:00,0.000695312753459527
gfw:b7edd2d38-8f63-a671-e845-a145536832c6,b7edd2d38-8f63-a671-e845-a145536832c6,352006615,2026-08-25 00:00:00+00:00,0.0006953071304833081
gfw:af3214e67-7aa7-e329-90ac-0ca138843408,af3214e67-7aa7-e329-90ac-0ca138843408,273842020,2026-08-25 00:00:00+00:00,0.0006952826303530027
gfw:f7bc44f65-52d4-2a65-e7b5-18997aa80175,f7bc44f65-52d4-2a65-e7b5-18997aa80175,255806387,2026-08-25 00:00:00+00:00,0.0006952492639500115
gfw:1a17cd60c-c42e-856e-6d8e-e5f4dc3212a4,1a17cd60c-c42e-856e-6d8e-e5f4dc3212a4,352005769,2026-08-25 00:00:00+00:00,0.000695211583771577
gfw:71aeca501-11c1-ca86-d179-97cae9e109ef,71aeca501-11c1-ca86-d179-97cae9e109ef,273264340,2026-08-25 00:00:00+00:00,0.0006952013314925785
gfw:9884a2ffd-dc84-1fc5-7fb7-8ed1093bacc9,9884a2ffd-dc84-1fc5-7fb7-8ed1093bacc9,273353260,2026-08-25 00:00:00+00:00,0.0006948374019444719
gfw:87b9a4c8c-cf9e-8cd8-5b5b-73ae89f0138f,87b9a4c8c-cf9e-8cd8-5b5b-73ae89f0138f,273210860,2026-08-25 00:00:00+00:00,0.0006942036993488975
gfw:f7b38fc96-6739-85ca-8e85-56e51312de44,f7b38fc96-6739-85ca-8e85-56e51312de44,251100850,2026-08-25 00:00:00+00:00,0.0006935665614241207
gfw:47886fd71-14c4-fc63-bba1-973945e31cb5,47886fd71-14c4-fc63-bba1-973945e31cb5,273359130,2026-08-25 00:00:00+00:00,0.0006934825495455007
gfw:3528a16a9-9a9f-f701-e6cd-ee24e7e6e2c9,3528a16a9-9a9f-f701-e6cd-ee24e7e6e2c9,273451030,2026-08-25 00:00:00+00:00,0.0006934002137714922
gfw:4fe8b7012-2e1a-de2a-ee71-3080ecab4d2f,4fe8b7012-2e1a-de2a-ee71-3080ecab4d2f,273459600,2026-08-25 00:00:00+00:00,0.0006932955687466684
gfw:8d0c8ea1c-c925-f72b-c94e-1044f68e727e,8d0c8ea1c-c925-f72b-c94e-1044f68e727e,440500000,2026-08-25 00:00:00+00:00,0.000692953299833171
gfw:ee5af61f5-5c68-8719-d24e-8fa56d073389,ee5af61f5-5c68-8719-d24e-8fa56d073389,225372000,2026-08-25 00:00:00+00:00,0.0006927009078876527
gfw:b44452fda-ae00-c304-5816-7be2172034b8,b44452fda-ae00-c304-5816-7be2172034b8,613081802,2026-08-25 00:00:00+00:00,0.000692398025207519
gfw:4f84b4fab-bce7-c64f-ac49-0ad4b0a7cc3b,4f84b4fab-bce7-c64f-ac49-0ad4b0a7cc3b,440698000,2026-08-25 00:00:00+00:00,0.0006923500538455611
gfw:3038601d6-69c7-9c7a-d268-47f7b7266d67,3038601d6-69c7-9c7a-d268-47f7b7266d67,255790000,2026-08-25 00:00:00+00:00,0.0006921456387403265
gfw:48698a50a-aac0-239f-e2b6-ea2a80cf9db9,48698a50a-aac0-239f-e2b6-ea2a80cf9db9,273276850,2026-08-25 00:00:00+00:00,0.0006916512993952458
gfw:453c8f4c3-3ee1-8ba4-fab4-64d2714874ad,453c8f4c3-3ee1-8ba4-fab4-64d2714874ad,457192000,2026-08-25 00:00:00+00:00,0.0006915801637693416
gfw:55a4512f9-9925-3e9f-3ba7-0af1f70d3a91,55a4512f9-9925-3e9f-3ba7-0af1f70d3a91,352003948,2026-08-25 00:00:00+00:00,0.0006913624690517501
gfw:5d27d5fed-dd57-a8e0-643e-545c966e73e9,5d27d5fed-dd57-a8e0-643e-545c966e73e9,538005903,2026-08-25 00:00:00+00:00,0.0006913241275010546
gfw:2fd5f6b32-233b-6515-9edb-5b0ff54f527a,2fd5f6b32-233b-6515-9edb-5b0ff54f527a,413696090,2026-08-25 00:00:00+00:00,0.0006911029643258223
gfw:083e73cc8-845c-8f82-dba8-0b9a29ef0954,083e73cc8-845c-8f82-dba8-0b9a29ef0954,273451790,2026-08-25 00:00:00+00:00,0.0006910394273429461
gfw:d2b05acb4-4dc3-349b-b249-6cf0e2898e80,d2b05acb4-4dc3-349b-b249-6cf0e2898e80,538009904,2026-08-25 00:00:00+00:00,0.0006902810463733381
gfw:205f91094-45ef-6b8d-98aa-6805a519d2f9,205f91094-45ef-6b8d-98aa-6805a519d2f9,620800398,2026-08-25 00:00:00+00:00,0.0006899130564025784
gfw:f9b07f15c-c89a-94ab-e15d-022f9b4e5bff,f9b07f15c-c89a-94ab-e15d-022f9b4e5bff,273218060,2026-08-25 00:00:00+00:00,0.0006893759985913476
gfw:e700682cd-db6d-4ebb-8fbf-9e92658cd1f4,e700682cd-db6d-4ebb-8fbf-9e92658cd1f4,273276930,2026-08-25 00:00:00+00:00,0.0006893588764707216
gfw:a090051e8-8540-ea27-e1e2-3e337a055884,a090051e8-8540-ea27-e1e2-3e337a055884,273372430,2026-08-25 00:00:00+00:00,0.0006892323245105587
gfw:63d59f49b-bd0d-16b0-390b-c4f09e4e26c8,63d59f49b-bd0d-16b0-390b-c4f09e4e26c8,273843020,2026-08-25 00:00:00+00:00,0.0006890383613707292
gfw:4846d6079-9c3f-7177-4480-84f294739a7a,4846d6079-9c3f-7177-4480-84f294739a7a,577733000,2026-08-25 00:00:00+00:00,0.0006888294068047655
gfw:a9ba43d8d-dac9-5d82-f35e-a8744dbc2e95,a9ba43d8d-dac9-5d82-f35e-a8744dbc2e95,311001844,2026-08-25 00:00:00+00:00,0.0006885186141256851
gfw:aa26df857-75f9-32c2-03ca-945feaf37224,aa26df857-75f9-32c2-03ca-945feaf37224,251100850,2026-08-25 00:00:00+00:00,0.000687610123120464
gfw:aa09884a5-5800-f56f-c241-40557e8650dc,aa09884a5-5800-f56f-c241-40557e8650dc,273612220,2026-08-25 00:00:00+00:00,0.0006871917824957352
gfw:7597651c9-90ed-0c2f-7bb7-0c0841bf5376,7597651c9-90ed-0c2f-7bb7-0c0841bf5376,215371000,2026-08-25 00:00:00+00:00,0.0006870974544932838
gfw:e518d09a2-2c92-3a88-3100-ef38dedc9864,e518d09a2-2c92-3a88-3100-ef38dedc9864,566853000,2026-08-25 00:00:00+00:00,0.000686881047643128
gfw:9b418da99-962d-d536-1c30-1c6e89b525c2,9b418da99-962d-d536-1c30-1c6e89b525c2,273358370,2026-08-25 00:00:00+00:00,0.0006868297160940573
gfw:19384d991-1088-4f74-e924-28722669657b,19384d991-1088-4f74-e924-28722669657b,273399770,2026-08-25 00:00:00+00:00,0.0006867068341029048
gfw:aa36ce112-2d55-28b0-ed49-08b2625de7e6,aa36ce112-2d55-28b0-ed49-08b2625de7e6,273334570,2026-08-25 00:00:00+00:00,0.0006858544973547901
gfw:9832f90ee-e6bc-67dc-592f-9cd22f92c6e1,9832f90ee-e6bc-67dc-592f-9cd22f92c6e1,273545130,2026-08-25 00:00:00+00:00,0.0006854500955871695
gfw:d700fbd11-1b56-f98c-4245-3c62c5d59d52,d700fbd11-1b56-f98c-4245-3c62c5d59d52,273357360,2026-08-25 00:00:00+00:00,0.0006852990214070249
gfw:2f75101ca-a809-84eb-9364-c99b1b8247b8,2f75101ca-a809-84eb-9364-c99b1b8247b8,273257120,2026-08-25 00:00:00+00:00,0.0006851003540230549
gfw:27fb47ab8-8c01-7475-065e-e9a26d5faf8f,27fb47ab8-8c01-7475-065e-e9a26d5faf8f,273267690,2026-08-25 00:00:00+00:00,0.0006848522762459463
gfw:a8f880e8d-dfa6-34db-601a-656af7429f8e,a8f880e8d-dfa6-34db-601a-656af7429f8e,636022843,2026-08-25 00:00:00+00:00,0.0006847967358380448
gfw:c1e5cad13-3de0-87ac-7d85-14e03d14de97,c1e5cad13-3de0-87ac-7d85-14e03d14de97,355801000,2026-08-25 00:00:00+00:00,0.0006847956266030899
gfw:eae351abb-bbc0-b5eb-72b7-a9b59a2afc6b,eae351abb-bbc0-b5eb-72b7-a9b59a2afc6b,273444440,2026-08-25 00:00:00+00:00,0.0006841387344342946
gfw:0fb1c2c2f-f62c-6c09-4141-89923443ab7f,0fb1c2c2f-f62c-6c09-4141-89923443ab7f,440581000,2026-08-25 00:00:00+00:00,0.0006840611324646865
gfw:840bbf615-5a9a-0bb7-0774-c04a1fdadd2c,840bbf615-5a9a-0bb7-0774-c04a1fdadd2c,671388100,2026-08-25 00:00:00+00:00,0.0006837196715616007
gfw:678334a38-86ce-a4ab-4264-276c8adb286e,678334a38-86ce-a4ab-4264-276c8adb286e,273337270,2026-08-25 00:00:00+00:00,0.000683314566075404
gfw:2547141a3-32c3-96fa-db10-f335020db6ce,2547141a3-32c3-96fa-db10-f335020db6ce,273253020,2026-08-25 00:00:00+00:00,0.0006829663519583841
gfw:316cafa0c-c9ea-4f3b-12b2-30411dc00c82,316cafa0c-c9ea-4f3b-12b2-30411dc00c82,636021059,2026-08-25 00:00:00+00:00,0.000682894768808554
gfw:7bd284b6e-efe1-94ac-94c5-3bfeeca8dbeb,7bd284b6e-efe1-94ac-94c5-3bfeeca8dbeb,271042520,2026-08-25 00:00:00+00:00,0.0006828403670468419
gfw:0bfd468a5-5dd8-88b7-06ac-1c4901d0b73e,0bfd468a5-5dd8-88b7-06ac-1c4901d0b73e,355124000,2026-08-25 00:00:00+00:00,0.0006827703270507044
gfw:b5f6de91b-b2fc-fcf1-29ac-05b28408049c,b5f6de91b-b2fc-fcf1-29ac-05b28408049c,273317640,2026-08-25 00:00:00+00:00,0.0006827145377091694
gfw:72c442e99-9c2b-0d57-e37a-ae3b47fd532a,72c442e99-9c2b-0d57-e37a-ae3b47fd532a,273844610,2026-08-25 00:00:00+00:00,0.0006826142569307334
gfw:b985b46f1-1fb8-beb3-3fbc-51aec99a181e,b985b46f1-1fb8-beb3-3fbc-51aec99a181e,620800061,2026-08-25 00:00:00+00:00,0.000682505539377156
gfw:595258e28-8d84-0645-e176-693e732787b7,595258e28-8d84-0645-e176-693e732787b7,273434790,2026-08-25 00:00:00+00:00,0.0006824849889217191
gfw:30c829616-661d-9357-0536-90ffbc61c9f0,30c829616-661d-9357-0536-90ffbc61c9f0,273271630,2026-08-25 00:00:00+00:00,0.0006822775985769991
gfw:0f412365f-fdca-64f5-68dd-f85f2edf4482,0f412365f-fdca-64f5-68dd-f85f2edf4482,667001321,2026-08-25 00:00:00+00:00,0.0006818935036495714
gfw:cdcbdcfb4-4b9f-dccb-25f7-98ed7b6b3cf9,cdcbdcfb4-4b9f-dccb-25f7-98ed7b6b3cf9,273273660,2026-08-25 00:00:00+00:00,0.0006811542414657876
gfw:eecb373b3-335b-afe8-43e7-26fa00dc18c7,eecb373b3-335b-afe8-43e7-26fa00dc18c7,273448720,2026-08-25 00:00:00+00:00,0.00068088506752138
gfw:7a6904253-35dd-b273-05d4-3c73d03ec592,7a6904253-35dd-b273-05d4-3c73d03ec592,273393530,2026-08-25 00:00:00+00:00,0.0006807653195435424
gfw:df8f8ef70-0fc2-173c-56e2-f96f8ee9d214,df8f8ef70-0fc2-173c-56e2-f96f8ee9d214,273394940,2026-08-25 00:00:00+00:00,0.0006807432493224085
gfw:ea28fd6db-be5c-b3ac-652c-e36bb1857233,ea28fd6db-be5c-b3ac-652c-e36bb1857233,273266360,2026-08-25 00:00:00+00:00,0.0006806651690505609
gfw:eae7543d5-5f15-7964-178d-fad7fc3a2a95,eae7543d5-5f15-7964-178d-fad7fc3a2a95,305014400,2026-08-25 00:00:00+00:00,0.0006801050282043691
gfw:70785d1b4-4006-0284-c214-a1bb07545079,70785d1b4-4006-0284-c214-a1bb07545079,273368980,2026-08-25 00:00:00+00:00,0.0006797536294148657
gfw:8c9742349-98a7-a970-1376-422758636604,8c9742349-98a7-a970-1376-422758636604,630001236,2026-08-25 00:00:00+00:00,0.0006792849350035363
gfw:37cb49f2a-a32b-2966-1604-f27162b79c5f,37cb49f2a-a32b-2966-1604-f27162b79c5f,273389400,2026-08-25 00:00:00+00:00,0.000678946255925561
gfw:a2413416e-e226-9f49-88a0-ec8c48d6891c,a2413416e-e226-9f49-88a0-ec8c48d6891c,636020117,2026-08-25 00:00:00+00:00,0.0006782748053195171
gfw:9dfab7e81-13ad-1bb5-ade8-242430426460,9dfab7e81-13ad-1bb5-ade8-242430426460,373121000,2026-08-25 00:00:00+00:00,0.0006779914777815479
gfw:00de592c7-7711-8647-8ed2-27f74d9c844e,00de592c7-7711-8647-8ed2-27f74d9c844e,273459050,2026-08-25 00:00:00+00:00,0.0006776095611960201
gfw:3df8d1b82-2d0e-3937-a76d-e18fc60dc407,3df8d1b82-2d0e-3937-a76d-e18fc60dc407,273394350,2026-08-25 00:00:00+00:00,0.0006772583090590678
gfw:a54649e94-44b8-e4ee-c16a-afe870e4d0c5,a54649e94-44b8-e4ee-c16a-afe870e4d0c5,273211090,2026-08-25 00:00:00+00:00,0.0006768404589352828
gfw:b3ab958d8-88ca-8e2c-d601-f586d532546b,b3ab958d8-88ca-8e2c-d601-f586d532546b,273444010,2026-08-25 00:00:00+00:00,0.0006768297605516346
gfw:c318f6eed-d4e5-ae21-8b72-278b58d2d9c8,c318f6eed-d4e5-ae21-8b72-278b58d2d9c8,538002041,2026-08-25 00:00:00+00:00,0.0006765884784239464
gfw:4ccb7b577-7be4-2de7-4ed3-6d260a49e841,4ccb7b577-7be4-2de7-4ed3-6d260a49e841,999900452,2026-08-25 00:00:00+00:00,0.000675849329643971
gfw:981d7aa26-6a57-5b54-1bdf-845aa36afb9c,981d7aa26-6a57-5b54-1bdf-845aa36afb9c,273847700,2026-08-25 00:00:00+00:00,0.0006752014911165647
gfw:1770375b2-20a9-b218-3eca-a8ab1de35a4b,1770375b2-20a9-b218-3eca-a8ab1de35a4b,999900457,2026-08-25 00:00:00+00:00,0.000674985351750308
gfw:7d60d491a-aa99-45f0-a490-d5be6dbaf9e6,7d60d491a-aa99-45f0-a490-d5be6dbaf9e6,273267340,2026-08-25 00:00:00+00:00,0.0006748531844326856
gfw:5846383cd-d079-087b-5ba4-a5ae787f97de,5846383cd-d079-087b-5ba4-a5ae787f97de,273358290,2026-08-25 00:00:00+00:00,0.0006746223770393175
gfw:9e194860d-dcbd-b54b-92b3-a20b8b053b15,9e194860d-dcbd-b54b-92b3-a20b8b053b15,273325210,2026-08-25 00:00:00+00:00,0.0006741225786946744
gfw:d381c84ba-a8fe-c027-2947-2bbbc59d4182,d381c84ba-a8fe-c027-2947-2bbbc59d4182,273394660,2026-08-25 00:00:00+00:00,0.0006736810993125857
gfw:855b433d9-90ae-6ba5-63ac-2601c4fcb1f6,855b433d9-90ae-6ba5-63ac-2601c4fcb1f6,273357420,2026-08-25 00:00:00+00:00,0.000673579958270987
gfw:9f2676815-5e69-f4a4-4824-5fc15531aa71,9f2676815-5e69-f4a4-4824-5fc15531aa71,273897100,2026-08-25 00:00:00+00:00,0.000672805588415973
gfw:b460cf742-2dd1-d468-6117-85ed2a6dd80a,b460cf742-2dd1-d468-6117-85ed2a6dd80a,273131700,2026-08-25 00:00:00+00:00,0.0006727181276836798
gfw:8032f7f96-6733-dba5-5f6b-39533f07b0b2,8032f7f96-6733-dba5-5f6b-39533f07b0b2,273313640,2026-08-25 00:00:00+00:00,0.0006726998014864588
gfw:97d0d984c-cbac-bc04-8445-042dbbdcc00c,97d0d984c-cbac-bc04-8445-042dbbdcc00c,273218180,2026-08-25 00:00:00+00:00,0.0006726194247082168
gfw:79d5ef500-0675-78cb-6baa-6ed161e949df,79d5ef500-0675-78cb-6baa-6ed161e949df,273385530,2026-08-25 00:00:00+00:00,0.0006720186503539594
gfw:bb7fd42f1-117a-6911-3ad9-1e6e80837288,bb7fd42f1-117a-6911-3ad9-1e6e80837288,667001681,2026-08-25 00:00:00+00:00,0.0006720001235133748
gfw:80990c30f-f4f9-af41-a10d-93a79085dafb,80990c30f-f4f9-af41-a10d-93a79085dafb,273331020,2026-08-25 00:00:00+00:00,0.0006719161598459861
gfw:d1a7e6d01-114a-2773-98e6-6f8f44437154,d1a7e6d01-114a-2773-98e6-6f8f44437154,999900236,2026-08-25 00:00:00+00:00,0.0006714230488360047
gfw:acefbdc8c-ce4d-613c-c8dd-4569f7bd797b,acefbdc8c-ce4d-613c-c8dd-4569f7bd797b,273451870,2026-08-25 00:00:00+00:00,0.0006709005705760304
gfw:b5f4cd6f2-28f5-8284-1744-b93c29e76f20,b5f4cd6f2-28f5-8284-1744-b93c29e76f20,630001285,2026-08-25 00:00:00+00:00,0.0006707630597223808
gfw:5035fac0a-a566-d7c1-0f15-a575e6bc3346,5035fac0a-a566-d7c1-0f15-a575e6bc3346,218856000,2026-08-25 00:00:00+00:00,0.0006705120938679762
gfw:85df0dd56-6267-3444-86e9-3f09232202fe,85df0dd56-6267-3444-86e9-3f09232202fe,273386910,2026-08-25 00:00:00+00:00,0.0006704140184975964
gfw:6f2f5febf-fc5f-1864-d604-cf697ecfa298,6f2f5febf-fc5f-1864-d604-cf697ecfa298,273615640,2026-08-25 00:00:00+00:00,0.0006698848180477303
gfw:e92184e40-00b2-5200-5a03-e0f8cd368005,e92184e40-00b2-5200-5a03-e0f8cd368005,273452420,2026-08-25 00:00:00+00:00,0.0006695146896739302
gfw:64f49c0e7-7fe6-d771-2436-f01467be3fa7,64f49c0e7-7fe6-d771-2436-f01467be3fa7,273358310,2026-08-25 00:00:00+00:00,0.0006688519310623242
gfw:e09c7cc99-9316-75de-4566-3ac3c47c2f58,e09c7cc99-9316-75de-4566-3ac3c47c2f58,352065000,2026-08-25 00:00:00+00:00,0.0006687650528963518
gfw:4320cb277-7ea5-06e8-a94c-ec9d2e7807eb,4320cb277-7ea5-06e8-a94c-ec9d2e7807eb,273332110,2026-08-25 00:00:00+00:00,0.0006686789331481726
gfw:aff4a0955-5d7e-0187-9da9-08676ef387ee,aff4a0955-5d7e-0187-9da9-08676ef387ee,636093385,2026-08-25 00:00:00+00:00,0.0006684822412094393
gfw:bc9f9b311-16ba-6156-1658-e6ffdf19e929,bc9f9b311-16ba-6156-1658-e6ffdf19e929,273219190,2026-08-25 00:00:00+00:00,0.0006684613215476
gfw:9ab3efdcb-bf72-ecbc-f036-85079db64114,9ab3efdcb-bf72-ecbc-f036-85079db64114,273298030,2026-08-25 00:00:00+00:00,0.0006682325276374776
gfw:a4f5cabbc-c8dc-cbda-4caf-09971112d074,a4f5cabbc-c8dc-cbda-4caf-09971112d074,999900311,2026-08-25 00:00:00+00:00,0.0006678960495079747
gfw:c1a6bc913-30a0-2479-f220-9a8b8ff71530,c1a6bc913-30a0-2479-f220-9a8b8ff71530,273368310,2026-08-25 00:00:00+00:00,0.0006676993053988007
gfw:ce41eb971-1767-e1b9-b67d-7bc7ffdaad7b,ce41eb971-1767-e1b9-b67d-7bc7ffdaad7b,636017001,2026-08-25 00:00:00+00:00,0.000667055268616205
gfw:1abac79b9-93d3-aa17-008a-6a446bdd0ff2,1abac79b9-93d3-aa17-008a-6a446bdd0ff2,273311830,2026-08-25 00:00:00+00:00,0.0006668892679107223
gfw:a0c310768-87bb-81e3-b1c0-520e03f700d8,a0c310768-87bb-81e3-b1c0-520e03f700d8,273842800,2026-08-25 00:00:00+00:00,0.0006666424121178601
gfw:af0fa2ba7-76f5-d853-308a-25bfd94860a8,af0fa2ba7-76f5-d853-308a-25bfd94860a8,273618890,2026-08-25 00:00:00+00:00,0.0006664843194900747
gfw:fe96d03ac-cad1-1299-2921-f938551908b4,fe96d03ac-cad1-1299-2921-f938551908b4,353544000,2026-08-25 00:00:00+00:00,0.000665779743833706
gfw:c9ff8b758-83f7-a90a-ce32-ff011b6f8454,c9ff8b758-83f7-a90a-ce32-ff011b6f8454,273395150,2026-08-25 00:00:00+00:00,0.0006657740679139619
gfw:b408d1e69-96c9-31c3-6851-dc719303c18d,b408d1e69-96c9-31c3-6851-dc719303c18d,273417970,2026-08-25 00:00:00+00:00,0.0006651727285179975
gfw:31f9e17ac-c617-7ae7-ed82-234a0b3f0890,31f9e17ac-c617-7ae7-ed82-234a0b3f0890,352001184,2026-08-25 00:00:00+00:00,0.0006641324278330693
gfw:6dccf8d47-76de-bb31-7008-84c54d9fa15e,6dccf8d47-76de-bb31-7008-84c54d9fa15e,311000632,2026-08-25 00:00:00+00:00,0.0006639085420648501
gfw:8f345c053-3136-6651-2aee-d2c17425994d,8f345c053-3136-6651-2aee-d2c17425994d,273312060,2026-08-25 00:00:00+00:00,0.0006637839602832044
gfw:8e5c25e50-01fc-ec78-4adc-fed38b79557b,8e5c25e50-01fc-ec78-4adc-fed38b79557b,671196100,2026-08-25 00:00:00+00:00,0.0006637202006491762
gfw:4d63d78a5-5483-c8b6-3acb-d66d58afcc51,4d63d78a5-5483-c8b6-3acb-d66d58afcc51,305940000,2026-08-25 00:00:00+00:00,0.0006635697184105552
gfw:abb5cc138-8daf-7bc1-3b92-905891855490,abb5cc138-8daf-7bc1-3b92-905891855490,477664300,2026-08-25 00:00:00+00:00,0.0006633736990848555
gfw:c796f5f1a-a88a-9c7b-bb3b-de24da035ee6,c796f5f1a-a88a-9c7b-bb3b-de24da035ee6,273274370,2026-08-25 00:00:00+00:00,0.0006628158658751144
gfw:5a7f07f6a-ab1e-ab35-a40a-d92f33bc7a84,5a7f07f6a-ab1e-ab35-a40a-d92f33bc7a84,999900529,2026-08-25 00:00:00+00:00,0.0006627006726463936
gfw:0bdd60477-718a-fadd-2225-3bbd987ae311,0bdd60477-718a-fadd-2225-3bbd987ae311,273258610,2026-08-25 00:00:00+00:00,0.0006626142202164277
gfw:73564de3b-b70f-3ebe-e204-991c6af863ee,73564de3b-b70f-3ebe-e204-991c6af863ee,273310720,2026-08-25 00:00:00+00:00,0.0006624236564404536
gfw:1edd94796-6f63-834e-3e40-51f16da966b5,1edd94796-6f63-834e-3e40-51f16da966b5,305922000,2026-08-25 00:00:00+00:00,0.0006623781121239659
gfw:983908216-6152-4350-7c7f-3a7d71fed8dc,983908216-6152-4350-7c7f-3a7d71fed8dc,304188000,2026-08-25 00:00:00+00:00,0.0006621614565247009
gfw:94c0129c8-86bf-847f-a369-d6788b82eb16,94c0129c8-86bf-847f-a369-d6788b82eb16,273451740,2026-08-25 00:00:00+00:00,0.0006620948847874539
gfw:bc51320c1-18e0-5849-d258-e036af62ff46,bc51320c1-18e0-5849-d258-e036af62ff46,668116372,2026-08-25 00:00:00+00:00,0.0006616665326944674
gfw:40f1a4432-2178-b21f-5ec7-ffaba7dcfbec,40f1a4432-2178-b21f-5ec7-ffaba7dcfbec,273115700,2026-08-25 00:00:00+00:00,0.0006615963076316817
gfw:8cb91c097-7d52-4342-25fd-98a9a6341332,8cb91c097-7d52-4342-25fd-98a9a6341332,249811000,2026-08-25 00:00:00+00:00,0.0006615399339817797
gfw:5bb5e2195-5919-16f4-5b0d-a6cef51989a0,5bb5e2195-5919-16f4-5b0d-a6cef51989a0,273355780,2026-08-25 00:00:00+00:00,0.0006615085908758313
gfw:db5808056-62c5-9a08-93ea-782b444cf81e,db5808056-62c5-9a08-93ea-782b444cf81e,273611980,2026-08-25 00:00:00+00:00,0.0006612578291897127
gfw:e0819cdbb-b674-482b-54b5-6a5574e9af2f,e0819cdbb-b674-482b-54b5-6a5574e9af2f,250400220,2026-08-25 00:00:00+00:00,0.0006608570328119654
gfw:26ffe078b-b6f1-da41-7e16-7c70f61a991f,26ffe078b-b6f1-da41-7e16-7c70f61a991f,273210620,2026-08-25 00:00:00+00:00,0.0006594748462403027
gfw:890c54c9c-cc54-0ff4-1d26-f6022f39f6d3,890c54c9c-cc54-0ff4-1d26-f6022f39f6d3,273338510,2026-08-25 00:00:00+00:00,0.0006591810782797734
gfw:0a15d4426-6d48-6a89-6063-8b6723e53c20,0a15d4426-6d48-6a89-6063-8b6723e53c20,999900463,2026-08-25 00:00:00+00:00,0.0006591399537269108
gfw:de3d12d67-7c18-91bb-6811-1c495d0458ac,de3d12d67-7c18-91bb-6811-1c495d0458ac,273396110,2026-08-25 00:00:00+00:00,0.0006589388694608441
gfw:20e92b049-9323-7eb0-3bb9-e62b58bbf32f,20e92b049-9323-7eb0-3bb9-e62b58bbf32f,636022940,2026-08-25 00:00:00+00:00,0.0006583712222805474
gfw:5277aeb83-3a6d-2be6-7433-425d0fa374e6,5277aeb83-3a6d-2be6-7433-425d0fa374e6,372453000,2026-08-25 00:00:00+00:00,0.0006583299041440253
gfw:63b53ae0f-f5d3-ee01-36cf-caa92694cd26,63b53ae0f-f5d3-ee01-36cf-caa92694cd26,273332710,2026-08-25 00:00:00+00:00,0.0006580315788852661
gfw:75f5042c6-671b-4835-39d9-67d7f904bcce,75f5042c6-671b-4835-39d9-67d7f904bcce,273812710,2026-08-25 00:00:00+00:00,0.0006575519375580478
gfw:0261be240-0fe7-e767-d661-442618230465,0261be240-0fe7-e767-d661-442618230465,273411440,2026-08-25 00:00:00+00:00,0.0006573831047232062
gfw:ad104fb59-9cba-9500-fcb3-a67028dfda67,ad104fb59-9cba-9500-fcb3-a67028dfda67,405000382,2026-08-25 00:00:00+00:00,0.0006573600716520823
gfw:507b46067-7fd1-d040-23c9-0585538ea7d7,507b46067-7fd1-d040-23c9-0585538ea7d7,440091000,2026-08-25 00:00:00+00:00,0.0006572403553578108
gfw:c3186bb76-65ea-56d2-80af-9db6b9695469,c3186bb76-65ea-56d2-80af-9db6b9695469,273217060,2026-08-25 00:00:00+00:00,0.0006569632466572477
gfw:3b1714762-2ec7-a290-72fe-7dc3ae240fea,3b1714762-2ec7-a290-72fe-7dc3ae240fea,273370640,2026-08-25 00:00:00+00:00,0.000656861930136308
gfw:2953e6deb-b0de-7ffe-aa0e-8b5e2673631f,2953e6deb-b0de-7ffe-aa0e-8b5e2673631f,273855400,2026-08-25 00:00:00+00:00,0.0006568343661415116
gfw:fb99c224d-d040-6d72-c4e7-a83f47905762,fb99c224d-d040-6d72-c4e7-a83f47905762,273426670,2026-08-25 00:00:00+00:00,0.0006565134857584825
gfw:78c40ffc6-6df3-52f9-2821-1e37c38ef70d,78c40ffc6-6df3-52f9-2821-1e37c38ef70d,273259770,2026-08-25 00:00:00+00:00,0.0006563036364834288
gfw:b10779b2c-c828-407e-bbcd-0965511b44b9,b10779b2c-c828-407e-bbcd-0965511b44b9,273253570,2026-08-25 00:00:00+00:00,0.0006558235955774736
gfw:478448991-1fba-5461-6bf5-3880b32983f1,478448991-1fba-5461-6bf5-3880b32983f1,999900460,2026-08-25 00:00:00+00:00,0.0006556700315862948
gfw:c0e3f7d04-440f-3636-a845-a9593b793e7b,c0e3f7d04-440f-3636-a845-a9593b793e7b,273110100,2026-08-25 00:00:00+00:00,0.0006556607225466487
gfw:86ef14b15-5bbf-4493-509f-7a7a1a803234,86ef14b15-5bbf-4493-509f-7a7a1a803234,218400000,2026-08-25 00:00:00+00:00,0.0006550936210498846
gfw:9c21f0028-8f6c-fbe5-6dc6-e7a5ee02f15e,9c21f0028-8f6c-fbe5-6dc6-e7a5ee02f15e,209092000,2026-08-25 00:00:00+00:00,0.0006548074445165392
gfw:f839bde5a-ae0c-801b-b62d-2a6fbb15ebef,f839bde5a-ae0c-801b-b62d-2a6fbb15ebef,219028116,2026-08-25 00:00:00+00:00,0.0006542124642961619
gfw:cef2d3fa6-6e2b-8752-dd07-77ec2737aeef,cef2d3fa6-6e2b-8752-dd07-77ec2737aeef,273424870,2026-08-25 00:00:00+00:00,0.0006539334938876019
gfw:e0953c414-405b-cc41-a4fc-ccde7642f0ce,e0953c414-405b-cc41-a4fc-ccde7642f0ce,209387000,2026-08-25 00:00:00+00:00,0.0006539214955851056
gfw:c94a23739-92a4-91a5-c733-7b5a81e35a9b,c94a23739-92a4-91a5-c733-7b5a81e35a9b,999900456,2026-08-25 00:00:00+00:00,0.0006538975509139813
gfw:60224341b-ba89-c132-8390-b702e6942410,60224341b-ba89-c132-8390-b702e6942410,538012015,2026-08-25 00:00:00+00:00,0.0006537942373408207
gfw:cb1d3e177-7bcc-dc40-fece-839d297fc799,cb1d3e177-7bcc-dc40-fece-839d297fc799,273317930,2026-08-25 00:00:00+00:00,0.0006537265200431927
gfw:cdf0e0d63-3e95-1c59-4b2b-1339ba8221e9,cdf0e0d63-3e95-1c59-4b2b-1339ba8221e9,636024948,2026-08-25 00:00:00+00:00,0.0006534684134105454
gfw:b961e3093-329c-de8f-a627-690347302416,b961e3093-329c-de8f-a627-690347302416,273121500,2026-08-25 00:00:00+00:00,0.0006533285981459945
gfw:231b59fc0-0490-1abf-248d-56a1de485db4,231b59fc0-0490-1abf-248d-56a1de485db4,999900458,2026-08-25 00:00:00+00:00,0.0006532796056999301
gfw:9e89f2239-9769-ee38-dfac-0fec28f3a36e,9e89f2239-9769-ee38-dfac-0fec28f3a36e,273359150,2026-08-25 00:00:00+00:00,0.0006532427752958414
gfw:3a62ef499-90b8-63d1-5ad1-cb07cc16b9e6,3a62ef499-90b8-63d1-5ad1-cb07cc16b9e6,352004616,2026-08-25 00:00:00+00:00,0.0006532415661449296
gfw:b7f6b0882-2153-af03-52e9-c90dfc677451,b7f6b0882-2153-af03-52e9-c90dfc677451,440309000,2026-08-25 00:00:00+00:00,0.0006527173730956286
gfw:727325ec3-31d3-c436-1393-d3400eca278b,727325ec3-31d3-c436-1393-d3400eca278b,352003683,2026-08-25 00:00:00+00:00,0.0006526699555128203
gfw:c83d8ad41-15dd-7cdf-e8e6-b7da6716f0ba,c83d8ad41-15dd-7cdf-e8e6-b7da6716f0ba,667001249,2026-08-25 00:00:00+00:00,0.0006525670509424683
gfw:167afc02a-abdf-0ca0-980a-207f7459035e,167afc02a-abdf-0ca0-980a-207f7459035e,273295660,2026-08-25 00:00:00+00:00,0.0006525501015703559
gfw:1c7bbb42d-d441-06d7-6df3-9fcd7407b86e,1c7bbb42d-d441-06d7-6df3-9fcd7407b86e,273615650,2026-08-25 00:00:00+00:00,0.0006521281090834897
gfw:b3ffa55f4-48ca-8247-4618-4563d7ee868a,b3ffa55f4-48ca-8247-4618-4563d7ee868a,273250320,2026-08-25 00:00:00+00:00,0.0006519202509848036
gfw:9d3d3d41c-cc0a-43c9-3127-29cb49a5d2cc,9d3d3d41c-cc0a-43c9-3127-29cb49a5d2cc,273433930,2026-08-25 00:00:00+00:00,0.0006519138774031865
gfw:106cb9f49-94b9-cec3-f95a-b0f89aa3b83c,106cb9f49-94b9-cec3-f95a-b0f89aa3b83c,273314740,2026-08-25 00:00:00+00:00,0.0006517362686664077
gfw:75fd9d17e-e1da-9709-5a2f-c3b420c544bc,75fd9d17e-e1da-9709-5a2f-c3b420c544bc,339301720,2026-08-25 00:00:00+00:00,0.0006515742524786914
gfw:053478765-5fd0-eada-86cd-50c031b90492,053478765-5fd0-eada-86cd-50c031b90492,273316250,2026-08-25 00:00:00+00:00,0.000650561918991758
gfw:3b9df834b-be3f-51ce-9c9c-4e8deb5f6ef1,3b9df834b-be3f-51ce-9c9c-4e8deb5f6ef1,273314650,2026-08-25 00:00:00+00:00,0.0006505056892319868
gfw:0e16fe623-3814-04e7-1198-8e2890976627,0e16fe623-3814-04e7-1198-8e2890976627,305441000,2026-08-25 00:00:00+00:00,0.0006501849350776294
gfw:d9280f77e-ee73-d2b8-6694-7732a6362899,d9280f77e-ee73-d2b8-6694-7732a6362899,622121423,2026-08-25 00:00:00+00:00,0.0006499295309201765
gfw:f80cfe5be-e970-0618-6d06-f46b2aa1ff16,f80cfe5be-e970-0618-6d06-f46b2aa1ff16,477327900,2026-08-25 00:00:00+00:00,0.000649917403083475
gfw:5b72adb74-4564-a967-e866-da2443acda6d,5b72adb74-4564-a967-e866-da2443acda6d,256071000,2026-08-25 00:00:00+00:00,0.0006498091710303989
gfw:4271cd0c4-4cd9-80c2-0c23-a19012e271af,4271cd0c4-4cd9-80c2-0c23-a19012e271af,273447760,2026-08-25 00:00:00+00:00,0.0006496442656756083
gfw:e066885ca-af2a-cd5a-49b1-3228416d10cd,e066885ca-af2a-cd5a-49b1-3228416d10cd,273443680,2026-08-25 00:00:00+00:00,0.0006496050743291679
gfw:3fdc3d821-1f19-c228-5b0f-826c92ee6502,3fdc3d821-1f19-c228-5b0f-826c92ee6502,273152100,2026-08-25 00:00:00+00:00,0.0006491481192107128
gfw:e3d3733ed-ddbb-49dd-5c59-223b3a0bf859,e3d3733ed-ddbb-49dd-5c59-223b3a0bf859,273435250,2026-08-25 00:00:00+00:00,0.0006490544935833317
gfw:a46cd5052-246d-e3f2-9e5a-f50ec326ea2f,a46cd5052-246d-e3f2-9e5a-f50ec326ea2f,273452680,2026-08-25 00:00:00+00:00,0.0006486282470064642
gfw:4c84c1f82-2879-1263-4fd7-da57bb6eaaaf,4c84c1f82-2879-1263-4fd7-da57bb6eaaaf,273337730,2026-08-25 00:00:00+00:00,0.000648074563156664
gfw:7b7c6b2d2-2b7a-22cd-de36-63848956b4b1,7b7c6b2d2-2b7a-22cd-de36-63848956b4b1,273350380,2026-08-25 00:00:00+00:00,0.0006479900042799694
gfw:8f675f845-5720-4fe7-5a93-bbb551cd1c0d,8f675f845-5720-4fe7-5a93-bbb551cd1c0d,273311860,2026-08-25 00:00:00+00:00,0.0006477322792965066
gfw:deeb73ec3-375b-6a72-030a-7f2f791438ba,deeb73ec3-375b-6a72-030a-7f2f791438ba,273210920,2026-08-25 00:00:00+00:00,0.0006471528270186284
gfw:103b8622d-d2db-a2ae-ac16-53d2147f39a3,103b8622d-d2db-a2ae-ac16-53d2147f39a3,273353370,2026-08-25 00:00:00+00:00,0.0006465255977566466
gfw:2a0c925be-e56e-c00d-ad65-b5f9cc17ab19,2a0c925be-e56e-c00d-ad65-b5f9cc17ab19,273437360,2026-08-25 00:00:00+00:00,0.0006463865875206491
gfw:9e6a50d61-135a-cac1-5572-2064ec9b6184,9e6a50d61-135a-cac1-5572-2064ec9b6184,273422240,2026-08-25 00:00:00+00:00,0.0006463021221020077
gfw:5a712184c-c525-0b45-3391-06a0942fc299,5a712184c-c525-0b45-3391-06a0942fc299,511548000,2026-08-25 00:00:00+00:00,0.0006462986856242603
gfw:053d69e12-23d2-513f-7a20-0ffcf226af03,053d69e12-23d2-513f-7a20-0ffcf226af03,511101845,2026-08-25 00:00:00+00:00,0.0006462065813356541
gfw:1db372356-600e-8787-cd16-4c2e8626f9a6,1db372356-600e-8787-cd16-4c2e8626f9a6,250100376,2026-08-25 00:00:00+00:00,0.0006460746017972978
gfw:7555da083-335b-8d76-2d99-306457bbf591,7555da083-335b-8d76-2d99-306457bbf591,613571700,2026-08-25 00:00:00+00:00,0.000646044944436616
gfw:a9172fccc-cd7c-adad-8ac4-bca6f7a7eda3,a9172fccc-cd7c-adad-8ac4-bca6f7a7eda3,273825700,2026-08-25 00:00:00+00:00,0.0006457506723259298
gfw:6dfeab0ff-fc6f-18be-d6bb-47da1aef17f1,6dfeab0ff-fc6f-18be-d6bb-47da1aef17f1,312863000,2026-08-25 00:00:00+00:00,0.0006457192325309082
gfw:110c381cc-c75e-f785-5ae3-338cb68e3b7c,110c381cc-c75e-f785-5ae3-338cb68e3b7c,354540000,2026-08-25 00:00:00+00:00,0.0006456837040313661
gfw:4170b412f-faa1-d915-bc83-ef1ef94f520d,4170b412f-faa1-d915-bc83-ef1ef94f520d,273355580,2026-08-25 00:00:00+00:00,0.0006456778249246481
gfw:b4175694d-d01c-76c1-7982-dc135a6a91a7,b4175694d-d01c-76c1-7982-dc135a6a91a7,273218890,2026-08-25 00:00:00+00:00,0.0006455799348895411
gfw:0849b169b-b24d-653d-ece8-690f9642615f,0849b169b-b24d-653d-ece8-690f9642615f,255917340,2026-08-25 00:00:00+00:00,0.0006454426111765461
gfw:db8151c76-6a5d-de37-7b85-6f3e1441b482,db8151c76-6a5d-de37-7b85-6f3e1441b482,636019884,2026-08-25 00:00:00+00:00,0.0006447606051361282
gfw:bfc12cd1b-b396-700e-542b-6579c8077407,bfc12cd1b-b396-700e-542b-6579c8077407,273428530,2026-08-25 00:00:00+00:00,0.0006447172047251977
gfw:d01d9ef49-9888-5ed2-50c9-733eb4d6b526,d01d9ef49-9888-5ed2-50c9-733eb4d6b526,636092781,2026-08-25 00:00:00+00:00,0.0006445521855180756
gfw:1553d6eb8-8d30-eff9-e082-42a981655921,1553d6eb8-8d30-eff9-e082-42a981655921,273878100,2026-08-25 00:00:00+00:00,0.0006441275691653569
gfw:efe1e58dc-c538-cf6d-7512-0cad8fe92268,efe1e58dc-c538-cf6d-7512-0cad8fe92268,273313950,2026-08-25 00:00:00+00:00,0.0006440582957348706
gfw:38bb4acba-a377-674b-090b-7fde0e4d6123,38bb4acba-a377-674b-090b-7fde0e4d6123,477212400,2026-08-25 00:00:00+00:00,0.0006440231010150485
gfw:cae7aa225-574c-0264-0003-198d3dc14bc5,cae7aa225-574c-0264-0003-198d3dc14bc5,352001788,2026-08-25 00:00:00+00:00,0.0006438473248423838
gfw:6c01e0f7d-d60d-36a3-4f08-1dd9dd4771c0,6c01e0f7d-d60d-36a3-4f08-1dd9dd4771c0,273842420,2026-08-25 00:00:00+00:00,0.0006435498478546707
gfw:934e7b35a-a888-cc16-8bc2-d6bff0984910,934e7b35a-a888-cc16-8bc2-d6bff0984910,273270470,2026-08-25 00:00:00+00:00,0.0006435423686253665
gfw:67c5b2bf8-8473-5bf9-70db-11d5f6ed1ec3,67c5b2bf8-8473-5bf9-70db-11d5f6ed1ec3,273618490,2026-08-25 00:00:00+00:00,0.0006433638497612468
gfw:1199dc5a6-608b-4a0e-59d3-0d63b54a4d7e,1199dc5a6-608b-4a0e-59d3-0d63b54a4d7e,273445400,2026-08-25 00:00:00+00:00,0.0006430812394960186
gfw:9e51b3170-026c-63e1-3216-6b6d78984c35,9e51b3170-026c-63e1-3216-6b6d78984c35,376616000,2026-08-25 00:00:00+00:00,0.0006430239124212144
gfw:481cab408-8f71-f023-156d-011ca5e0127d,481cab408-8f71-f023-156d-011ca5e0127d,273219740,2026-08-25 00:00:00+00:00,0.0006429568036598854
gfw:e9fecb19c-c454-9761-77ba-d58466974eaa,e9fecb19c-c454-9761-77ba-d58466974eaa,273419970,2026-08-25 00:00:00+00:00,0.0006428998379074772
gfw:5b2cc9a73-30fd-2586-812e-a67900dee76c,5b2cc9a73-30fd-2586-812e-a67900dee76c,372926000,2026-08-25 00:00:00+00:00,0.0006426939395965475
gfw:b656b2d0a-a4f4-f1bf-a3a8-8f22f36281b1,b656b2d0a-a4f4-f1bf-a3a8-8f22f36281b1,273453770,2026-08-25 00:00:00+00:00,0.0006426439623433774
gfw:b6ea44b6d-d788-1501-c5fa-39b0ce740e7b,b6ea44b6d-d788-1501-c5fa-39b0ce740e7b,273294400,2026-08-25 00:00:00+00:00,0.000642448337579381
gfw:a36e1a7fc-cf42-7419-e3ba-6183df10174e,a36e1a7fc-cf42-7419-e3ba-6183df10174e,273121230,2026-08-25 00:00:00+00:00,0.0006424244575099857
gfw:c36306bcd-d186-07ba-67ae-fc4c59f9cd07,c36306bcd-d186-07ba-67ae-fc4c59f9cd07,273444730,2026-08-25 00:00:00+00:00,0.0006424208015856537
gfw:e224a7933-3ecd-7fa0-dda9-7b2d6bc17527,e224a7933-3ecd-7fa0-dda9-7b2d6bc17527,273354390,2026-08-25 00:00:00+00:00,0.0006417178470374687
gfw:7fa944ebd-dc7e-5181-5c47-52752fd41882,7fa944ebd-dc7e-5181-5c47-52752fd41882,620800283,2026-08-25 00:00:00+00:00,0.0006417112085075391
gfw:0df9470f7-7a85-1994-01d8-ee100d9c77bd,0df9470f7-7a85-1994-01d8-ee100d9c77bd,667001635,2026-08-25 00:00:00+00:00,0.0006416507026057502
gfw:43a3b710e-e7ff-db01-3e8a-914d15e19711,43a3b710e-e7ff-db01-3e8a-914d15e19711,273215290,2026-08-25 00:00:00+00:00,0.0006416355583437018
gfw:8531d5b36-60cf-c50c-be13-dc360aa42807,8531d5b36-60cf-c50c-be13-dc360aa42807,273290530,2026-08-25 00:00:00+00:00,0.0006410062898942388
gfw:d5c6e9ed1-10a2-85e9-49a0-c0a7466c9cdc,d5c6e9ed1-10a2-85e9-49a0-c0a7466c9cdc,273442530,2026-08-25 00:00:00+00:00,0.0006409770711357129
gfw:81bc91625-51b2-3ded-02e0-bfd07d3c1ce9,81bc91625-51b2-3ded-02e0-bfd07d3c1ce9,273365790,2026-08-25 00:00:00+00:00,0.0006408434546190685
gfw:2a25e195b-b70b-71e6-31ff-ac359413af57,2a25e195b-b70b-71e6-31ff-ac359413af57,352006685,2026-08-25 00:00:00+00:00,0.0006406692711311059
gfw:5fd25d2e9-95eb-c447-a8d3-014fac43727a,5fd25d2e9-95eb-c447-a8d3-014fac43727a,273333730,2026-08-25 00:00:00+00:00,0.0006406665613017949
gfw:8d4ecd2f2-2543-a896-662d-f02be97b679e,8d4ecd2f2-2543-a896-662d-f02be97b679e,273912100,2026-08-25 00:00:00+00:00,0.0006401086004609792
gfw:8ba6795aa-a2e2-7ef0-a3b5-8c5cb6e34888,8ba6795aa-a2e2-7ef0-a3b5-8c5cb6e34888,273297120,2026-08-25 00:00:00+00:00,0.0006401005682918046
gfw:abfec5a2b-b402-b3a4-8ae0-c50230c2a3e7,abfec5a2b-b402-b3a4-8ae0-c50230c2a3e7,273428770,2026-08-25 00:00:00+00:00,0.0006398955326378219
gfw:aecdcb413-3f96-5b6f-83e6-78eda042f966,aecdcb413-3f96-5b6f-83e6-78eda042f966,273343630,2026-08-25 00:00:00+00:00,0.0006396090206267944
gfw:1481b6031-1876-9889-1607-5b4c2cd45852,1481b6031-1876-9889-1607-5b4c2cd45852,273333610,2026-08-25 00:00:00+00:00,0.000639510528229262
gfw:768e803dc-c81a-296d-235c-011002877290,768e803dc-c81a-296d-235c-011002877290,273273570,2026-08-25 00:00:00+00:00,0.000639479374872583
gfw:f6b9cd47b-bc40-42aa-3a67-6a70fc1a3ba9,f6b9cd47b-bc40-42aa-3a67-6a70fc1a3ba9,477025900,2026-08-25 00:00:00+00:00,0.0006394227454381375
gfw:045561206-6207-c2ea-72e3-90398fb0417e,045561206-6207-c2ea-72e3-90398fb0417e,273324400,2026-08-25 00:00:00+00:00,0.0006391726541668644
gfw:6784148d0-050b-1672-6095-a2e131d967c6,6784148d0-050b-1672-6095-a2e131d967c6,273258140,2026-08-25 00:00:00+00:00,0.000639150974548599
gfw:4fd1356f1-123e-5afc-6429-f7bf5caccbcc,4fd1356f1-123e-5afc-6429-f7bf5caccbcc,273613950,2026-08-25 00:00:00+00:00,0.0006390508286455745
gfw:e8d6b50aa-afa0-93ec-cda7-daa24a39eb5e,e8d6b50aa-afa0-93ec-cda7-daa24a39eb5e,273390170,2026-08-25 00:00:00+00:00,0.0006390225284537999
gfw:eed64055d-d4fa-7738-9ccd-263c2d2f809b,eed64055d-d4fa-7738-9ccd-263c2d2f809b,273615820,2026-08-25 00:00:00+00:00,0.0006388934169078881
gfw:615b388ee-e534-b407-bad7-1d2d0ffbc976,615b388ee-e534-b407-bad7-1d2d0ffbc976,636024606,2026-08-25 00:00:00+00:00,0.0006388759539455695
gfw:46598a0ee-ec61-1e3c-2c96-8bf1e84cd150,46598a0ee-ec61-1e3c-2c96-8bf1e84cd150,273349420,2026-08-25 00:00:00+00:00,0.000638641633308548
gfw:faa3953f0-03ce-57a4-0675-17da18c6835a,faa3953f0-03ce-57a4-0675-17da18c6835a,273275060,2026-08-25 00:00:00+00:00,0.0006386015052531382
gfw:bd084523f-fe10-8b12-fb02-1841c2d0a0dc,bd084523f-fe10-8b12-fb02-1841c2d0a0dc,273453420,2026-08-25 00:00:00+00:00,0.0006385863089097644
gfw:746b9cab0-00f1-9243-c161-e2b825bd8d3c,746b9cab0-00f1-9243-c161-e2b825bd8d3c,273445340,2026-08-25 00:00:00+00:00,0.0006380521898520344
gfw:1846a0a07-7ac9-5809-fc31-9bf9af05feb3,1846a0a07-7ac9-5809-fc31-9bf9af05feb3,273447730,2026-08-25 00:00:00+00:00,0.0006379774668709891
gfw:d70d139d9-9187-42f1-7bf5-ac6b7f9484c2,d70d139d9-9187-42f1-7bf5-ac6b7f9484c2,271044453,2026-08-25 00:00:00+00:00,0.0006375951276879778
gfw:9a4d9c5ce-e1cd-76c3-897a-4577cb84441b,9a4d9c5ce-e1cd-76c3-897a-4577cb84441b,667001708,2026-08-25 00:00:00+00:00,0.0006374146916119319
gfw:e73f05381-128d-7a3e-1412-bb8b8be68d15,e73f05381-128d-7a3e-1412-bb8b8be68d15,636013692,2026-08-25 00:00:00+00:00,0.0006373598877138456
gfw:d569f49e2-2c45-3d64-5ea2-39c201c3d6df,d569f49e2-2c45-3d64-5ea2-39c201c3d6df,273911100,2026-08-25 00:00:00+00:00,0.0006373505644460133
gfw:fbeaf49e5-5196-a720-210e-07b8f1f229a8,fbeaf49e5-5196-a720-210e-07b8f1f229a8,273370980,2026-08-25 00:00:00+00:00,0.0006371377956861436
gfw:b9b46f27b-bb48-31e2-d6be-d4d535c7a700,b9b46f27b-bb48-31e2-d6be-d4d535c7a700,352005521,2026-08-25 00:00:00+00:00,0.0006364461797638582
gfw:ddfb9a728-8fd0-cbf3-e6ef-8add13a9565d,ddfb9a728-8fd0-cbf3-e6ef-8add13a9565d,273425590,2026-08-25 00:00:00+00:00,0.0006364403537388428
gfw:e5425ebd5-5b70-435e-5757-8a18977443a2,e5425ebd5-5b70-435e-5757-8a18977443a2,352002328,2026-08-25 00:00:00+00:00,0.0006361795153508657
gfw:b484c44b7-7cb1-bf76-ccef-cfb7c9f9aa8d,b484c44b7-7cb1-bf76-ccef-cfb7c9f9aa8d,563293400,2026-08-25 00:00:00+00:00,0.000635616364174543
gfw:22d0c24a9-9228-1b5a-7f86-810bf26887fe,22d0c24a9-9228-1b5a-7f86-810bf26887fe,352006699,2026-08-25 00:00:00+00:00,0.0006354471690004554
gfw:6d1e0a3cb-baf0-a411-d3bf-3f9399118a4d,6d1e0a3cb-baf0-a411-d3bf-3f9399118a4d,630001291,2026-08-25 00:00:00+00:00,0.0006352515779809181
gfw:e673fa895-555a-2eec-4ebc-5323a0cc2677,e673fa895-555a-2eec-4ebc-5323a0cc2677,461000219,2026-08-25 00:00:00+00:00,0.0006350886185268928
gfw:636f1dc01-1ba5-73ab-045c-46e69b31fa67,636f1dc01-1ba5-73ab-045c-46e69b31fa67,273380040,2026-08-25 00:00:00+00:00,0.0006345360156093919
gfw:0b4ffe4e2-2509-e66d-0082-02c6014254c5,0b4ffe4e2-2509-e66d-0082-02c6014254c5,461000231,2026-08-25 00:00:00+00:00,0.0006340167376069438
gfw:82d5a7ba0-00c2-41c0-640d-5b3294f771b2,82d5a7ba0-00c2-41c0-640d-5b3294f771b2,273358350,2026-08-25 00:00:00+00:00,0.0006336319741595707
gfw:2fa7788b1-1455-8490-960e-3536480dd023,2fa7788b1-1455-8490-960e-3536480dd023,265491000,2026-08-25 00:00:00+00:00,0.0006334547241495021
gfw:6b7a4e514-4b11-d1b6-c886-df5cc08b5798,6b7a4e514-4b11-d1b6-c886-df5cc08b5798,273441410,2026-08-25 00:00:00+00:00,0.0006330649036309278
gfw:4822d6e0b-bccc-5a41-edf2-04c872e7111b,4822d6e0b-bccc-5a41-edf2-04c872e7111b,412270002,2026-08-25 00:00:00+00:00,0.0006327935770748468
gfw:2a57ba7fe-e267-694c-79f9-6ca0528b2f3f,2a57ba7fe-e267-694c-79f9-6ca0528b2f3f,371251000,2026-08-25 00:00:00+00:00,0.0006327437626324216
gfw:a0ac08d2e-e76a-18c3-c95b-14b03af132e5,a0ac08d2e-e76a-18c3-c95b-14b03af132e5,273354240,2026-08-25 00:00:00+00:00,0.0006322393334788958
gfw:a6befe810-0158-1a26-ecd9-909a985907e6,a6befe810-0158-1a26-ecd9-909a985907e6,273341930,2026-08-25 00:00:00+00:00,0.0006319652211229702
gfw:e5ed7507e-e09e-f5a0-6b0c-48fb47b28f82,e5ed7507e-e09e-f5a0-6b0c-48fb47b28f82,273437100,2026-08-25 00:00:00+00:00,0.0006317604521889531
gfw:fe2e7abca-aa4f-98b2-a5ac-c57d057d4976,fe2e7abca-aa4f-98b2-a5ac-c57d057d4976,636023175,2026-08-25 00:00:00+00:00,0.0006313757950690881
gfw:f707de00a-a9b0-33c0-e14b-218040f29677,f707de00a-a9b0-33c0-e14b-218040f29677,273352060,2026-08-25 00:00:00+00:00,0.0006313333438570566
gfw:30c9d6477-703d-9e9b-3813-665bea30556c,30c9d6477-703d-9e9b-3813-665bea30556c,636019769,2026-08-25 00:00:00+00:00,0.0006311821023966183
gfw:e45a4f6f1-1e76-8946-d1b1-918cda099ec8,e45a4f6f1-1e76-8946-d1b1-918cda099ec8,273257140,2026-08-25 00:00:00+00:00,0.000631072674840804
gfw:411439d06-6b5a-d51f-9829-7eff8494bec8,411439d06-6b5a-d51f-9829-7eff8494bec8,352006916,2026-08-25 00:00:00+00:00,0.0006308832709846921
gfw:adadcc075-5584-29c1-da62-5351cfc3873d,adadcc075-5584-29c1-da62-5351cfc3873d,671254100,2026-08-25 00:00:00+00:00,0.0006306082873768312
gfw:5ed37373c-c36f-1116-0943-220bac5ead1e,5ed37373c-c36f-1116-0943-220bac5ead1e,352004246,2026-08-25 00:00:00+00:00,0.0006302896549246297
gfw:e7609de35-58a2-6293-41ed-7eb7bfde34d8,e7609de35-58a2-6293-41ed-7eb7bfde34d8,273397570,2026-08-25 00:00:00+00:00,0.0006301208822649817
gfw:d6c010f89-9660-6865-d36b-1c0c543bd0c6,d6c010f89-9660-6865-d36b-1c0c543bd0c6,273314360,2026-08-25 00:00:00+00:00,0.0006299793176180304
gfw:5abac80db-bf68-b964-3c11-e9cd8e70e6eb,5abac80db-bf68-b964-3c11-e9cd8e70e6eb,273362110,2026-08-25 00:00:00+00:00,0.0006294038603241914
gfw:ce859e7bf-fac7-e234-36d8-f8483c0cc507,ce859e7bf-fac7-e234-36d8-f8483c0cc507,273392670,2026-08-25 00:00:00+00:00,0.0006293438088362599
gfw:11c26fcc3-31fe-565d-8143-cc62ba24887f,11c26fcc3-31fe-565d-8143-cc62ba24887f,273443770,2026-08-25 00:00:00+00:00,0.0006291775631871348
gfw:2c1744809-9b5d-85a5-a5f2-0ebbfa59881c,2c1744809-9b5d-85a5-a5f2-0ebbfa59881c,273252860,2026-08-25 00:00:00+00:00,0.0006289896036294857
gfw:2d69cb2cf-f2fb-5303-386e-627d594bc0d2,2d69cb2cf-f2fb-5303-386e-627d594bc0d2,273297350,2026-08-25 00:00:00+00:00,0.0006285760440166697
gfw:d8647bdc2-27df-3315-b1fa-91c6bdd01d72,d8647bdc2-27df-3315-b1fa-91c6bdd01d72,372685000,2026-08-25 00:00:00+00:00,0.0006283684691091917
gfw:299f9b6f8-8650-63ed-83e0-78bdd43c77cd,299f9b6f8-8650-63ed-83e0-78bdd43c77cd,273396870,2026-08-25 00:00:00+00:00,0.0006276768255816171
gfw:6bde79ce8-862a-8c13-26a1-2198998660e4,6bde79ce8-862a-8c13-26a1-2198998660e4,273290590,2026-08-25 00:00:00+00:00,0.0006276524633380535
gfw:eb7f607cb-b6c8-4538-e5cf-5ddaaa01a84d,eb7f607cb-b6c8-4538-e5cf-5ddaaa01a84d,273448730,2026-08-25 00:00:00+00:00,0.0006272688139113959
gfw:73ff40e60-0417-8d51-b4cf-cdfea435c088,73ff40e60-0417-8d51-b4cf-cdfea435c088,273455420,2026-08-25 00:00:00+00:00,0.0006271363380397948
gfw:b964af2d7-7f55-3194-ca8a-36557c324425,b964af2d7-7f55-3194-ca8a-36557c324425,273349680,2026-08-25 00:00:00+00:00,0.0006270808458361063
gfw:1d2c3453d-d1df-f2e3-4c29-3b43312627a6,1d2c3453d-d1df-f2e3-4c29-3b43312627a6,273327220,2026-08-25 00:00:00+00:00,0.0006270646959865103
gfw:88584d324-475b-8683-6f29-2e0061b2c5e7,88584d324-475b-8683-6f29-2e0061b2c5e7,273420630,2026-08-25 00:00:00+00:00,0.0006268029969276921
gfw:4d216c76b-b2e7-4d00-18f9-ca673b7a7744,4d216c76b-b2e7-4d00-18f9-ca673b7a7744,273396660,2026-08-25 00:00:00+00:00,0.0006266385091746608
gfw:5987fb259-95bb-04d2-854e-7ad9e4b51fbf,5987fb259-95bb-04d2-854e-7ad9e4b51fbf,273617250,2026-08-25 00:00:00+00:00,0.0006262722583037614
gfw:19277756c-cd49-784b-42d0-d227bda4f521,19277756c-cd49-784b-42d0-d227bda4f521,241200208,2026-08-25 00:00:00+00:00,0.0006262157664614457
gfw:edeca2af1-1da2-2775-8345-f10fd485e961,edeca2af1-1da2-2775-8345-f10fd485e961,538007628,2026-08-25 00:00:00+00:00,0.0006261960646207817
gfw:690029f62-230b-63ea-4877-278806ea5823,690029f62-230b-63ea-4877-278806ea5823,273252240,2026-08-25 00:00:00+00:00,0.0006261448648259778
gfw:5e52bc624-43c0-5c50-a4b4-1e6a9f5e4b36,5e52bc624-43c0-5c50-a4b4-1e6a9f5e4b36,538005351,2026-08-25 00:00:00+00:00,0.0006257385781392935
gfw:b220c1f57-7ed5-325d-7dd2-855b90d8d940,b220c1f57-7ed5-325d-7dd2-855b90d8d940,273611770,2026-08-25 00:00:00+00:00,0.000625480999851088
gfw:ce0ca82b7-7bbe-bce1-761d-bbe17efe85df,ce0ca82b7-7bbe-bce1-761d-bbe17efe85df,273325390,2026-08-25 00:00:00+00:00,0.0006244751447779697
gfw:9e3d4759e-ec94-97aa-4e53-244e4c9547d1,9e3d4759e-ec94-97aa-4e53-244e4c9547d1,414494000,2026-08-25 00:00:00+00:00,0.000624400061873902
gfw:5b5eca993-3ad0-be7d-174a-69e895400ee6,5b5eca993-3ad0-be7d-174a-69e895400ee6,273374850,2026-08-25 00:00:00+00:00,0.0006237766960227115
gfw:ffcabde0e-ea32-bc83-ea73-b24e14dd66ea,ffcabde0e-ea32-bc83-ea73-b24e14dd66ea,372078000,2026-08-25 00:00:00+00:00,0.0006237756869459397
gfw:3d1d38718-824d-bcdd-87e2-0f6a463953e4,3d1d38718-824d-bcdd-87e2-0f6a463953e4,667001256,2026-08-25 00:00:00+00:00,0.0006237144942256712
gfw:adf3dbd5e-e186-c7c4-deea-7dbf9b2b81a8,adf3dbd5e-e186-c7c4-deea-7dbf9b2b81a8,273128130,2026-08-25 00:00:00+00:00,0.000623550470998784
gfw:e3a063fe7-7c6d-7a79-6b6e-d284a87fd5b6,e3a063fe7-7c6d-7a79-6b6e-d284a87fd5b6,273350310,2026-08-25 00:00:00+00:00,0.0006235462296050538
gfw:2b2cdcc77-79fd-ba3f-def8-6d4c8136c232,2b2cdcc77-79fd-ba3f-def8-6d4c8136c232,273210370,2026-08-25 00:00:00+00:00,0.0006234214288729653
gfw:035691f61-1a4e-0911-20f3-6cb12de7d8c6,035691f61-1a4e-0911-20f3-6cb12de7d8c6,273455630,2026-08-25 00:00:00+00:00,0.0006233993788633318
gfw:09888bd22-29da-5989-3971-e975edc6a83a,09888bd22-29da-5989-3971-e975edc6a83a,636022945,2026-08-25 00:00:00+00:00,0.0006232481447366646
gfw:e9a6cfad8-8dde-741d-f98f-557faf89d083,e9a6cfad8-8dde-741d-f98f-557faf89d083,273212220,2026-08-25 00:00:00+00:00,0.0006231482973790958
gfw:36363c97f-fd98-48cf-606e-a609042a241d,36363c97f-fd98-48cf-606e-a609042a241d,273399340,2026-08-25 00:00:00+00:00,0.000623080183659545
gfw:300778821-11f9-14ae-de9b-0732356ae5e7,300778821-11f9-14ae-de9b-0732356ae5e7,273360790,2026-08-25 00:00:00+00:00,0.000623060701447053
gfw:d3465fee4-45f3-39ee-f9a4-d75b9c191704,d3465fee4-45f3-39ee-f9a4-d75b9c191704,273459410,2026-08-25 00:00:00+00:00,0.0006222480953957447
gfw:a12efca77-79d0-5e75-cf7b-3c88191c1754,a12efca77-79d0-5e75-cf7b-3c88191c1754,273250700,2026-08-25 00:00:00+00:00,0.0006221959400127939
gfw:05a4797dd-d5c4-ac03-41e3-14df0e8a533f,05a4797dd-d5c4-ac03-41e3-14df0e8a533f,273376520,2026-08-25 00:00:00+00:00,0.000622054301858095
gfw:0e808c891-1dc2-4ae1-8565-9199fe34ea80,0e808c891-1dc2-4ae1-8565-9199fe34ea80,251100844,2026-08-25 00:00:00+00:00,0.0006220540309722919
gfw:81d4adf58-8dda-97fc-beae-7a11b21d5d61,81d4adf58-8dda-97fc-beae-7a11b21d5d61,273432100,2026-08-25 00:00:00+00:00,0.0006218887520418125
gfw:e390b243e-ed93-1241-894e-79e9ab8231c6,e390b243e-ed93-1241-894e-79e9ab8231c6,563286600,2026-08-25 00:00:00+00:00,0.0006218374783502289
gfw:f8f7abfc2-2489-e253-ee85-d4965440be44,f8f7abfc2-2489-e253-ee85-d4965440be44,273341330,2026-08-25 00:00:00+00:00,0.0006214562018074878
gfw:9f4fd5324-439e-bf56-f722-5980147613ce,9f4fd5324-439e-bf56-f722-5980147613ce,585910048,2026-08-25 00:00:00+00:00,0.0006213338057175355
gfw:5099d6f05-5276-eda8-52ef-de2551c1fcd6,5099d6f05-5276-eda8-52ef-de2551c1fcd6,671799000,2026-08-25 00:00:00+00:00,0.000620931134146424
gfw:2b60d162b-b166-4d73-1895-fef515d4970a,2b60d162b-b166-4d73-1895-fef515d4970a,273211640,2026-08-25 00:00:00+00:00,0.0006208625312556199
gfw:d4366ea2f-f267-c94a-4d9a-255d7529cec8,d4366ea2f-f267-c94a-4d9a-255d7529cec8,273294470,2026-08-25 00:00:00+00:00,0.0006207078759587014
gfw:70e30c88c-c1e8-552b-9174-0a1d4885e290,70e30c88c-c1e8-552b-9174-0a1d4885e290,477630200,2026-08-25 00:00:00+00:00,0.0006200679325182957
gfw:60fe50da8-83a2-84b7-75e1-7a09ee4e1d1f,60fe50da8-83a2-84b7-75e1-7a09ee4e1d1f,273387970,2026-08-25 00:00:00+00:00,0.0006200597700365382
gfw:5aaaffbeb-b068-5840-aff8-8728609b1f87,5aaaffbeb-b068-5840-aff8-8728609b1f87,305871000,2026-08-25 00:00:00+00:00,0.0006199251562694346
gfw:d89c23a58-8ed8-97a3-4e1e-c6840d33d5dc,d89c23a58-8ed8-97a3-4e1e-c6840d33d5dc,273446440,2026-08-25 00:00:00+00:00,0.0006196342448712658
gfw:9f4fe8076-6cac-7895-9a15-b283c363a52d,9f4fe8076-6cac-7895-9a15-b283c363a52d,636025868,2026-08-25 00:00:00+00:00,0.0006196086219842535
gfw:ec709f01b-b127-6645-8aab-3c42cc444928,ec709f01b-b127-6645-8aab-3c42cc444928,273358610,2026-08-25 00:00:00+00:00,0.000619426517166872
gfw:ad8dc8694-4127-a88d-3040-7d6c798ef170,ad8dc8694-4127-a88d-3040-7d6c798ef170,273388130,2026-08-25 00:00:00+00:00,0.0006193676004961356
gfw:20b68b955-541f-b809-116e-e56b9b73d612,20b68b955-541f-b809-116e-e56b9b73d612,273450760,2026-08-25 00:00:00+00:00,0.000619210070050515
gfw:ff4d3fa5f-f0bd-285a-9417-8c06e0f49d0f,ff4d3fa5f-f0bd-285a-9417-8c06e0f49d0f,273319490,2026-08-25 00:00:00+00:00,0.0006191031566230683
gfw:7589c0cc1-1fd8-f8da-b5c9-645224c8b3cf,7589c0cc1-1fd8-f8da-b5c9-645224c8b3cf,273252280,2026-08-25 00:00:00+00:00,0.000619045460197008
gfw:a7789c12e-ef58-e5fb-40ef-91ea3a4f6036,a7789c12e-ef58-e5fb-40ef-91ea3a4f6036,273896300,2026-08-25 00:00:00+00:00,0.0006187799266902526
gfw:105dff00d-d3d6-e4ec-2b36-088f6595e6b6,105dff00d-d3d6-e4ec-2b36-088f6595e6b6,273825000,2026-08-25 00:00:00+00:00,0.0006187213903697896
gfw:09775ca96-69be-5650-ef63-bf4c90cd807f,09775ca96-69be-5650-ef63-bf4c90cd807f,273610780,2026-08-25 00:00:00+00:00,0.0006186928069035486
gfw:5571f3d02-295e-ec82-9101-c42fc6792e23,5571f3d02-295e-ec82-9101-c42fc6792e23,273377850,2026-08-25 00:00:00+00:00,0.000618356158178967
gfw:3a0ca85f4-426b-30b0-735c-a305929f987a,3a0ca85f4-426b-30b0-735c-a305929f987a,273211120,2026-08-25 00:00:00+00:00,0.0006182036682949485
gfw:5d09bace9-9b65-7c28-5bb8-a02c910919c8,5d09bace9-9b65-7c28-5bb8-a02c910919c8,273381240,2026-08-25 00:00:00+00:00,0.0006176012919686511
gfw:084438798-818d-6212-04f4-9fc069def4a1,084438798-818d-6212-04f4-9fc069def4a1,241486000,2026-08-25 00:00:00+00:00,0.0006173319606906082
gfw:6157d3acf-fbbb-bd1f-c0a1-bc702a53e69d,6157d3acf-fbbb-bd1f-c0a1-bc702a53e69d,538011366,2026-08-25 00:00:00+00:00,0.0006172525729515752
gfw:927bc529d-d85c-0a6b-1b6b-2591b696502d,927bc529d-d85c-0a6b-1b6b-2591b696502d,273271620,2026-08-25 00:00:00+00:00,0.0006171348832099446
gfw:2d4963750-08d5-0646-d6d9-044c6b80f9e4,2d4963750-08d5-0646-d6d9-044c6b80f9e4,477227900,2026-08-25 00:00:00+00:00,0.0006168665979993157
gfw:caff72657-74e0-c400-09ff-c879dd30973f,caff72657-74e0-c400-09ff-c879dd30973f,273615400,2026-08-25 00:00:00+00:00,0.0006166388067079089
gfw:01b7ce442-2212-5a33-4218-c1f2a5fb7758,01b7ce442-2212-5a33-4218-c1f2a5fb7758,631010086,2026-08-25 00:00:00+00:00,0.0006165862418830212
gfw:38fcc4038-822a-b63b-c2f2-e10871673c6c,38fcc4038-822a-b63b-c2f2-e10871673c6c,273351700,2026-08-25 00:00:00+00:00,0.0006165357481520582
gfw:592d874af-f018-559f-f58c-b3729c28f914,592d874af-f018-559f-f58c-b3729c28f914,273617650,2026-08-25 00:00:00+00:00,0.0006159880463066544
gfw:ec1d38ffb-bebb-8818-781a-29e3951aca23,ec1d38ffb-bebb-8818-781a-29e3951aca23,273348830,2026-08-25 00:00:00+00:00,0.0006151062653725546
gfw:9b01a313d-d02e-7d13-25b2-6cd0bd68791a,9b01a313d-d02e-7d13-25b2-6cd0bd68791a,273417640,2026-08-25 00:00:00+00:00,0.000614889279992168
gfw:ce4cdf5e6-602e-2574-926b-cddd8f28b744,ce4cdf5e6-602e-2574-926b-cddd8f28b744,305874000,2026-08-25 00:00:00+00:00,0.0006141862203707835
gfw:1dc115d18-83c8-d4c9-0d80-c1697111054e,1dc115d18-83c8-d4c9-0d80-c1697111054e,273210220,2026-08-25 00:00:00+00:00,0.0006140799928159999
gfw:8e42fbba1-1bcd-0116-ad23-2fe97d52c6d1,8e42fbba1-1bcd-0116-ad23-2fe97d52c6d1,273312850,2026-08-25 00:00:00+00:00,0.0006140242063780547
gfw:b3a5b93ef-f09c-50b8-38a1-6f5a821564be,b3a5b93ef-f09c-50b8-38a1-6f5a821564be,273612820,2026-08-25 00:00:00+00:00,0.0006139319331469884
gfw:c9c7240bc-c2cc-c11e-dc79-f54126ee2db7,c9c7240bc-c2cc-c11e-dc79-f54126ee2db7,273616590,2026-08-25 00:00:00+00:00,0.0006138393907439661
gfw:fd0b7a58d-d954-3edf-66f8-e1b3c2d8053f,fd0b7a58d-d954-3edf-66f8-e1b3c2d8053f,273218790,2026-08-25 00:00:00+00:00,0.0006138143333962602
gfw:6f5c88579-9c35-9690-cc99-f2992fd501cd,6f5c88579-9c35-9690-cc99-f2992fd501cd,273420580,2026-08-25 00:00:00+00:00,0.0006136892796546161
gfw:8cd4520a1-1f61-c84f-ce53-b281863eb011,8cd4520a1-1f61-c84f-ce53-b281863eb011,273436290,2026-08-25 00:00:00+00:00,0.0006135575707255073
gfw:d58d4ae0a-a7ec-8e43-59e2-2fd12a8bd151,d58d4ae0a-a7ec-8e43-59e2-2fd12a8bd151,999900270,2026-08-25 00:00:00+00:00,0.0006133863435099599
gfw:bdb5dc5dd-daeb-9248-53d7-43e84c33338b,bdb5dc5dd-daeb-9248-53d7-43e84c33338b,273615540,2026-08-25 00:00:00+00:00,0.0006119591680125112
gfw:bc68933f3-35d2-0150-65b8-58d98f7ce0bf,bc68933f3-35d2-0150-65b8-58d98f7ce0bf,273311650,2026-08-25 00:00:00+00:00,0.0006118633667097504
gfw:8706d1196-6304-5825-883a-34553051de99,8706d1196-6304-5825-883a-34553051de99,477624400,2026-08-25 00:00:00+00:00,0.0006117124046029872
gfw:1e00909f4-4607-e6d7-d870-ab687e96addc,1e00909f4-4607-e6d7-d870-ab687e96addc,273435190,2026-08-25 00:00:00+00:00,0.0006115958444693237
gfw:3ba78cda8-85a0-74f9-faa5-5c1f5e873142,3ba78cda8-85a0-74f9-faa5-5c1f5e873142,671565100,2026-08-25 00:00:00+00:00,0.0006115638913970466
gfw:dcbf1f1e3-3f0a-3edb-9f64-09c642ad5755,dcbf1f1e3-3f0a-3edb-9f64-09c642ad5755,273435010,2026-08-25 00:00:00+00:00,0.0006115341523334574
gfw:b6e4585c5-5e09-bc44-51a5-f120761abad5,b6e4585c5-5e09-bc44-51a5-f120761abad5,273387530,2026-08-25 00:00:00+00:00,0.0006114180645719504
gfw:7cbe3da65-5713-f99c-db13-b6e875f47544,7cbe3da65-5713-f99c-db13-b6e875f47544,630001262,2026-08-25 00:00:00+00:00,0.0006114093337836194
gfw:cb4448ab9-9216-4f7a-6a92-907664e8b8d2,cb4448ab9-9216-4f7a-6a92-907664e8b8d2,538012582,2026-08-25 00:00:00+00:00,0.0006108318360324747
gfw:b4b15cb99-9fa3-c2a7-1478-54287f700720,b4b15cb99-9fa3-c2a7-1478-54287f700720,273313660,2026-08-25 00:00:00+00:00,0.0006104426424992474
gfw:a03c0f7f9-94c2-d9c1-0aa2-b2bcb9d9e1e7,a03c0f7f9-94c2-d9c1-0aa2-b2bcb9d9e1e7,667002353,2026-08-25 00:00:00+00:00,0.0006101579598871744
gfw:8334c803a-a5d0-5ae4-1e9d-bfff2ccbd3d0,8334c803a-a5d0-5ae4-1e9d-bfff2ccbd3d0,372225000,2026-08-25 00:00:00+00:00,0.0006101486132229348
gfw:1f4a91ee3-325c-7234-0292-9a10397654a2,1f4a91ee3-325c-7234-0292-9a10397654a2,273377520,2026-08-25 00:00:00+00:00,0.0006100501451069082
gfw:f2e36fd6f-fe44-253d-e7d8-61316ae953d5,f2e36fd6f-fe44-253d-e7d8-61316ae953d5,273411340,2026-08-25 00:00:00+00:00,0.0006099829127473213
gfw:93cfdb196-6bdd-bd2e-dbeb-902eb1b22bbe,93cfdb196-6bdd-bd2e-dbeb-902eb1b22bbe,273844100,2026-08-25 00:00:00+00:00,0.0006099572768712454
gfw:481a3ef60-0139-0c15-e0ee-469132feb39a,481a3ef60-0139-0c15-e0ee-469132feb39a,273384250,2026-08-25 00:00:00+00:00,0.0006097844424374979
gfw:ec23ca1e3-3400-8288-0587-e5c0afa0da43,ec23ca1e3-3400-8288-0587-e5c0afa0da43,577427000,2026-08-25 00:00:00+00:00,0.0006097469299476903
gfw:39407fd24-4aba-aa17-cbdf-b5e3cf631b22,39407fd24-4aba-aa17-cbdf-b5e3cf631b22,273441480,2026-08-25 00:00:00+00:00,0.0006097402488413233
gfw:121e9576b-b607-a7c7-39b5-ac8ddcebadda,121e9576b-b607-a7c7-39b5-ac8ddcebadda,273447830,2026-08-25 00:00:00+00:00,0.0006096234192480611
gfw:cbe05345c-c055-ba09-7868-96db3a2f209e,cbe05345c-c055-ba09-7868-96db3a2f209e,273840720,2026-08-25 00:00:00+00:00,0.0006088352036282152
gfw:f7f64a4c6-645f-fb75-b046-fc0aa1af42d3,f7f64a4c6-645f-fb75-b046-fc0aa1af42d3,273355730,2026-08-25 00:00:00+00:00,0.0006088316910999704
gfw:908bf44d9-9606-1c6c-8d51-e1010981c0f0,908bf44d9-9606-1c6c-8d51-e1010981c0f0,273272910,2026-08-25 00:00:00+00:00,0.0006086064949551007
gfw:088924628-8248-717d-3592-a8f33443c623,088924628-8248-717d-3592-a8f33443c623,538005301,2026-08-25 00:00:00+00:00,0.0006083085097478649
gfw:104f1db93-32ee-df08-1448-e08247c8493d,104f1db93-32ee-df08-1448-e08247c8493d,312402000,2026-08-25 00:00:00+00:00,0.0006077287282045719
gfw:bf87e0b31-13a4-b329-2af6-dd694d2bddbc,bf87e0b31-13a4-b329-2af6-dd694d2bddbc,273828110,2026-08-25 00:00:00+00:00,0.0006076980056564307
gfw:0e12605ae-e8e0-95ee-3733-2c77886d324a,0e12605ae-e8e0-95ee-3733-2c77886d324a,273268410,2026-08-25 00:00:00+00:00,0.0006076770045751988
gfw:ac103807e-e60a-8380-2bf2-fbb2203603bd,ac103807e-e60a-8380-2bf2-fbb2203603bd,273611490,2026-08-25 00:00:00+00:00,0.0006076770045751984
gfw:14a011426-6c3f-fa78-a6f8-5bad68714add,14a011426-6c3f-fa78-a6f8-5bad68714add,273382520,2026-08-25 00:00:00+00:00,0.0006075950512233497
gfw:45dafeffd-dc32-ab89-538d-d10c0031c7e2,45dafeffd-dc32-ab89-538d-d10c0031c7e2,273345160,2026-08-25 00:00:00+00:00,0.0006075921968691761
gfw:0e3123127-772a-c73c-9693-14d456535451,0e3123127-772a-c73c-9693-14d456535451,999900077,2026-08-25 00:00:00+00:00,0.00060721221816906
gfw:d5c9468a1-1f29-7391-86fb-ded10e6468bb,d5c9468a1-1f29-7391-86fb-ded10e6468bb,273613490,2026-08-25 00:00:00+00:00,0.0006070717521115274
gfw:e3880a61a-a2cf-462f-4c49-8015ce2122a6,e3880a61a-a2cf-462f-4c49-8015ce2122a6,273299260,2026-08-25 00:00:00+00:00,0.0006069440556891759
gfw:dba9a8bf7-713b-7bb1-ad23-7a6d571a00c2,dba9a8bf7-713b-7bb1-ad23-7a6d571a00c2,314001065,2026-08-25 00:00:00+00:00,0.0006067817924608177
gfw:33cdf88ea-ab65-72a3-2a75-978727ea2a14,33cdf88ea-ab65-72a3-2a75-978727ea2a14,273453430,2026-08-25 00:00:00+00:00,0.0006065788581171001
gfw:291dcc59e-ea40-7081-7bca-225ba088257f,291dcc59e-ea40-7081-7bca-225ba088257f,273358510,2026-08-25 00:00:00+00:00,0.0006065748589752547
gfw:df7492db8-83a3-076c-3d3a-4b040394be3b,df7492db8-83a3-076c-3d3a-4b040394be3b,273359930,2026-08-25 00:00:00+00:00,0.0006065404181406182
gfw:da5a1cf8c-ccfb-bb85-cb7c-663842064ca2,da5a1cf8c-ccfb-bb85-cb7c-663842064ca2,273373430,2026-08-25 00:00:00+00:00,0.0006065210315220454
gfw:5e9d24699-9f01-1523-c7e6-3b59bd93fe49,5e9d24699-9f01-1523-c7e6-3b59bd93fe49,273354920,2026-08-25 00:00:00+00:00,0.0006061538971032554
gfw:1c18e4757-7bde-a711-9086-2fd56a4649a8,1c18e4757-7bde-a711-9086-2fd56a4649a8,636017414,2026-08-25 00:00:00+00:00,0.0006061373973671636
gfw:f61230c46-6f60-0542-ea16-0c39d96c670f,f61230c46-6f60-0542-ea16-0c39d96c670f,311002167,2026-08-25 00:00:00+00:00,0.0006059602358633803
gfw:307dcb4f7-7c89-77b0-2da2-9a1ae49739ee,307dcb4f7-7c89-77b0-2da2-9a1ae49739ee,273386120,2026-08-25 00:00:00+00:00,0.0006058853263153151
gfw:ab8d391e8-8990-2394-9c2b-e56653dec510,ab8d391e8-8990-2394-9c2b-e56653dec510,370966000,2026-08-25 00:00:00+00:00,0.0006058141650939204
gfw:2b2027ad6-6224-1801-2422-7fe4c0c99798,2b2027ad6-6224-1801-2422-7fe4c0c99798,273278750,2026-08-25 00:00:00+00:00,0.0006056624479625676
gfw:8e663fa73-3d17-2de0-45d2-2929d23fc9e1,8e663fa73-3d17-2de0-45d2-2929d23fc9e1,273138900,2026-08-25 00:00:00+00:00,0.0006056483359347215
gfw:03609d260-0aa7-3af1-feb3-8b360fbb5577,03609d260-0aa7-3af1-feb3-8b360fbb5577,311000631,2026-08-25 00:00:00+00:00,0.0006055470106963322
gfw:fb2e39b28-85c0-d90c-7e93-b23127e3046b,fb2e39b28-85c0-d90c-7e93-b23127e3046b,273214810,2026-08-25 00:00:00+00:00,0.0006055167627877664
gfw:4d05aec9d-d080-3a64-7c49-527d3088c03f,4d05aec9d-d080-3a64-7c49-527d3088c03f,273446150,2026-08-25 00:00:00+00:00,0.000605140262391553
gfw:3f30ce86d-da5d-4993-53bf-a2f67d38155b,3f30ce86d-da5d-4993-53bf-a2f67d38155b,273451420,2026-08-25 00:00:00+00:00,0.0006047721791390311
gfw:33187dd56-6a02-6aa6-6b10-1352b9e9f643,33187dd56-6a02-6aa6-6b10-1352b9e9f643,538007927,2026-08-25 00:00:00+00:00,0.0006047548214000419
gfw:255afaab4-4a64-ab87-1a21-ba8f1d658057,255afaab4-4a64-ab87-1a21-ba8f1d658057,273441830,2026-08-25 00:00:00+00:00,0.0006043947504119793
gfw:2d642a890-01b3-1388-e0fb-1718ef10bf0e,2d642a890-01b3-1388-e0fb-1718ef10bf0e,636093392,2026-08-25 00:00:00+00:00,0.0006042787055515874
gfw:22e8002fc-cf3c-3593-21d9-b590916b3fa0,22e8002fc-cf3c-3593-21d9-b590916b3fa0,273291380,2026-08-25 00:00:00+00:00,0.000604232368967949
gfw:baffef498-82b7-8463-fb66-cc7acd1630d6,baffef498-82b7-8463-fb66-cc7acd1630d6,273618280,2026-08-25 00:00:00+00:00,0.0006039233460345233
gfw:015dca0eb-bd5f-2bea-ac11-ca1f88510ea9,015dca0eb-bd5f-2bea-ac11-ca1f88510ea9,273452320,2026-08-25 00:00:00+00:00,0.0006038250074386985
gfw:51d86b183-3c71-abd3-ebbe-3c42491214eb,51d86b183-3c71-abd3-ebbe-3c42491214eb,273453660,2026-08-25 00:00:00+00:00,0.0006034971860789138
gfw:6b92447bf-fb97-9dbc-37ca-96b7ad2bdc04,6b92447bf-fb97-9dbc-37ca-96b7ad2bdc04,273426000,2026-08-25 00:00:00+00:00,0.0006030926603757871
gfw:5479b8d04-43eb-5b11-05d5-20c5ab573cf6,5479b8d04-43eb-5b11-05d5-20c5ab573cf6,273256220,2026-08-25 00:00:00+00:00,0.0006030620883634873
gfw:85cdf8ca8-8a5a-85b3-bc80-b780c7677e8d,85cdf8ca8-8a5a-85b3-bc80-b780c7677e8d,273342030,2026-08-25 00:00:00+00:00,0.0006029608189553131
gfw:bcc573b53-3119-a783-8b67-f7eb381486f4,bcc573b53-3119-a783-8b67-f7eb381486f4,636018567,2026-08-25 00:00:00+00:00,0.0006026757981348502
gfw:0aaa8572d-d26d-620c-c799-97dcdcc58ca7,0aaa8572d-d26d-620c-c799-97dcdcc58ca7,249021000,2026-08-25 00:00:00+00:00,0.0006020460837596083
gfw:211613384-4ebc-b863-5439-3660bad908d2,211613384-4ebc-b863-5439-3660bad908d2,273295070,2026-08-25 00:00:00+00:00,0.0006018784001408032
gfw:ba8ba8da3-3091-2862-f8e7-effe4132b66c,ba8ba8da3-3091-2862-f8e7-effe4132b66c,273442630,2026-08-25 00:00:00+00:00,0.0006015731647899709
gfw:ab708ddc8-8bec-9892-4175-829c13e2d582,ab708ddc8-8bec-9892-4175-829c13e2d582,273384430,2026-08-25 00:00:00+00:00,0.0006015376494600785
gfw:1a9fd8ed6-6d93-23a0-e3a9-b1eb0a6d6cf9,1a9fd8ed6-6d93-23a0-e3a9-b1eb0a6d6cf9,273443140,2026-08-25 00:00:00+00:00,0.0006014844404812701
gfw:92b000670-0f82-159a-9485-dc0d41c1e3ec,92b000670-0f82-159a-9485-dc0d41c1e3ec,273611990,2026-08-25 00:00:00+00:00,0.0006012477441303979
gfw:8b2de8d36-6fb2-d022-244c-119dc3392219,8b2de8d36-6fb2-d022-244c-119dc3392219,341492001,2026-08-25 00:00:00+00:00,0.0006009781704295711
gfw:8c49486f5-5dd5-384c-781e-cb3628c7d0e7,8c49486f5-5dd5-384c-781e-cb3628c7d0e7,999900412,2026-08-25 00:00:00+00:00,0.0006009288031408704
gfw:e88bb6294-4695-a8bb-9ecb-24c69c5c8272,e88bb6294-4695-a8bb-9ecb-24c69c5c8272,671528000,2026-08-25 00:00:00+00:00,0.0006008821112931612
gfw:5b4ca38c2-2b07-56b0-e1a3-2a67d253882d,5b4ca38c2-2b07-56b0-e1a3-2a67d253882d,273444990,2026-08-25 00:00:00+00:00,0.0006008440162237567
gfw:9bec65d45-5940-25eb-dc47-f20b0f64d4a2,9bec65d45-5940-25eb-dc47-f20b0f64d4a2,273432910,2026-08-25 00:00:00+00:00,0.0006007204082369043
gfw:743558a43-3e03-65b0-c5e1-b2dbb2fe3ce4,743558a43-3e03-65b0-c5e1-b2dbb2fe3ce4,314001158,2026-08-25 00:00:00+00:00,0.0006006377637058192
gfw:9595c9e16-661b-e5c2-2ba5-df7467dcf0f7,9595c9e16-661b-e5c2-2ba5-df7467dcf0f7,273342820,2026-08-25 00:00:00+00:00,0.0006005198308856181
gfw:0f1611291-19ae-e36b-86f4-439871119f30,0f1611291-19ae-e36b-86f4-439871119f30,273613560,2026-08-25 00:00:00+00:00,0.0006004637143244307
gfw:cae59d81b-b07d-3636-c876-e01252dd2c5c,cae59d81b-b07d-3636-c876-e01252dd2c5c,256930000,2026-08-25 00:00:00+00:00,0.000600004456022486
gfw:b7ec37f6d-d974-c65b-03fa-4efa844416f6,b7ec37f6d-d974-c65b-03fa-4efa844416f6,538005066,2026-08-25 00:00:00+00:00,0.0005997315348437291
gfw:50756eed0-01e7-78aa-1cf5-5913d05d3aaa,50756eed0-01e7-78aa-1cf5-5913d05d3aaa,273312540,2026-08-25 00:00:00+00:00,0.0005995367756141335
gfw:d7a88b463-3fce-5a8d-2536-533c374deccc,d7a88b463-3fce-5a8d-2536-533c374deccc,677022600,2026-08-25 00:00:00+00:00,0.0005995236818473181
gfw:1ba6222b2-2d29-eb4a-3bdd-29718bd7497c,1ba6222b2-2d29-eb4a-3bdd-29718bd7497c,311000977,2026-08-25 00:00:00+00:00,0.0005994068964517826
gfw:b80a92ae3-3b58-b474-d2db-2cf8c3f7af1d,b80a92ae3-3b58-b474-d2db-2cf8c3f7af1d,273454880,2026-08-25 00:00:00+00:00,0.0005993636355590521
gfw:b45ce69db-b8c1-aa2b-9896-08ac1f75ed05,b45ce69db-b8c1-aa2b-9896-08ac1f75ed05,636014570,2026-08-25 00:00:00+00:00,0.0005993391066409846
gfw:2d436e8bf-f2d8-2a8c-f3f5-df8e9bd1f4c9,2d436e8bf-f2d8-2a8c-f3f5-df8e9bd1f4c9,372938000,2026-08-25 00:00:00+00:00,0.000599198572539779
gfw:32e060294-4999-5f4b-1777-3db83489eda6,32e060294-4999-5f4b-1777-3db83489eda6,273330120,2026-08-25 00:00:00+00:00,0.000598984265490932
gfw:4924826db-b2de-dfd2-2157-e470c08c92a3,4924826db-b2de-dfd2-2157-e470c08c92a3,273250060,2026-08-25 00:00:00+00:00,0.0005988695771342419
gfw:e72b83270-0c4e-24f7-0525-89f2d99d8fa8,e72b83270-0c4e-24f7-0525-89f2d99d8fa8,667002610,2026-08-25 00:00:00+00:00,0.0005985935533945861
gfw:e5fe9467a-a838-45e6-fda2-a7c0c18a74d8,e5fe9467a-a838-45e6-fda2-a7c0c18a74d8,352002616,2026-08-25 00:00:00+00:00,0.0005984752320132348
gfw:765ed39bd-dd94-7ea2-0cd4-e9891c0260d1,765ed39bd-dd94-7ea2-0cd4-e9891c0260d1,667002336,2026-08-25 00:00:00+00:00,0.0005984333812290617
gfw:b8b445ee9-9922-cbfe-8373-a677ecde81a3,b8b445ee9-9922-cbfe-8373-a677ecde81a3,250500645,2026-08-25 00:00:00+00:00,0.0005983123432356316
gfw:b397662dd-dab6-b555-4ed1-9ebb6e5206ae,b397662dd-dab6-b555-4ed1-9ebb6e5206ae,273332010,2026-08-25 00:00:00+00:00,0.0005982708544187776
gfw:397f33723-3599-2a8b-b402-2b426d1552ac,397f33723-3599-2a8b-b402-2b426d1552ac,273417460,2026-08-25 00:00:00+00:00,0.0005981720952477357
gfw:c2ef28b55-5f0b-fd8c-4914-fb0b34e3f918,c2ef28b55-5f0b-fd8c-4914-fb0b34e3f918,273435680,2026-08-25 00:00:00+00:00,0.0005975839211723985
gfw:c4f588e83-3e6e-9b05-1c46-c072e1fa1ba8,c4f588e83-3e6e-9b05-1c46-c072e1fa1ba8,518101024,2026-08-25 00:00:00+00:00,0.000597409598078469
gfw:f7020ab82-275c-addd-e4f9-5f8b59cdcd1c,f7020ab82-275c-addd-e4f9-5f8b59cdcd1c,273324280,2026-08-25 00:00:00+00:00,0.0005971687849347685
gfw:e12626c9d-d459-24e7-1c0f-c52590fecb40,e12626c9d-d459-24e7-1c0f-c52590fecb40,477931800,2026-08-25 00:00:00+00:00,0.000597016188923066
gfw:d5d5aa119-9fac-63ed-870c-67db9e8140d0,d5d5aa119-9fac-63ed-870c-67db9e8140d0,273316240,2026-08-25 00:00:00+00:00,0.0005966455576506782
gfw:7ad0bea22-2894-d536-dd67-e36d7d50df01,7ad0bea22-2894-d536-dd67-e36d7d50df01,636021257,2026-08-25 00:00:00+00:00,0.0005964841263203964
gfw:44e448d0b-b554-f820-4811-2cd3bfdd3c72,44e448d0b-b554-f820-4811-2cd3bfdd3c72,273372100,2026-08-25 00:00:00+00:00,0.0005963167658529916
gfw:b3460143a-adc7-d955-7252-e1e5bc4559bc,b3460143a-adc7-d955-7252-e1e5bc4559bc,273358480,2026-08-25 00:00:00+00:00,0.0005961437689058542
gfw:dff6d27ad-dcce-5c9e-6dd5-3d005ca2d3e2,dff6d27ad-dcce-5c9e-6dd5-3d005ca2d3e2,273396260,2026-08-25 00:00:00+00:00,0.0005959822918532867
gfw:902fbd595-524a-a141-55a6-5a159ee74c89,902fbd595-524a-a141-55a6-5a159ee74c89,636024203,2026-08-25 00:00:00+00:00,0.0005959591214300311
gfw:b35f48956-620f-67c4-198c-43b275d2de81,b35f48956-620f-67c4-198c-43b275d2de81,636024757,2026-08-25 00:00:00+00:00,0.0005958996079807284
gfw:d7f67b1d9-920b-8155-16c4-a74e718e9fe6,d7f67b1d9-920b-8155-16c4-a74e718e9fe6,209525000,2026-08-25 00:00:00+00:00,0.0005957624688500564
gfw:8f83a3516-675f-cfac-b654-a2eaee459c01,8f83a3516-675f-cfac-b654-a2eaee459c01,273029020,2026-08-25 00:00:00+00:00,0.0005955038483147236
gfw:6106d1970-09a6-9166-9e12-49f6285e654e,6106d1970-09a6-9166-9e12-49f6285e654e,273378220,2026-08-25 00:00:00+00:00,0.0005953466055554484
gfw:98b16dae3-3c44-2625-22ca-6a9eebdab28c,98b16dae3-3c44-2625-22ca-6a9eebdab28c,273811090,2026-08-25 00:00:00+00:00,0.0005951922502465658
gfw:0a3f19d54-4a71-1493-c337-ecd1a8728118,0a3f19d54-4a71-1493-c337-ecd1a8728118,538004305,2026-08-25 00:00:00+00:00,0.0005950234025027374
gfw:57349724c-c8af-8f80-5dbc-cc5502b9fdb4,57349724c-c8af-8f80-5dbc-cc5502b9fdb4,273454000,2026-08-25 00:00:00+00:00,0.0005949272894616248
gfw:4323a02ad-d5ad-fe64-e31b-ca53f66f9a4b,4323a02ad-d5ad-fe64-e31b-ca53f66f9a4b,273260900,2026-08-25 00:00:00+00:00,0.0005945186694079372
gfw:74e70fce8-87ea-29b0-0aee-3a8ba718b3a0,74e70fce8-87ea-29b0-0aee-3a8ba718b3a0,352005843,2026-08-25 00:00:00+00:00,0.0005943650160653048
gfw:319b518b3-3a11-6a0f-c12d-b48a8421070f,319b518b3-3a11-6a0f-c12d-b48a8421070f,273913200,2026-08-25 00:00:00+00:00,0.0005941109130615188
gfw:1dc72e55b-bdcd-1d46-4691-9b232c9df5c5,1dc72e55b-bdcd-1d46-4691-9b232c9df5c5,352006465,2026-08-25 00:00:00+00:00,0.0005940257653245493
gfw:c91a84ea6-6e2c-948f-64fe-afa5a05ff111,c91a84ea6-6e2c-948f-64fe-afa5a05ff111,311921000,2026-08-25 00:00:00+00:00,0.0005936385167667732
gfw:fc7ebb430-0913-815e-9f5d-4ecb3a093516,fc7ebb430-0913-815e-9f5d-4ecb3a093516,273442580,2026-08-25 00:00:00+00:00,0.0005935229172842066
gfw:9510a8311-1b08-37de-1888-82e64a063c74,9510a8311-1b08-37de-1888-82e64a063c74,273319630,2026-08-25 00:00:00+00:00,0.0005934262774305827
gfw:b0581c28f-f41b-667a-82d0-69129b91295c,b0581c28f-f41b-667a-82d0-69129b91295c,273615710,2026-08-25 00:00:00+00:00,0.0005933076888441203
gfw:6b0416f8f-f8f7-c53e-b658-3531e0b6a561,6b0416f8f-f8f7-c53e-b658-3531e0b6a561,273219730,2026-08-25 00:00:00+00:00,0.0005931247202838501
gfw:c065b5e17-7596-215b-f1ce-bd6bd4a6ba60,c065b5e17-7596-215b-f1ce-bd6bd4a6ba60,352005486,2026-08-25 00:00:00+00:00,0.0005930251754148325
gfw:6a192879d-d37c-145d-3354-3838884dc2de,6a192879d-d37c-145d-3354-3838884dc2de,273477655,2026-08-25 00:00:00+00:00,0.0005924772848829647
gfw:46b353fa4-4886-d1c1-4996-76b6e83aafa1,46b353fa4-4886-d1c1-4996-76b6e83aafa1,538004890,2026-08-25 00:00:00+00:00,0.0005922227227489082
gfw:7d7e5a70a-a076-4b57-e417-33e445ad72fb,7d7e5a70a-a076-4b57-e417-33e445ad72fb,314811000,2026-08-25 00:00:00+00:00,0.0005918832751982394
gfw:d0e112c11-1687-429d-99ba-55cdbd5dbaf1,d0e112c11-1687-429d-99ba-55cdbd5dbaf1,309841000,2026-08-25 00:00:00+00:00,0.0005918117600391571
gfw:b78980753-3286-34cc-8313-da48a2b83405,b78980753-3286-34cc-8313-da48a2b83405,273128030,2026-08-25 00:00:00+00:00,0.0005915611414452601
gfw:fcaf9f1ff-f14a-725b-7967-0ba05235748c,fcaf9f1ff-f14a-725b-7967-0ba05235748c,636015594,2026-08-25 00:00:00+00:00,0.0005913788262645233
gfw:a23553a1c-c6f5-5b62-5a3e-51f709467e02,a23553a1c-c6f5-5b62-5a3e-51f709467e02,273355650,2026-08-25 00:00:00+00:00,0.000591195420877569
gfw:c2c366d8c-c076-1b52-93f8-5316265ae095,c2c366d8c-c076-1b52-93f8-5316265ae095,273426280,2026-08-25 00:00:00+00:00,0.0005907903574250341
gfw:6f462ab8c-c0bd-69a5-f03e-57bb204530d8,6f462ab8c-c0bd-69a5-f03e-57bb204530d8,620800252,2026-08-25 00:00:00+00:00,0.0005906437942038461
gfw:164cb945b-be80-ebd5-8a50-15d720c567e9,164cb945b-be80-ebd5-8a50-15d720c567e9,273353070,2026-08-25 00:00:00+00:00,0.0005905844073578121
gfw:2fa92b926-6666-3a77-1680-c6ac155c5208,2fa92b926-6666-3a77-1680-c6ac155c5208,273372720,2026-08-25 00:00:00+00:00,0.0005902574146774388
gfw:c0f828ffb-b5d9-04b4-70d9-0e58996257e8,c0f828ffb-b5d9-04b4-70d9-0e58996257e8,413381240,2026-08-25 00:00:00+00:00,0.0005898166354897245
gfw:eded86ba9-9346-a72d-ce07-af7878f95da4,eded86ba9-9346-a72d-ce07-af7878f95da4,273448830,2026-08-25 00:00:00+00:00,0.0005897336504577276
gfw:c34ec59e2-2f98-5e63-d434-4f01e057746b,c34ec59e2-2f98-5e63-d434-4f01e057746b,352005011,2026-08-25 00:00:00+00:00,0.0005895574528406945
gfw:dbcdfc098-8da5-2408-95eb-1c47712d0345,dbcdfc098-8da5-2408-95eb-1c47712d0345,273255870,2026-08-25 00:00:00+00:00,0.0005893822205964227
gfw:a00178d87-7655-f12f-c31b-77177626082a,a00178d87-7655-f12f-c31b-77177626082a,273359610,2026-08-25 00:00:00+00:00,0.0005888210837844165
gfw:c06140afa-a296-6b55-4aa6-a4ab61c8f353,c06140afa-a296-6b55-4aa6-a4ab61c8f353,273413540,2026-08-25 00:00:00+00:00,0.0005887030357537628
gfw:c18d2333a-a9f3-e4e0-5999-eb38c8c4804d,c18d2333a-a9f3-e4e0-5999-eb38c8c4804d,461000330,2026-08-25 00:00:00+00:00,0.0005886212714529461
gfw:50baafedb-b45a-827d-1b6d-f3c3c3712387,50baafedb-b45a-827d-1b6d-f3c3c3712387,273212740,2026-08-25 00:00:00+00:00,0.0005885980428619225
gfw:88f4df5b3-3bf1-257e-054a-095ffeea39e1,88f4df5b3-3bf1-257e-054a-095ffeea39e1,273352640,2026-08-25 00:00:00+00:00,0.0005882654567751541
gfw:bec267a31-10ec-19a2-f15d-bc09b1e05e2e,bec267a31-10ec-19a2-f15d-bc09b1e05e2e,636021668,2026-08-25 00:00:00+00:00,0.0005882639942031445
gfw:fd1295555-5453-79fd-448e-23ac131fadd7,fd1295555-5453-79fd-448e-23ac131fadd7,477248600,2026-08-25 00:00:00+00:00,0.000588098704652643
gfw:2b1b16f20-05a0-00bc-6cbb-83b6cbbf2886,2b1b16f20-05a0-00bc-6cbb-83b6cbbf2886,273435240,2026-08-25 00:00:00+00:00,0.0005880831299204326
gfw:c20a74dcf-fad1-f9a5-f5a1-3c88c68632fb,c20a74dcf-fad1-f9a5-f5a1-3c88c68632fb,273439830,2026-08-25 00:00:00+00:00,0.000588059008954829
gfw:bb7ad51c7-7087-a059-010e-dff39070699a,bb7ad51c7-7087-a059-010e-dff39070699a,636026411,2026-08-25 00:00:00+00:00,0.0005878711830640597
gfw:6f48b8f9e-e90c-d495-0633-3403f779190d,6f48b8f9e-e90c-d495-0633-3403f779190d,273359830,2026-08-25 00:00:00+00:00,0.0005878075364295927
gfw:d8eb79dd1-1490-ae24-61a5-6ecafca815eb,d8eb79dd1-1490-ae24-61a5-6ecafca815eb,538008916,2026-08-25 00:00:00+00:00,0.0005875343646849265
gfw:8864cab88-8264-acf7-1983-0439d2193314,8864cab88-8264-acf7-1983-0439d2193314,538011568,2026-08-25 00:00:00+00:00,0.000586961862738276
gfw:372550b7c-cdc0-8a19-124e-4d1d47513a1f,372550b7c-cdc0-8a19-124e-4d1d47513a1f,273435880,2026-08-25 00:00:00+00:00,0.00058641927589755
gfw:e5c4807f8-8e4d-502a-ef21-2b77e8178bf9,e5c4807f8-8e4d-502a-ef21-2b77e8178bf9,273426900,2026-08-25 00:00:00+00:00,0.000586183200591243
gfw:bc2766acc-cb9e-0b21-d1df-885a915b61ba,bc2766acc-cb9e-0b21-d1df-885a915b61ba,273348590,2026-08-25 00:00:00+00:00,0.0005857275039465684
gfw:4e28344b3-31a4-4893-995d-1f1d3c5849e5,4e28344b3-31a4-4893-995d-1f1d3c5849e5,273356370,2026-08-25 00:00:00+00:00,0.000585680818914811
gfw:2aef1798b-b860-e5b7-8694-e96dc909d088,2aef1798b-b860-e5b7-8694-e96dc909d088,352002172,2026-08-25 00:00:00+00:00,0.0005856407749145503
gfw:fe4f34507-706c-d7c7-ebbe-a85d2f9a9ac2,fe4f34507-706c-d7c7-ebbe-a85d2f9a9ac2,631010117,2026-08-25 00:00:00+00:00,0.0005855034619818515
gfw:c966695af-f614-e0ec-a023-251e597cd69b,c966695af-f614-e0ec-a023-251e597cd69b,273213860,2026-08-25 00:00:00+00:00,0.0005851469533002012
gfw:1eea9f8b6-6da9-ee6b-237d-12cf0340746a,1eea9f8b6-6da9-ee6b-237d-12cf0340746a,357498000,2026-08-25 00:00:00+00:00,0.0005847793517564815
gfw:d6bbd5e79-985c-c7d3-e958-b261507b4e16,d6bbd5e79-985c-c7d3-e958-b261507b4e16,273254880,2026-08-25 00:00:00+00:00,0.0005843047957252366
gfw:466b5fb55-59d9-ebc4-a327-f593bb92ad72,466b5fb55-59d9-ebc4-a327-f593bb92ad72,273410560,2026-08-25 00:00:00+00:00,0.0005842627160177997
gfw:68a54e7d3-35b6-7867-157a-f8affcea1cc7,68a54e7d3-35b6-7867-157a-f8affcea1cc7,352004237,2026-08-25 00:00:00+00:00,0.0005842369268152795
gfw:c787dae41-151b-7840-9100-a26e1389e821,c787dae41-151b-7840-9100-a26e1389e821,273268690,2026-08-25 00:00:00+00:00,0.0005841175955350328
gfw:089bf3800-0eda-cc49-6408-738cccbb3acb,089bf3800-0eda-cc49-6408-738cccbb3acb,273440860,2026-08-25 00:00:00+00:00,0.0005835986092001091
gfw:859bd2065-59ef-1e59-26df-3194d3cbb1a5,859bd2065-59ef-1e59-26df-3194d3cbb1a5,273399370,2026-08-25 00:00:00+00:00,0.0005830326699706551
gfw:e6f1580de-e04c-3e8b-e4ef-6b2a7fb368ec,e6f1580de-e04c-3e8b-e4ef-6b2a7fb368ec,667001679,2026-08-25 00:00:00+00:00,0.0005827784132946983
gfw:3ce5405b8-80cc-94ed-9939-1ec2b8a7ee6b,3ce5405b8-80cc-94ed-9939-1ec2b8a7ee6b,273356760,2026-08-25 00:00:00+00:00,0.0005825988765069493
gfw:8f59c9926-65de-8292-d47c-6b2c41d8fa0d,8f59c9926-65de-8292-d47c-6b2c41d8fa0d,273846020,2026-08-25 00:00:00+00:00,0.0005825210604899974
gfw:c1cc38f6c-c8b3-69c4-8b92-d045f41bee28,c1cc38f6c-c8b3-69c4-8b92-d045f41bee28,273343030,2026-08-25 00:00:00+00:00,0.0005823249171225481
gfw:583f1163a-a132-3ad3-2194-e7c79431c180,583f1163a-a132-3ad3-2194-e7c79431c180,304095000,2026-08-25 00:00:00+00:00,0.0005818542159014115
gfw:8a3700462-281e-0ade-74d8-e8bb3b7fd91c,8a3700462-281e-0ade-74d8-e8bb3b7fd91c,273445350,2026-08-25 00:00:00+00:00,0.0005817213059306322
gfw:3fc795134-4046-aa7b-04b3-af3aa15c2088,3fc795134-4046-aa7b-04b3-af3aa15c2088,273127020,2026-08-25 00:00:00+00:00,0.0005815852152891849
gfw:4927da750-0095-81e4-fd4c-bc775b434ac2,4927da750-0095-81e4-fd4c-bc775b434ac2,273357750,2026-08-25 00:00:00+00:00,0.000581337581022062
gfw:d748edbcc-c8f6-0bfb-95c9-e41232cc0bc2,d748edbcc-c8f6-0bfb-95c9-e41232cc0bc2,273213390,2026-08-25 00:00:00+00:00,0.0005809398731865197
gfw:0d5c8bfc7-7ad2-7e0b-e2f9-3bbef6f7d038,0d5c8bfc7-7ad2-7e0b-e2f9-3bbef6f7d038,273125420,2026-08-25 00:00:00+00:00,0.0005809256555925966
gfw:4512d1213-3f49-6fc1-69aa-7deec5cff9a7,4512d1213-3f49-6fc1-69aa-7deec5cff9a7,273851400,2026-08-25 00:00:00+00:00,0.0005808009270022895
gfw:20d59f7ba-a961-8bd8-4380-4648a683cefd,20d59f7ba-a961-8bd8-4380-4648a683cefd,273448720,2026-08-25 00:00:00+00:00,0.0005807329629706
gfw:72f1e51d3-3a3c-0566-4f5f-96c31a41edc9,72f1e51d3-3a3c-0566-4f5f-96c31a41edc9,273382350,2026-08-25 00:00:00+00:00,0.0005803747271093577
gfw:090ca2afe-e26a-4539-6cae-1b19aa784b41,090ca2afe-e26a-4539-6cae-1b19aa784b41,273348880,2026-08-25 00:00:00+00:00,0.0005802818656764461
gfw:2a7ec6d9f-fca0-341e-bb98-9382f55b17aa,2a7ec6d9f-fca0-341e-bb98-9382f55b17aa,273538310,2026-08-25 00:00:00+00:00,0.0005802722633596846
gfw:85efd23ff-fcce-6098-160c-635b26fa6f1c,85efd23ff-fcce-6098-160c-635b26fa6f1c,273251330,2026-08-25 00:00:00+00:00,0.0005799782014622275
gfw:97c71e781-1d45-cac7-b6e5-9d3954cc0225,97c71e781-1d45-cac7-b6e5-9d3954cc0225,273352070,2026-08-25 00:00:00+00:00,0.000579813916345876
gfw:e56f444fe-ea00-a435-0567-ad137ad44ebb,e56f444fe-ea00-a435-0567-ad137ad44ebb,273422140,2026-08-25 00:00:00+00:00,0.0005797400325876484
gfw:0e7589c15-51aa-8370-deb4-fd5832fcbcff,0e7589c15-51aa-8370-deb4-fd5832fcbcff,273455320,2026-08-25 00:00:00+00:00,0.0005795251942990715
gfw:d5e10bdaa-a427-47f0-a727-54eb80e6bd0c,d5e10bdaa-a427-47f0-a727-54eb80e6bd0c,352006917,2026-08-25 00:00:00+00:00,0.0005792456367398719
gfw:038f36cce-e833-2e8b-98fe-103bf52b21a8,038f36cce-e833-2e8b-98fe-103bf52b21a8,273434770,2026-08-25 00:00:00+00:00,0.0005789297687632619
gfw:9872f93f5-51c9-ae92-67c6-7f15edb546c8,9872f93f5-51c9-ae92-67c6-7f15edb546c8,273390840,2026-08-25 00:00:00+00:00,0.0005788875161563545
gfw:0115734ef-f8c3-b8b2-45d9-08ea03b2a5f6,0115734ef-f8c3-b8b2-45d9-08ea03b2a5f6,667002538,2026-08-25 00:00:00+00:00,0.0005778135519614023
gfw:f46d29659-9a04-d873-1ae8-54d063714522,f46d29659-9a04-d873-1ae8-54d063714522,636025751,2026-08-25 00:00:00+00:00,0.000577693923863498
gfw:8713d9033-3dd9-f0ad-9f74-c87de4ba3ae4,8713d9033-3dd9-f0ad-9f74-c87de4ba3ae4,273254160,2026-08-25 00:00:00+00:00,0.0005775719798075796
gfw:67c13e108-8951-c855-8727-83c74b88b9b3,67c13e108-8951-c855-8727-83c74b88b9b3,255806378,2026-08-25 00:00:00+00:00,0.0005775548710960434
gfw:a0a51ec22-211c-98b1-72a2-e0fa44cd65fe,a0a51ec22-211c-98b1-72a2-e0fa44cd65fe,273215820,2026-08-25 00:00:00+00:00,0.0005775353536236803
gfw:80a85c117-797c-924d-3af1-8ff5cb488161,80a85c117-797c-924d-3af1-8ff5cb488161,273212310,2026-08-25 00:00:00+00:00,0.0005775074631727324
gfw:156ab74c0-0470-40e6-25bc-98ae45ba1cc7,156ab74c0-0470-40e6-25bc-98ae45ba1cc7,636020835,2026-08-25 00:00:00+00:00,0.0005772599073768556
gfw:f6481ff48-80b2-d835-eeaa-95cb19efdff6,f6481ff48-80b2-d835-eeaa-95cb19efdff6,461000248,2026-08-25 00:00:00+00:00,0.0005768450427867767
gfw:ba7345d12-2e35-f5ac-041c-725c97187d22,ba7345d12-2e35-f5ac-041c-725c97187d22,273352700,2026-08-25 00:00:00+00:00,0.000576779054462254
gfw:2b90d3a99-99be-9a39-fb7d-cd65b15e0d39,2b90d3a99-99be-9a39-fb7d-cd65b15e0d39,273259710,2026-08-25 00:00:00+00:00,0.0005765941943293938
gfw:f9a68250b-bbfa-dda7-bc2b-427307c58c8d,f9a68250b-bbfa-dda7-bc2b-427307c58c8d,352001639,2026-08-25 00:00:00+00:00,0.000576061929466977
gfw:deb21bc8f-f1b1-8beb-4392-e30379e947f8,deb21bc8f-f1b1-8beb-4392-e30379e947f8,273611730,2026-08-25 00:00:00+00:00,0.0005759230906034117
gfw:078f70ce4-4290-05d4-3f79-91feb02f27ef,078f70ce4-4290-05d4-3f79-91feb02f27ef,352002652,2026-08-25 00:00:00+00:00,0.0005757274260153375
gfw:55286a67e-e754-ef14-bc7b-8b839f45db67,55286a67e-e754-ef14-bc7b-8b839f45db67,273394360,2026-08-25 00:00:00+00:00,0.0005755971696139941
gfw:eb7852810-0b6c-f5f3-01e9-f9bced60cfe3,eb7852810-0b6c-f5f3-01e9-f9bced60cfe3,352529000,2026-08-25 00:00:00+00:00,0.0005755269550730991
gfw:ce624e2ed-dac6-3ca2-f8a2-96457cf834ff,ce624e2ed-dac6-3ca2-f8a2-96457cf834ff,273164300,2026-08-25 00:00:00+00:00,0.0005751988784577452
gfw:3363b640e-ea44-4aa0-2ac8-d96795d7f948,3363b640e-ea44-4aa0-2ac8-d96795d7f948,273154000,2026-08-25 00:00:00+00:00,0.0005751337371084814
gfw:8f3c42b1b-b68a-eb6b-9e77-5766a4253aba,8f3c42b1b-b68a-eb6b-9e77-5766a4253aba,273335960,2026-08-25 00:00:00+00:00,0.0005750554469770621
gfw:9862d03a0-0c7a-cf04-7b58-49e1faf09855,9862d03a0-0c7a-cf04-7b58-49e1faf09855,668116416,2026-08-25 00:00:00+00:00,0.0005750477340863272
gfw:4f6d43072-2c62-29da-f379-23507882cd57,4f6d43072-2c62-29da-f379-23507882cd57,357501000,2026-08-25 00:00:00+00:00,0.0005750440252706196
gfw:f2c7d62ce-e21c-37b4-f523-436a17de65ab,f2c7d62ce-e21c-37b4-f523-436a17de65ab,273332830,2026-08-25 00:00:00+00:00,0.0005748628647215902
gfw:5b59184f1-111c-c566-238b-c594e96a0c86,5b59184f1-111c-c566-238b-c594e96a0c86,538011973,2026-08-25 00:00:00+00:00,0.0005747076074136572
gfw:2fa30009f-fc92-a24d-7202-ace64e90fed7,2fa30009f-fc92-a24d-7202-ace64e90fed7,636019329,2026-08-25 00:00:00+00:00,0.0005743108501392006
gfw:3a9a1922e-eac0-c919-327b-d346fa2446ff,3a9a1922e-eac0-c919-327b-d346fa2446ff,999900452,2026-08-25 00:00:00+00:00,0.0005742409050019661
gfw:7c118e99c-c202-a9a7-4416-f2343ef1caf7,7c118e99c-c202-a9a7-4416-f2343ef1caf7,999900383,2026-08-25 00:00:00+00:00,0.000573922154617397
gfw:08ad18cf5-509e-49c8-cb7d-5a52496c6574,08ad18cf5-509e-49c8-cb7d-5a52496c6574,273617780,2026-08-25 00:00:00+00:00,0.000573790339124103
gfw:d8bd16086-6caa-f638-cd11-0abbd7a2f1bd,d8bd16086-6caa-f638-cd11-0abbd7a2f1bd,273397190,2026-08-25 00:00:00+00:00,0.000573517574910475
gfw:51c20c722-21f6-3a74-2963-be722a723df6,51c20c722-21f6-3a74-2963-be722a723df6,273353020,2026-08-25 00:00:00+00:00,0.0005734867229312184
gfw:06bd92f94-4613-9c9d-9354-d75c10214cfe,06bd92f94-4613-9c9d-9354-d75c10214cfe,352006721,2026-08-25 00:00:00+00:00,0.00057347758786278
gfw:e67f87bb7-7c28-a39c-e0f5-3c8a2d5613b3,e67f87bb7-7c28-a39c-e0f5-3c8a2d5613b3,273439180,2026-08-25 00:00:00+00:00,0.0005731193348648516
gfw:8379e5c6f-f392-fa44-0a04-1adf033eb481,8379e5c6f-f392-fa44-0a04-1adf033eb481,273351080,2026-08-25 00:00:00+00:00,0.0005731163900332266
gfw:3e0103fd5-5246-e845-813a-c1a0c14e35e8,3e0103fd5-5246-e845-813a-c1a0c14e35e8,273455170,2026-08-25 00:00:00+00:00,0.0005731124642688639
gfw:eb24d5fce-ea5a-e903-f452-2c215a1b8528,eb24d5fce-ea5a-e903-f452-2c215a1b8528,941005800,2026-08-25 00:00:00+00:00,0.0005731041683340645
gfw:8b9d7e864-4130-1673-2d47-c6b2a492aa62,8b9d7e864-4130-1673-2d47-c6b2a492aa62,273414310,2026-08-25 00:00:00+00:00,0.0005728035742749133
gfw:45700831f-f23f-c2d6-0009-b34cbe1dbd77,45700831f-f23f-c2d6-0009-b34cbe1dbd77,461000247,2026-08-25 00:00:00+00:00,0.0005726943280411215
gfw:d2c9c67de-e13b-e8f1-5d02-d28c2e587f85,d2c9c67de-e13b-e8f1-5d02-d28c2e587f85,352957000,2026-08-25 00:00:00+00:00,0.0005725207764930326
gfw:89eda8e2f-f195-e57f-1a62-5a37508550ca,89eda8e2f-f195-e57f-1a62-5a37508550ca,249216000,2026-08-25 00:00:00+00:00,0.000572448908385689
gfw:36bdd636e-effb-d108-0b6b-c3383322ce16,36bdd636e-effb-d108-0b6b-c3383322ce16,273454820,2026-08-25 00:00:00+00:00,0.0005721225785468663
gfw:1c6064218-88e4-1972-c660-7d428e68427b,1c6064218-88e4-1972-c660-7d428e68427b,273217520,2026-08-25 00:00:00+00:00,0.0005721134908187669
gfw:02fb833e2-22bf-f0ef-a816-0aeb8615b585,02fb833e2-22bf-f0ef-a816-0aeb8615b585,215280000,2026-08-25 00:00:00+00:00,0.0005719969331633244
gfw:9bf3d05e3-3160-8534-4f99-3a4c5c453f1f,9bf3d05e3-3160-8534-4f99-3a4c5c453f1f,630001326,2026-08-25 00:00:00+00:00,0.0005715534998494938
gfw:d29aee82b-bf4d-095e-3543-a78727a2618a,d29aee82b-bf4d-095e-3543-a78727a2618a,273434650,2026-08-25 00:00:00+00:00,0.0005711403285515129
gfw:3bca3986a-a138-8fe9-c4e7-65c886dfa9ac,3bca3986a-a138-8fe9-c4e7-65c886dfa9ac,273445680,2026-08-25 00:00:00+00:00,0.0005707826970076242
gfw:bb4deba8f-fa0b-a431-09fa-9b8486e05900,bb4deba8f-fa0b-a431-09fa-9b8486e05900,273432430,2026-08-25 00:00:00+00:00,0.0005704403918581858
gfw:91b327943-37b1-b0c6-89d8-a655f5297017,91b327943-37b1-b0c6-89d8-a655f5297017,273819060,2026-08-25 00:00:00+00:00,0.000569996891214346
gfw:2e52296a2-2d00-9251-938b-ea81515c4e3e,2e52296a2-2d00-9251-938b-ea81515c4e3e,273390290,2026-08-25 00:00:00+00:00,0.0005692791063254421
gfw:d8b1a6f21-1c61-d600-3b14-4604bd098e7b,d8b1a6f21-1c61-d600-3b14-4604bd098e7b,273383970,2026-08-25 00:00:00+00:00,0.0005690751628362264
gfw:f3cbba26c-c868-0bde-2468-ffc49b86631f,f3cbba26c-c868-0bde-2468-ffc49b86631f,568925494,2026-08-25 00:00:00+00:00,0.0005689240266748512
gfw:d7d8ff70d-d786-598f-ad0e-0f2ea990caa9,d7d8ff70d-d786-598f-ad0e-0f2ea990caa9,352003154,2026-08-25 00:00:00+00:00,0.0005687272969596811
gfw:429a3b7d0-0e68-b0b0-64a1-f02796def2de,429a3b7d0-0e68-b0b0-64a1-f02796def2de,273332070,2026-08-25 00:00:00+00:00,0.0005682293237365327
gfw:0318fbf2f-fec0-48d0-a938-ba3eb913987f,0318fbf2f-fec0-48d0-a938-ba3eb913987f,273263300,2026-08-25 00:00:00+00:00,0.000567509948607316
gfw:c967024ce-e370-3e6a-186c-92ca5e213fec,c967024ce-e370-3e6a-186c-92ca5e213fec,273346530,2026-08-25 00:00:00+00:00,0.0005673338476563454
gfw:082f4fcc9-94e4-0fe0-80e5-5cde52494fee,082f4fcc9-94e4-0fe0-80e5-5cde52494fee,613271406,2026-08-25 00:00:00+00:00,0.0005672690650872029
gfw:e5c2babc2-2b79-5090-0b7e-9154bc0058a8,e5c2babc2-2b79-5090-0b7e-9154bc0058a8,273912200,2026-08-25 00:00:00+00:00,0.0005672655175126412
gfw:5c2cbab4d-d401-0f59-739f-a0d9ed4c3f03,5c2cbab4d-d401-0f59-739f-a0d9ed4c3f03,273396990,2026-08-25 00:00:00+00:00,0.0005667481004281288
gfw:fd2e8cb6a-a336-78fa-3a53-2f64732e665c,fd2e8cb6a-a336-78fa-3a53-2f64732e665c,273398340,2026-08-25 00:00:00+00:00,0.0005662397284169391
gfw:a79814ee9-9229-3323-0dea-eee1348a6733,a79814ee9-9229-3323-0dea-eee1348a6733,273380340,2026-08-25 00:00:00+00:00,0.0005662138237401529
gfw:6496cf4f7-760e-bc15-a52e-5532f717f45c,6496cf4f7-760e-bc15-a52e-5532f717f45c,999900409,2026-08-25 00:00:00+00:00,0.0005659837258892361
gfw:7141fda3c-cda5-6e48-b868-9e1cf33ba6c1,7141fda3c-cda5-6e48-b868-9e1cf33ba6c1,273314680,2026-08-25 00:00:00+00:00,0.0005656581144053941
gfw:56f6b35dd-df21-39fd-ffd6-1be4a70a1323,56f6b35dd-df21-39fd-ffd6-1be4a70a1323,999900147,2026-08-25 00:00:00+00:00,0.00056555558875229
gfw:95fe9d2b8-89c4-5790-bc4c-7e3c4e1e2e82,95fe9d2b8-89c4-5790-bc4c-7e3c4e1e2e82,273256260,2026-08-25 00:00:00+00:00,0.0005654902259087536
gfw:d1db3ed4b-bf07-e7d4-2a42-3b7fe3a4d48b,d1db3ed4b-bf07-e7d4-2a42-3b7fe3a4d48b,273614780,2026-08-25 00:00:00+00:00,0.0005654354725794136
gfw:aa04839b1-15c9-36c9-9aa0-1daeb3ca7012,aa04839b1-15c9-36c9-9aa0-1daeb3ca7012,311002374,2026-08-25 00:00:00+00:00,0.0005651821076774904
gfw:cc088e8f0-0480-c014-575c-f0d355af446b,cc088e8f0-0480-c014-575c-f0d355af446b,273612530,2026-08-25 00:00:00+00:00,0.0005650511834805767
gfw:720d0f36c-c684-00ee-73f3-4dbc97bf009f,720d0f36c-c684-00ee-73f3-4dbc97bf009f,273363410,2026-08-25 00:00:00+00:00,0.0005646339099246302
gfw:f727211cc-cd49-afa3-756a-3e5bff11b33f,f727211cc-cd49-afa3-756a-3e5bff11b33f,314001020,2026-08-25 00:00:00+00:00,0.0005645643992956001
gfw:703d9e0e6-674f-cfc5-8412-bdb82d92f721,703d9e0e6-674f-cfc5-8412-bdb82d92f721,538002659,2026-08-25 00:00:00+00:00,0.0005644904328333697
gfw:ec930e476-6639-b1ed-d4b5-01afcec600c5,ec930e476-6639-b1ed-d4b5-01afcec600c5,667002277,2026-08-25 00:00:00+00:00,0.0005644616048665387
gfw:b24b64628-88ec-6f7a-e5c9-0a9b04597804,b24b64628-88ec-6f7a-e5c9-0a9b04597804,273359290,2026-08-25 00:00:00+00:00,0.0005643100393888768
gfw:e50ece493-35e1-055b-412b-b1f9031bc2a6,e50ece493-35e1-055b-412b-b1f9031bc2a6,212660000,2026-08-25 00:00:00+00:00,0.0005640255014986288
gfw:43852e22f-f851-c6ff-dfff-96d4d79e138f,43852e22f-f851-c6ff-dfff-96d4d79e138f,273353150,2026-08-25 00:00:00+00:00,0.0005638738839959037
gfw:6a823ffb1-17c9-f8cb-87d8-c391cf0d011b,6a823ffb1-17c9-f8cb-87d8-c391cf0d011b,273459530,2026-08-25 00:00:00+00:00,0.0005638297524914767
gfw:05887147a-a224-04cd-8958-ada3d2e4a63c,05887147a-a224-04cd-8958-ada3d2e4a63c,219003122,2026-08-25 00:00:00+00:00,0.0005628411492718841
gfw:e93d3c800-0ba6-08c3-421e-c6c9c099b517,e93d3c800-0ba6-08c3-421e-c6c9c099b517,999900558,2026-08-25 00:00:00+00:00,0.0005628337867987008
gfw:7eb982fa7-7420-eb1b-9d6c-80a40f98002b,7eb982fa7-7420-eb1b-9d6c-80a40f98002b,273441150,2026-08-25 00:00:00+00:00,0.0005626337051023374
gfw:74c7714e7-74f9-99e3-15d3-5845c89efbe5,74c7714e7-74f9-99e3-15d3-5845c89efbe5,273618600,2026-08-25 00:00:00+00:00,0.000562527796010781
gfw:f6e4b10cb-bff7-3a88-4a4f-9eb44c56782d,f6e4b10cb-bff7-3a88-4a4f-9eb44c56782d,999900561,2026-08-25 00:00:00+00:00,0.0005621489068767827
gfw:13f23a3d2-2982-58a1-096a-ae0571b2de31,13f23a3d2-2982-58a1-096a-ae0571b2de31,538006085,2026-08-25 00:00:00+00:00,0.0005620906385984175
gfw:5a1352ac7-722c-4c6b-7997-55c10fa8059f,5a1352ac7-722c-4c6b-7997-55c10fa8059f,325129500,2026-08-25 00:00:00+00:00,0.0005616753727743894
gfw:e66f12468-8744-86c3-45a1-1407847cb83a,e66f12468-8744-86c3-45a1-1407847cb83a,273353740,2026-08-25 00:00:00+00:00,0.000561456853134754
gfw:11cac1908-8bda-2339-e36a-29e2fd6f815b,11cac1908-8bda-2339-e36a-29e2fd6f815b,257782000,2026-08-25 00:00:00+00:00,0.0005614119624526361
gfw:4192ab589-9dfb-a0e8-f290-6ce0562b9037,4192ab589-9dfb-a0e8-f290-6ce0562b9037,999900464,2026-08-25 00:00:00+00:00,0.0005611208376805292
gfw:1ad468128-899f-126c-a81e-26818d736c03,1ad468128-899f-126c-a81e-26818d736c03,273210270,2026-08-25 00:00:00+00:00,0.0005608443400145089
gfw:be6a124d7-7d7f-b11a-80eb-e8c6e8aef142,be6a124d7-7d7f-b11a-80eb-e8c6e8aef142,273438020,2026-08-25 00:00:00+00:00,0.0005607944565335947
gfw:cecfbda14-4422-913a-f009-2b5259226f65,cecfbda14-4422-913a-f009-2b5259226f65,273385500,2026-08-25 00:00:00+00:00,0.0005602978305815977
gfw:a554022a4-4c0a-e4c3-68ae-9e4a7dd81440,a554022a4-4c0a-e4c3-68ae-9e4a7dd81440,273383600,2026-08-25 00:00:00+00:00,0.0005602601139160965
gfw:97ddb31de-e10c-59a9-b6c2-249ba67a94ce,97ddb31de-e10c-59a9-b6c2-249ba67a94ce,273353170,2026-08-25 00:00:00+00:00,0.0005600584555757885
gfw:4a95f4c23-3e0d-8b35-9ed3-16a0f37587f8,4a95f4c23-3e0d-8b35-9ed3-16a0f37587f8,352004622,2026-08-25 00:00:00+00:00,0.000559887753240082
gfw:8d4c01789-9b06-c470-c518-9483e2565780,8d4c01789-9b06-c470-c518-9483e2565780,273333320,2026-08-25 00:00:00+00:00,0.0005596721000377447
gfw:a453cf8b0-0352-9fae-c920-7f4fda111515,a453cf8b0-0352-9fae-c920-7f4fda111515,273389650,2026-08-25 00:00:00+00:00,0.000559600777160368
gfw:aaeff8b61-18f0-d9ba-e157-e427e5531fc9,aaeff8b61-18f0-d9ba-e157-e427e5531fc9,352003729,2026-08-25 00:00:00+00:00,0.0005595719945115179
gfw:bd99d0d3f-f704-9a0d-6350-517fe757c321,bd99d0d3f-f704-9a0d-6350-517fe757c321,273841020,2026-08-25 00:00:00+00:00,0.0005592617174932189
gfw:4dbe8e8c9-9423-e494-c03e-6583e406c3ea,4dbe8e8c9-9423-e494-c03e-6583e406c3ea,273218850,2026-08-25 00:00:00+00:00,0.0005588532570781459
gfw:f52acf9be-e4dd-35ef-eae2-bd8cb85440dd,f52acf9be-e4dd-35ef-eae2-bd8cb85440dd,273313020,2026-08-25 00:00:00+00:00,0.0005583432732876085
gfw:6abf8bd04-44dc-7857-806a-3800bd4cf620,6abf8bd04-44dc-7857-806a-3800bd4cf620,273329660,2026-08-25 00:00:00+00:00,0.000558311870317856
gfw:dfc00df4f-fdac-5815-c6ff-a56941720a10,dfc00df4f-fdac-5815-c6ff-a56941720a10,352004284,2026-08-25 00:00:00+00:00,0.0005581029015395925
gfw:af4a97a0b-bb18-568e-cc2e-2d95908acfca,af4a97a0b-bb18-568e-cc2e-2d95908acfca,273431080,2026-08-25 00:00:00+00:00,0.0005579783005994336
gfw:37c25ce67-7cd0-0276-fb1c-734238c3bd2a,37c25ce67-7cd0-0276-fb1c-734238c3bd2a,273255410,2026-08-25 00:00:00+00:00,0.0005578905533852736
gfw:91a3b6802-291a-36ae-618e-c1f7e1cf846c,91a3b6802-291a-36ae-618e-c1f7e1cf846c,273385040,2026-08-25 00:00:00+00:00,0.0005578735413529384
gfw:197422d5b-bced-8d41-e32f-1aeb348adcbf,197422d5b-bced-8d41-e32f-1aeb348adcbf,273345030,2026-08-25 00:00:00+00:00,0.0005570404268159029
gfw:1de17f497-7294-431e-feb2-0c47bf431e51,1de17f497-7294-431e-feb2-0c47bf431e51,667002124,2026-08-25 00:00:00+00:00,0.0005569643495311219
gfw:64a1c54fe-ef63-aef8-1d7f-108c768f1ce5,64a1c54fe-ef63-aef8-1d7f-108c768f1ce5,273319180,2026-08-25 00:00:00+00:00,0.0005566446398029871
gfw:7b0faccb4-42a3-3428-51e1-263db67c9e49,7b0faccb4-42a3-3428-51e1-263db67c9e49,273428730,2026-08-25 00:00:00+00:00,0.0005566309889499152
gfw:a606d0a7f-f78a-4a76-fba9-2a979d4b5ae2,a606d0a7f-f78a-4a76-fba9-2a979d4b5ae2,667001923,2026-08-25 00:00:00+00:00,0.0005565041718402333
gfw:65e986d02-2314-0f55-3164-a8b4bd5a22a4,65e986d02-2314-0f55-3164-a8b4bd5a22a4,273616040,2026-08-25 00:00:00+00:00,0.0005564725807211168
gfw:1ee0af170-0019-281c-3d46-ff51e8f2436a,1ee0af170-0019-281c-3d46-ff51e8f2436a,273338250,2026-08-25 00:00:00+00:00,0.0005562980331752155
gfw:ed8119853-39a7-6d74-380e-c7e9b45179b7,ed8119853-39a7-6d74-380e-c7e9b45179b7,273398780,2026-08-25 00:00:00+00:00,0.0005562109627852498
gfw:a3eccb248-8546-bf75-da30-cfe8cc27a998,a3eccb248-8546-bf75-da30-cfe8cc27a998,273318120,2026-08-25 00:00:00+00:00,0.0005557662159892218
gfw:3bbed12d2-290e-47eb-9427-bd9e0712d716,3bbed12d2-290e-47eb-9427-bd9e0712d716,273384700,2026-08-25 00:00:00+00:00,0.000555635910197984
gfw:5949896ff-f7ff-5bee-6abe-c0db593721c2,5949896ff-f7ff-5bee-6abe-c0db593721c2,630001303,2026-08-25 00:00:00+00:00,0.0005554811557666402
gfw:160ce5f47-7dda-0671-2b9f-de1d4e9a2e82,160ce5f47-7dda-0671-2b9f-de1d4e9a2e82,273445880,2026-08-25 00:00:00+00:00,0.0005554579602553795
gfw:a0f5ba9df-f764-9b73-7a40-2e7e3260f929,a0f5ba9df-f764-9b73-7a40-2e7e3260f929,273512011,2026-08-25 00:00:00+00:00,0.0005551029528499679
gfw:ff57cfd74-4aa9-c192-c618-40bee6d5b10b,ff57cfd74-4aa9-c192-c618-40bee6d5b10b,250500643,2026-08-25 00:00:00+00:00,0.0005549859937191339
gfw:078a28167-7234-c071-e789-936ad217a382,078a28167-7234-c071-e789-936ad217a382,273439220,2026-08-25 00:00:00+00:00,0.0005547311093250681
gfw:7537719ea-a6cf-650b-2f62-50b406c9d463,7537719ea-a6cf-650b-2f62-50b406c9d463,352005042,2026-08-25 00:00:00+00:00,0.0005546336759952547
gfw:1cc6059b7-75c1-b7b8-a331-3a50813f6b5c,1cc6059b7-75c1-b7b8-a331-3a50813f6b5c,273263110,2026-08-25 00:00:00+00:00,0.0005540618609294986
gfw:11eb0640a-ae20-5ccb-88e6-f46c797a978d,11eb0640a-ae20-5ccb-88e6-f46c797a978d,273273460,2026-08-25 00:00:00+00:00,0.0005538899714580132
gfw:1360a4aca-a896-839f-16c8-3af9529f24de,1360a4aca-a896-839f-16c8-3af9529f24de,667002511,2026-08-25 00:00:00+00:00,0.0005538805336810903
gfw:ffbd126c7-7243-a6f2-3cdb-df291636e829,ffbd126c7-7243-a6f2-3cdb-df291636e829,273365690,2026-08-25 00:00:00+00:00,0.0005535730814399143
gfw:992da9780-0648-44a4-0fbc-5263e7225335,992da9780-0648-44a4-0fbc-5263e7225335,273257220,2026-08-25 00:00:00+00:00,0.0005529481701910834
gfw:cace28cd3-3e68-b5fb-1582-899996533d6d,cace28cd3-3e68-b5fb-1582-899996533d6d,273251320,2026-08-25 00:00:00+00:00,0.0005525208514075244
gfw:e8b8b2da5-5c2c-2995-40cd-33c00d0e9e1f,e8b8b2da5-5c2c-2995-40cd-33c00d0e9e1f,314203000,2026-08-25 00:00:00+00:00,0.0005524664730304846
gfw:8bb26d896-66e4-1c6e-84e7-60219b86c1eb,8bb26d896-66e4-1c6e-84e7-60219b86c1eb,273445670,2026-08-25 00:00:00+00:00,0.0005521315103982522
gfw:cd06a956d-d4dd-c20a-7eb8-a0b12cf4f9e9,cd06a956d-d4dd-c20a-7eb8-a0b12cf4f9e9,273337950,2026-08-25 00:00:00+00:00,0.0005516536466588921
gfw:cf986c13c-cb7d-30c9-6c6b-281b9864bcab,cf986c13c-cb7d-30c9-6c6b-281b9864bcab,273399390,2026-08-25 00:00:00+00:00,0.0005515777271362896
gfw:f660c9651-18f6-149d-dcfc-f6f2e07a7a4f,f660c9651-18f6-149d-dcfc-f6f2e07a7a4f,273352280,2026-08-25 00:00:00+00:00,0.0005514805466152048
gfw:df54d4199-99d6-687e-637c-ee3741d6dd94,df54d4199-99d6-687e-637c-ee3741d6dd94,677049700,2026-08-25 00:00:00+00:00,0.0005514757710701826
gfw:1b470a39e-e5c1-bcff-8b01-ac44b11d8d6e,1b470a39e-e5c1-bcff-8b01-ac44b11d8d6e,273252340,2026-08-25 00:00:00+00:00,0.0005513284687769617
gfw:eafea1eae-e33c-720f-c3ba-d849ea8cb942,eafea1eae-e33c-720f-c3ba-d849ea8cb942,273353210,2026-08-25 00:00:00+00:00,0.0005511210576414229
gfw:bf3e04c4f-fe57-cfa7-f9f9-86501b4d6799,bf3e04c4f-fe57-cfa7-f9f9-86501b4d6799,273255220,2026-08-25 00:00:00+00:00,0.0005509868541210537
gfw:ec0941dc8-852c-18fc-c2f2-8982ce7ae653,ec0941dc8-852c-18fc-c2f2-8982ce7ae653,352001839,2026-08-25 00:00:00+00:00,0.0005507189186162629
gfw:73e40440a-ac5d-6baa-9726-fba3677da686,73e40440a-ac5d-6baa-9726-fba3677da686,273293180,2026-08-25 00:00:00+00:00,0.0005506339005875428
gfw:e258a858c-cc23-2299-557f-27e86448d870,e258a858c-cc23-2299-557f-27e86448d870,273256310,2026-08-25 00:00:00+00:00,0.000550329895121783
gfw:a3c2610d1-1fa9-4498-bac3-589121dcb29d,a3c2610d1-1fa9-4498-bac3-589121dcb29d,352003439,2026-08-25 00:00:00+00:00,0.000550297324701644
gfw:a7bc539f0-047a-2e09-241e-c824b91490a7,a7bc539f0-047a-2e09-241e-c824b91490a7,273257270,2026-08-25 00:00:00+00:00,0.0005501904050425013
gfw:95040145d-d46e-18ab-9e5b-2d215688f899,95040145d-d46e-18ab-9e5b-2d215688f899,273381970,2026-08-25 00:00:00+00:00,0.000549985532899618
gfw:bce1821bb-b3e5-ad8f-f5c0-d20f6e76b6eb,bce1821bb-b3e5-ad8f-f5c0-d20f6e76b6eb,999900033,2026-08-25 00:00:00+00:00,0.0005499476238026704
gfw:accacf927-72f4-8661-6d75-0d1af32a4f9b,accacf927-72f4-8661-6d75-0d1af32a4f9b,273430420,2026-08-25 00:00:00+00:00,0.0005497570157370589
gfw:8f77c9561-1aeb-4068-ff57-0f54228037e2,8f77c9561-1aeb-4068-ff57-0f54228037e2,273254660,2026-08-25 00:00:00+00:00,0.0005496504857825104
gfw:f15f3c795-5ec2-97f3-c090-586e453f5994,f15f3c795-5ec2-97f3-c090-586e453f5994,273122110,2026-08-25 00:00:00+00:00,0.0005489826370893009
gfw:2672570a3-3af4-adb1-cfe4-1d6d152f869f,2672570a3-3af4-adb1-cfe4-1d6d152f869f,273432610,2026-08-25 00:00:00+00:00,0.0005489283361753778
gfw:df5b8cc5d-ddaa-f590-2c39-3a427088c335,df5b8cc5d-ddaa-f590-2c39-3a427088c335,273354510,2026-08-25 00:00:00+00:00,0.0005486763633683846
gfw:89bb26348-835d-ac92-47bc-e7961421baef,89bb26348-835d-ac92-47bc-e7961421baef,352005308,2026-08-25 00:00:00+00:00,0.0005484608692447305
gfw:9d01399e4-46e6-9eac-ad17-66f49860025a,9d01399e4-46e6-9eac-ad17-66f49860025a,273414840,2026-08-25 00:00:00+00:00,0.0005483033298594541
gfw:f0bb43d73-3b2a-5b68-9d92-9587ea2a7751,f0bb43d73-3b2a-5b68-9d92-9587ea2a7751,999900386,2026-08-25 00:00:00+00:00,0.0005481512118562879
gfw:560a126e7-74d2-8437-36a1-d68d9af89162,560a126e7-74d2-8437-36a1-d68d9af89162,273343170,2026-08-25 00:00:00+00:00,0.0005473905627874149
gfw:10bc009c4-4175-6d39-34b6-522167de0ddf,10bc009c4-4175-6d39-34b6-522167de0ddf,999900523,2026-08-25 00:00:00+00:00,0.0005470204419726061
gfw:ef059a658-8447-75e7-9582-0428e1568c95,ef059a658-8447-75e7-9582-0428e1568c95,376686000,2026-08-25 00:00:00+00:00,0.0005469776936497671
gfw:8e5c25dca-a845-1936-e27d-e739528d0e67,8e5c25dca-a845-1936-e27d-e739528d0e67,273372370,2026-08-25 00:00:00+00:00,0.00054695509838112
gfw:742c83f9b-b112-26fc-8988-e30bc1fbf417,742c83f9b-b112-26fc-8988-e30bc1fbf417,319219900,2026-08-25 00:00:00+00:00,0.0005466545335408353
gfw:e5508b4e2-2d40-7e9e-e951-516e05d4cfe2,e5508b4e2-2d40-7e9e-e951-516e05d4cfe2,273337240,2026-08-25 00:00:00+00:00,0.0005459705303648258
gfw:6be518ec3-3e2a-0f11-ad8d-f52e6309055d,6be518ec3-3e2a-0f11-ad8d-f52e6309055d,273383700,2026-08-25 00:00:00+00:00,0.0005456787471060978
gfw:fef6a0f95-56d6-728c-1e6d-9e6868f4ea6f,fef6a0f95-56d6-728c-1e6d-9e6868f4ea6f,273342230,2026-08-25 00:00:00+00:00,0.000545623752227521
gfw:1bcd559d9-9259-be00-6096-5b563a26621b,1bcd559d9-9259-be00-6096-5b563a26621b,538004639,2026-08-25 00:00:00+00:00,0.0005450409006189516
gfw:ab9984f00-0c07-d6b5-7c5e-db230950d061,ab9984f00-0c07-d6b5-7c5e-db230950d061,273548830,2026-08-25 00:00:00+00:00,0.0005450171461834304
gfw:15a6fcf5d-def2-56cf-ae8c-6f2edc99ffe0,15a6fcf5d-def2-56cf-ae8c-6f2edc99ffe0,273256500,2026-08-25 00:00:00+00:00,0.0005448740521362372
gfw:faeeb32e1-10ef-2bd1-5197-8d2c5a78227e,faeeb32e1-10ef-2bd1-5197-8d2c5a78227e,273266350,2026-08-25 00:00:00+00:00,0.0005448157516544924
gfw:f0d4678a3-3dee-a5d9-4392-02a9b65979e5,f0d4678a3-3dee-a5d9-4392-02a9b65979e5,273350370,2026-08-25 00:00:00+00:00,0.0005446295973692952
gfw:9836d21b9-9579-c591-fa1e-211f2644df91,9836d21b9-9579-c591-fa1e-211f2644df91,273385570,2026-08-25 00:00:00+00:00,0.0005445241395442397
gfw:6312b5474-4904-d22a-a92e-8e0cd6f2ef6c,6312b5474-4904-d22a-a92e-8e0cd6f2ef6c,273325920,2026-08-25 00:00:00+00:00,0.000544423054640175
gfw:4658f6758-80d9-cabd-f981-9a4a3c6b0cfb,4658f6758-80d9-cabd-f981-9a4a3c6b0cfb,667001269,2026-08-25 00:00:00+00:00,0.0005441183827594796
gfw:e6937f641-1a1d-611f-effa-d69b8a869bd7,e6937f641-1a1d-611f-effa-d69b8a869bd7,273292250,2026-08-25 00:00:00+00:00,0.000543738218334555
gfw:58850d6e3-375e-eb52-7170-f6e794acd905,58850d6e3-375e-eb52-7170-f6e794acd905,667002260,2026-08-25 00:00:00+00:00,0.0005436774296413738
gfw:4654c2073-346f-3910-f157-f8853d0c2d0c,4654c2073-346f-3910-f157-f8853d0c2d0c,273369850,2026-08-25 00:00:00+00:00,0.0005436482159720939
gfw:e87b8203c-c2d0-985c-039d-40c57456afdf,e87b8203c-c2d0-985c-039d-40c57456afdf,9143711,2026-08-25 00:00:00+00:00,0.0005434379823968739
gfw:b0382fa05-5bdf-404d-e63a-637c86aad870,b0382fa05-5bdf-404d-e63a-637c86aad870,273312350,2026-08-25 00:00:00+00:00,0.0005433877668026766
gfw:b42845d58-8c51-1c90-dcfd-efe6873868eb,b42845d58-8c51-1c90-dcfd-efe6873868eb,372176000,2026-08-25 00:00:00+00:00,0.0005433324039052289
gfw:d7994d854-4368-aaed-87f9-ab6d85e7cfd5,d7994d854-4368-aaed-87f9-ab6d85e7cfd5,273325960,2026-08-25 00:00:00+00:00,0.0005432848338161811
gfw:9e156513c-c732-7263-7c7d-c3e1c6d84b64,9e156513c-c732-7263-7c7d-c3e1c6d84b64,273156447,2026-08-25 00:00:00+00:00,0.0005431339437363112
gfw:6ca922ae3-3882-1e26-6a3b-961285e11e9f,6ca922ae3-3882-1e26-6a3b-961285e11e9f,209407000,2026-08-25 00:00:00+00:00,0.0005430590941428166
gfw:d99fe4f2f-ffd2-d4f5-a6eb-600954d6d9b5,d99fe4f2f-ffd2-d4f5-a6eb-600954d6d9b5,273455430,2026-08-25 00:00:00+00:00,0.0005429382756817841
gfw:81a3c79d6-662d-8f22-d1e5-e65ada82273e,81a3c79d6-662d-8f22-d1e5-e65ada82273e,538005194,2026-08-25 00:00:00+00:00,0.0005428920927481565
gfw:4666184b4-44ca-d476-19b1-03df2f881dc4,4666184b4-44ca-d476-19b1-03df2f881dc4,273458830,2026-08-25 00:00:00+00:00,0.000541593511147677
gfw:d276ebf0c-caa1-386e-ad23-8872068e4bc0,d276ebf0c-caa1-386e-ad23-8872068e4bc0,273296470,2026-08-25 00:00:00+00:00,0.0005410005763531823
gfw:c87182cfa-a171-ce8e-eb0d-b8aadeb23665,c87182cfa-a171-ce8e-eb0d-b8aadeb23665,273411650,2026-08-25 00:00:00+00:00,0.0005408789091818441
gfw:6dc72f139-92f6-1d5f-3dcf-061d52308ee7,6dc72f139-92f6-1d5f-3dcf-061d52308ee7,667001554,2026-08-25 00:00:00+00:00,0.0005406846107485608
gfw:d99b8ea7d-dec1-fb7a-a1de-49132eb0afa8,d99b8ea7d-dec1-fb7a-a1de-49132eb0afa8,273333980,2026-08-25 00:00:00+00:00,0.0005403649529315792
gfw:e7f3e62a7-7ccd-9288-b84d-7cc03ecd0c37,e7f3e62a7-7ccd-9288-b84d-7cc03ecd0c37,273349470,2026-08-25 00:00:00+00:00,0.0005399891831315162
gfw:88772ca1d-d934-226d-97e7-d42cbf344319,88772ca1d-d934-226d-97e7-d42cbf344319,215189000,2026-08-25 00:00:00+00:00,0.0005399474748242731
gfw:8e417ddaa-abd2-83f3-0bb1-d265feca19c1,8e417ddaa-abd2-83f3-0bb1-d265feca19c1,273398890,2026-08-25 00:00:00+00:00,0.0005394535686334849
gfw:8f8321e70-04c7-eb44-a00e-1a4f7b88b7e9,8f8321e70-04c7-eb44-a00e-1a4f7b88b7e9,999900533,2026-08-25 00:00:00+00:00,0.0005391489693842401
gfw:cb2171ae7-7ac6-768a-682d-106601231adb,cb2171ae7-7ac6-768a-682d-106601231adb,273336730,2026-08-25 00:00:00+00:00,0.000539065685824021
gfw:a8e981db8-87fc-8976-5b10-60cffc4f7d4f,a8e981db8-87fc-8976-5b10-60cffc4f7d4f,273254750,2026-08-25 00:00:00+00:00,0.000539064274123078
gfw:e6b056822-2588-4dbf-59f2-a3f60f2d8354,e6b056822-2588-4dbf-59f2-a3f60f2d8354,370691000,2026-08-25 00:00:00+00:00,0.000539059286156807
gfw:633100333-35bf-383f-97f4-2d3b7069a8fa,633100333-35bf-383f-97f4-2d3b7069a8fa,273381830,2026-08-25 00:00:00+00:00,0.0005387370899113328
gfw:2c576135f-f3d3-d32c-b147-49ea78d1df57,2c576135f-f3d3-d32c-b147-49ea78d1df57,273382370,2026-08-25 00:00:00+00:00,0.0005386851372951787
gfw:5f7660674-43b3-b0d7-f2bf-8ac9b85b88f2,5f7660674-43b3-b0d7-f2bf-8ac9b85b88f2,352003060,2026-08-25 00:00:00+00:00,0.0005386708457161491
gfw:8d6a176f8-8f53-085e-4097-a408f664f089,8d6a176f8-8f53-085e-4097-a408f664f089,273391690,2026-08-25 00:00:00+00:00,0.0005386171930877444
gfw:b134990eb-ba53-ad59-749d-74b1b3ba4131,b134990eb-ba53-ad59-749d-74b1b3ba4131,667001243,2026-08-25 00:00:00+00:00,0.0005383568587751195
gfw:c3d47a259-9668-d0f0-c811-4624bc428cd2,c3d47a259-9668-d0f0-c811-4624bc428cd2,305036000,2026-08-25 00:00:00+00:00,0.0005383232707167188
gfw:5fdf3517f-f0ec-eade-5f76-898863270df3,5fdf3517f-f0ec-eade-5f76-898863270df3,273297890,2026-08-25 00:00:00+00:00,0.0005381795036181127
gfw:21b427258-8ad8-1721-d4a9-3dd3a050b00c,21b427258-8ad8-1721-d4a9-3dd3a050b00c,273477210,2026-08-25 00:00:00+00:00,0.0005380985135732225
gfw:74a4d6c63-3e59-2914-d8f6-3ca66f637b34,74a4d6c63-3e59-2914-d8f6-3ca66f637b34,220416000,2026-08-25 00:00:00+00:00,0.0005380685813588742
gfw:c1cfde4c8-82ab-a199-a033-2b4e19f037c9,c1cfde4c8-82ab-a199-a033-2b4e19f037c9,273274950,2026-08-25 00:00:00+00:00,0.0005374669666465579
gfw:5de9c4a25-5d07-0483-41fb-488551e4271b,5de9c4a25-5d07-0483-41fb-488551e4271b,273450190,2026-08-25 00:00:00+00:00,0.0005372847364557938
gfw:7261686de-e318-7611-17ad-a7bbc809e7c3,7261686de-e318-7611-17ad-a7bbc809e7c3,275545000,2026-08-25 00:00:00+00:00,0.0005372329945816482
gfw:da323573b-b9b2-a86f-541f-ce933bfc876f,da323573b-b9b2-a86f-541f-ce933bfc876f,613571700,2026-08-25 00:00:00+00:00,0.0005369520652422739
gfw:e4934e93b-b4b9-1f5e-2ab2-ba9d5dfbd248,e4934e93b-b4b9-1f5e-2ab2-ba9d5dfbd248,273346410,2026-08-25 00:00:00+00:00,0.000536933223976929
gfw:7d362b6b4-4e52-cd3e-534b-720e29944184,7d362b6b4-4e52-cd3e-534b-720e29944184,311000624,2026-08-25 00:00:00+00:00,0.0005368155951243043
gfw:9a72a9a1f-fa19-e762-46b7-3f72bcb115a0,9a72a9a1f-fa19-e762-46b7-3f72bcb115a0,440166000,2026-08-25 00:00:00+00:00,0.0005363595404114424
gfw:28eff8cee-e9d8-a4d0-0eb3-327d6a9a7f15,28eff8cee-e9d8-a4d0-0eb3-327d6a9a7f15,273390770,2026-08-25 00:00:00+00:00,0.0005362015210249024
gfw:cc007e1d8-8793-aab1-c2d8-3d77e73863f2,cc007e1d8-8793-aab1-c2d8-3d77e73863f2,273354290,2026-08-25 00:00:00+00:00,0.0005360126481887829
gfw:b4967ab15-507c-233e-2ec6-3472a887cda0,b4967ab15-507c-233e-2ec6-3472a887cda0,273422990,2026-08-25 00:00:00+00:00,0.0005358683561238907
gfw:c28144179-92ec-9342-b1bd-5a5242082029,c28144179-92ec-9342-b1bd-5a5242082029,352001622,2026-08-25 00:00:00+00:00,0.0005358570083522481
gfw:1c0296c9b-bcc1-db47-7ebb-d451a4056ba1,1c0296c9b-bcc1-db47-7ebb-d451a4056ba1,255806081,2026-08-25 00:00:00+00:00,0.0005353024997897351
gfw:913165258-8b10-8168-3820-90302ff580d7,913165258-8b10-8168-3820-90302ff580d7,273911200,2026-08-25 00:00:00+00:00,0.0005351118331556904
gfw:6bbe9101b-bff2-40a0-973d-ba2bbe5709ba,6bbe9101b-bff2-40a0-973d-ba2bbe5709ba,273344300,2026-08-25 00:00:00+00:00,0.0005350088546695226
gfw:9a8c905dd-d370-87e6-5929-8e6c67d1d2a4,9a8c905dd-d370-87e6-5929-8e6c67d1d2a4,273385770,2026-08-25 00:00:00+00:00,0.0005349550958010058
gfw:710a6e341-146d-447c-f8e7-24ea981b49eb,710a6e341-146d-447c-f8e7-24ea981b49eb,273369290,2026-08-25 00:00:00+00:00,0.0005346884366488361
gfw:4bdcd64ad-d254-37f6-d528-fe18cf7e55ee,4bdcd64ad-d254-37f6-d528-fe18cf7e55ee,273312530,2026-08-25 00:00:00+00:00,0.0005343290609983888
gfw:a0d43d8d5-56d2-8e63-9f14-e4cc44676a83,a0d43d8d5-56d2-8e63-9f14-e4cc44676a83,352006667,2026-08-25 00:00:00+00:00,0.0005342624000895584
gfw:b7847d084-4714-2c3f-c6d4-96fbb8e0eba9,b7847d084-4714-2c3f-c6d4-96fbb8e0eba9,273436860,2026-08-25 00:00:00+00:00,0.0005341482808016744
gfw:853780649-9126-137f-734f-d00cc0e2e41f,853780649-9126-137f-734f-d00cc0e2e41f,273459710,2026-08-25 00:00:00+00:00,0.0005341032730842971
gfw:d3a30c237-7700-d3b3-9df3-cac2bbaf6a53,d3a30c237-7700-d3b3-9df3-cac2bbaf6a53,273447010,2026-08-25 00:00:00+00:00,0.0005340788002269762
gfw:41261500e-e1b0-cd5e-06cb-1ac1428c7255,41261500e-e1b0-cd5e-06cb-1ac1428c7255,273338630,2026-08-25 00:00:00+00:00,0.000533998805588636
gfw:7306be5b6-6ca1-2b99-6f4f-13e7006e6fbc,7306be5b6-6ca1-2b99-6f4f-13e7006e6fbc,667002349,2026-08-25 00:00:00+00:00,0.0005338729661884671
gfw:bfbf5339f-ffba-9c66-947a-d62790ce37f4,bfbf5339f-ffba-9c66-947a-d62790ce37f4,273844020,2026-08-25 00:00:00+00:00,0.0005337425522949397
gfw:5534cca26-6e24-3114-e8a3-baa68a021fea,5534cca26-6e24-3114-e8a3-baa68a021fea,273428130,2026-08-25 00:00:00+00:00,0.0005336070602381303
gfw:54202f632-2cef-f5c1-7181-97bf73cd3053,54202f632-2cef-f5c1-7181-97bf73cd3053,273618780,2026-08-25 00:00:00+00:00,0.0005335923575782662
gfw:2cc385a84-4483-82d6-e8d4-18ce66009558,2cc385a84-4483-82d6-e8d4-18ce66009558,273453010,2026-08-25 00:00:00+00:00,0.0005335789205585302
gfw:7881d31b3-3010-c488-5fa2-71a8d0b2e298,7881d31b3-3010-c488-5fa2-71a8d0b2e298,273315360,2026-08-25 00:00:00+00:00,0.0005330784349753579
gfw:1a1fc9c2e-e637-f86a-2e05-093c35d54dbb,1a1fc9c2e-e637-f86a-2e05-093c35d54dbb,273271660,2026-08-25 00:00:00+00:00,0.0005325718211328039
gfw:7c3f5eab9-9258-8247-4f4f-5cee945f2ef7,7c3f5eab9-9258-8247-4f4f-5cee945f2ef7,999900466,2026-08-25 00:00:00+00:00,0.0005322006350142761
gfw:847eb7093-34f1-b51e-c3cd-d3e8ff744e8c,847eb7093-34f1-b51e-c3cd-d3e8ff744e8c,311002142,2026-08-25 00:00:00+00:00,0.0005320992119965455
gfw:843557d0e-e65d-4642-04d9-4fe82262109f,843557d0e-e65d-4642-04d9-4fe82262109f,273299320,2026-08-25 00:00:00+00:00,0.0005319312097173284
gfw:a67fe9238-8a7b-f376-35d8-6466e4f0391e,a67fe9238-8a7b-f376-35d8-6466e4f0391e,999900219,2026-08-25 00:00:00+00:00,0.0005319009687153024
gfw:ff896e769-92a6-8f81-90db-0c47a48b8eae,ff896e769-92a6-8f81-90db-0c47a48b8eae,273914100,2026-08-25 00:00:00+00:00,0.0005317643827475671
gfw:fed3f3abd-d966-6d5e-6b53-d8d8222598f6,fed3f3abd-d966-6d5e-6b53-d8d8222598f6,273395940,2026-08-25 00:00:00+00:00,0.0005316338188825126
gfw:af8c294ee-e0c3-8699-0769-d9fe43bcbb7d,af8c294ee-e0c3-8699-0769-d9fe43bcbb7d,273216560,2026-08-25 00:00:00+00:00,0.0005308228808422419
gfw:e015a619e-e848-0a90-0bb7-4ed1c53f8b5c,e015a619e-e848-0a90-0bb7-4ed1c53f8b5c,273120020,2026-08-25 00:00:00+00:00,0.0005304259984212646
gfw:96e5cb331-15ae-ee22-17b5-13fa26a0700d,96e5cb331-15ae-ee22-17b5-13fa26a0700d,461001004,2026-08-25 00:00:00+00:00,0.000530366353879379
gfw:a286134e0-08f5-0929-aa40-21209bdc5f20,a286134e0-08f5-0929-aa40-21209bdc5f20,677021100,2026-08-25 00:00:00+00:00,0.000529998977890175
gfw:2aa3c6599-9c1d-32bb-c2d3-c21fe18174cd,2aa3c6599-9c1d-32bb-c2d3-c21fe18174cd,273127310,2026-08-25 00:00:00+00:00,0.0005298314110887971
gfw:d3d062858-8b13-1c8b-ae35-7d5e794637ff,d3d062858-8b13-1c8b-ae35-7d5e794637ff,273310080,2026-08-25 00:00:00+00:00,0.000529767600201151
gfw:43982f435-50de-c765-56da-0870a2b0e4b4,43982f435-50de-c765-56da-0870a2b0e4b4,577749000,2026-08-25 00:00:00+00:00,0.0005295648303033112
gfw:511aed180-0d33-42f2-fa2a-1d6681620211,511aed180-0d33-42f2-fa2a-1d6681620211,273342510,2026-08-25 00:00:00+00:00,0.0005294822188603353
gfw:338115aa5-57c4-110c-8dea-c9692769a978,338115aa5-57c4-110c-8dea-c9692769a978,273423140,2026-08-25 00:00:00+00:00,0.0005291931670715348
gfw:e92da6859-9f4c-4323-666b-a6a44775c972,e92da6859-9f4c-4323-666b-a6a44775c972,273442920,2026-08-25 00:00:00+00:00,0.0005290473032820091
gfw:c7efd9020-032b-2ec1-8e75-f203509258ad,c7efd9020-032b-2ec1-8e75-f203509258ad,273347350,2026-08-25 00:00:00+00:00,0.0005289053349670199
gfw:297df8227-7245-a572-54b2-7fc7cc2d9915,297df8227-7245-a572-54b2-7fc7cc2d9915,273278850,2026-08-25 00:00:00+00:00,0.0005283374206350172
gfw:e83a0001c-c1a3-baed-5bfa-cc99cf3afd55,e83a0001c-c1a3-baed-5bfa-cc99cf3afd55,273258510,2026-08-25 00:00:00+00:00,0.0005279309324904362
gfw:4467db5f2-2b9c-01a6-63ea-b90852fef620,4467db5f2-2b9c-01a6-63ea-b90852fef620,273457920,2026-08-25 00:00:00+00:00,0.0005276231844281257
gfw:1b6da9161-1f3e-7464-854e-dbd2a421d985,1b6da9161-1f3e-7464-854e-dbd2a421d985,352005563,2026-08-25 00:00:00+00:00,0.0005273631706693067
gfw:53a2009f9-9f86-fb85-e3c9-38648dd24b39,53a2009f9-9f86-fb85-e3c9-38648dd24b39,273385930,2026-08-25 00:00:00+00:00,0.0005270026960650035
gfw:d917d446b-bf31-4592-98cb-a456fe4f52a7,d917d446b-bf31-4592-98cb-a456fe4f52a7,273392660,2026-08-25 00:00:00+00:00,0.0005267693354167255
gfw:20935509b-bff2-babd-8f45-4d7bbada7a18,20935509b-bff2-babd-8f45-4d7bbada7a18,273456070,2026-08-25 00:00:00+00:00,0.0005267369848445079
gfw:ae15ab5f0-0311-8651-3c9b-a274b33929c0,ae15ab5f0-0311-8651-3c9b-a274b33929c0,621819061,2026-08-25 00:00:00+00:00,0.0005262320328068669
gfw:dbc622d76-691a-4c0b-d449-be066777e602,dbc622d76-691a-4c0b-d449-be066777e602,273275520,2026-08-25 00:00:00+00:00,0.0005261414210832675
gfw:36f2fd673-3d47-50e7-6dfc-64a678cdf1e2,36f2fd673-3d47-50e7-6dfc-64a678cdf1e2,312376000,2026-08-25 00:00:00+00:00,0.0005260900561553375
gfw:b882f35e5-568d-d8dc-5dc2-d8fd1f02264f,b882f35e5-568d-d8dc-5dc2-d8fd1f02264f,273399090,2026-08-25 00:00:00+00:00,0.0005259990237186847
gfw:28c8d04e4-4245-201f-1d9f-ade8f76c92ca,28c8d04e4-4245-201f-1d9f-ade8f76c92ca,273339230,2026-08-25 00:00:00+00:00,0.000525907184198977
gfw:f48f0565c-ce60-d169-bf27-28fb03e0d53a,f48f0565c-ce60-d169-bf27-28fb03e0d53a,273350490,2026-08-25 00:00:00+00:00,0.0005259067149079025
gfw:49ed49ede-e904-0d94-1b52-1ade1ab3635c,49ed49ede-e904-0d94-1b52-1ade1ab3635c,273345020,2026-08-25 00:00:00+00:00,0.0005258187112258325
gfw:1a3f89384-4a35-c680-a59d-8137663bcfcd,1a3f89384-4a35-c680-a59d-8137663bcfcd,273120720,2026-08-25 00:00:00+00:00,0.0005254350022148356
gfw:ac374a9b6-63ee-8baa-fad4-fd01342e5111,ac374a9b6-63ee-8baa-fad4-fd01342e5111,273459430,2026-08-25 00:00:00+00:00,0.0005252787135011847
gfw:a99e75b58-8bc9-de47-1af7-9bca0a5505e6,a99e75b58-8bc9-de47-1af7-9bca0a5505e6,273381400,2026-08-25 00:00:00+00:00,0.0005252611597319146
gfw:fefa87c9c-c2f0-4cab-83fb-568e4d34c6d9,fefa87c9c-c2f0-4cab-83fb-568e4d34c6d9,311002162,2026-08-25 00:00:00+00:00,0.000525229327676848
gfw:d9c462dbf-ff6c-3495-2431-40aaee96dc0a,d9c462dbf-ff6c-3495-2431-40aaee96dc0a,273396840,2026-08-25 00:00:00+00:00,0.0005248690381754316
gfw:49d62722f-fcbd-c051-480f-9a1110dde77a,49d62722f-fcbd-c051-480f-9a1110dde77a,273549820,2026-08-25 00:00:00+00:00,0.0005245219034281154
gfw:9c0b5aa27-72cc-1da5-08b6-c3d316e8f490,9c0b5aa27-72cc-1da5-08b6-c3d316e8f490,613424630,2026-08-25 00:00:00+00:00,0.0005242274436397552
gfw:f849bcc32-25f0-f13b-e99c-43d7d89acffc,f849bcc32-25f0-f13b-e99c-43d7d89acffc,273362170,2026-08-25 00:00:00+00:00,0.0005242091707263892
gfw:a0278a7c3-3a4f-6ec3-7307-6d455fbd20c5,a0278a7c3-3a4f-6ec3-7307-6d455fbd20c5,273264600,2026-08-25 00:00:00+00:00,0.0005234500080612416
gfw:644184dfe-ebe5-9fcc-5832-28611af804e9,644184dfe-ebe5-9fcc-5832-28611af804e9,273251920,2026-08-25 00:00:00+00:00,0.0005232529499031683
gfw:a3b710ea2-24da-48d4-4fed-897355420e59,a3b710ea2-24da-48d4-4fed-897355420e59,273394840,2026-08-25 00:00:00+00:00,0.0005231448340226511
gfw:ee50e5a8b-bdbc-4ab3-8d02-3afef3fa31df,ee50e5a8b-bdbc-4ab3-8d02-3afef3fa31df,273364580,2026-08-25 00:00:00+00:00,0.000522851325313617
gfw:b038ba864-485c-6a78-fbd3-c005798f7827,b038ba864-485c-6a78-fbd3-c005798f7827,273385740,2026-08-25 00:00:00+00:00,0.0005221665228507274
gfw:37d294567-7889-db36-cffb-8d1a11d89979,37d294567-7889-db36-cffb-8d1a11d89979,273424130,2026-08-25 00:00:00+00:00,0.0005218381015017157
gfw:07bcd19d6-68a7-607a-acb1-32964abcd8db,07bcd19d6-68a7-607a-acb1-32964abcd8db,273375950,2026-08-25 00:00:00+00:00,0.0005218047860585017
gfw:1ee14aa7b-b109-1889-0fc8-58c3d0acc2b1,1ee14aa7b-b109-1889-0fc8-58c3d0acc2b1,273396190,2026-08-25 00:00:00+00:00,0.0005214158346006358
gfw:643cd5e24-4adb-6198-b7aa-71ad32f7f97e,643cd5e24-4adb-6198-b7aa-71ad32f7f97e,667001647,2026-08-25 00:00:00+00:00,0.0005206928480913858
gfw:7a57ce30e-e061-81f7-8b71-d2740e4fdefa,7a57ce30e-e061-81f7-8b71-d2740e4fdefa,273251150,2026-08-25 00:00:00+00:00,0.0005202791032388218
gfw:77985fbe0-0604-c1d6-a2ba-b545c73f3d48,77985fbe0-0604-c1d6-a2ba-b545c73f3d48,261010715,2026-08-25 00:00:00+00:00,0.0005202634745921088
gfw:8f92f86b0-05a7-e9df-d2cc-d9157e043281,8f92f86b0-05a7-e9df-d2cc-d9157e043281,667001624,2026-08-25 00:00:00+00:00,0.0005200511380261376
gfw:7f66e5545-5fae-7286-de59-47ad31120a77,7f66e5545-5fae-7286-de59-47ad31120a77,440337000,2026-08-25 00:00:00+00:00,0.0005199580638756132
gfw:0d5891f2e-e23c-122c-2888-cc901611bb8c,0d5891f2e-e23c-122c-2888-cc901611bb8c,273619740,2026-08-25 00:00:00+00:00,0.0005191483314596499
gfw:42a4383c5-5eda-5ace-b493-9b5ba89de602,42a4383c5-5eda-5ace-b493-9b5ba89de602,273612430,2026-08-25 00:00:00+00:00,0.0005191203699977863
gfw:362e55a1d-d3f0-c53c-2b86-f7e19e816e60,362e55a1d-d3f0-c53c-2b86-f7e19e816e60,273333470,2026-08-25 00:00:00+00:00,0.0005190427104994565
gfw:a560aaf63-3ec7-a02a-2059-80794258e55e,a560aaf63-3ec7-a02a-2059-80794258e55e,273336380,2026-08-25 00:00:00+00:00,0.0005190035213457539
gfw:c17ee715a-af53-f0d2-e0dc-bad80714666c,c17ee715a-af53-f0d2-e0dc-bad80714666c,273127410,2026-08-25 00:00:00+00:00,0.0005187540389722034
gfw:edef525c0-0094-2d77-4075-1b23960917e4,edef525c0-0094-2d77-4075-1b23960917e4,273350170,2026-08-25 00:00:00+00:00,0.0005185393652364069
gfw:e4e75389c-ccc3-f097-c647-b90ade37fda6,e4e75389c-ccc3-f097-c647-b90ade37fda6,273278360,2026-08-25 00:00:00+00:00,0.0005185116231836983
gfw:62b20a282-2490-ad5c-775f-f7010c477953,62b20a282-2490-ad5c-775f-f7010c477953,677030900,2026-08-25 00:00:00+00:00,0.0005179842777870302
gfw:f093c1ea9-98e4-4609-d7e5-f48c43c75459,f093c1ea9-98e4-4609-d7e5-f48c43c75459,273444070,2026-08-25 00:00:00+00:00,0.0005173522684239484
gfw:9a0c8f577-76de-37ce-c7fc-8787a176bf9c,9a0c8f577-76de-37ce-c7fc-8787a176bf9c,273335020,2026-08-25 00:00:00+00:00,0.0005167639313706588
gfw:668f41a7c-c35c-65fe-c54d-1af2a15115c9,668f41a7c-c35c-65fe-c54d-1af2a15115c9,273355760,2026-08-25 00:00:00+00:00,0.0005167178624251541
gfw:b940d75a7-7874-8a62-bfa6-0dfa337979b7,b940d75a7-7874-8a62-bfa6-0dfa337979b7,273218380,2026-08-25 00:00:00+00:00,0.0005163681362269801
gfw:1d5e042ae-e200-d09f-ff6a-854d1a79cb50,1d5e042ae-e200-d09f-ff6a-854d1a79cb50,273434820,2026-08-25 00:00:00+00:00,0.0005163236766720405
gfw:905da510d-deea-4125-e3c3-1a5c4bbbe455,905da510d-deea-4125-e3c3-1a5c4bbbe455,273264540,2026-08-25 00:00:00+00:00,0.0005162373679019782
gfw:4eddf3151-1a09-ad90-798f-ac786fe2a803,4eddf3151-1a09-ad90-798f-ac786fe2a803,273450010,2026-08-25 00:00:00+00:00,0.0005160212540194642
gfw:2cd28e513-34b3-f73d-4f36-3f42f471d43f,2cd28e513-34b3-f73d-4f36-3f42f471d43f,273212470,2026-08-25 00:00:00+00:00,0.0005158931099379017
gfw:6a27b0815-5e98-940b-e154-ea56a62dde71,6a27b0815-5e98-940b-e154-ea56a62dde71,636016659,2026-08-25 00:00:00+00:00,0.0005153231425574688
gfw:6f42f8d7d-dd70-f347-d2b8-5010b3c1e801,6f42f8d7d-dd70-f347-d2b8-5010b3c1e801,414531000,2026-08-25 00:00:00+00:00,0.0005151402638603751
gfw:0ea58a6b9-9ae7-43e1-6d38-e081228ad14f,0ea58a6b9-9ae7-43e1-6d38-e081228ad14f,273153100,2026-08-25 00:00:00+00:00,0.0005147791667992943
gfw:28009a9fe-e1c9-7d25-3b13-5a6aac45f55f,28009a9fe-e1c9-7d25-3b13-5a6aac45f55f,311001021,2026-08-25 00:00:00+00:00,0.0005145333981399036
gfw:b0cebb36b-bb72-f56d-3268-b4c669b44037,b0cebb36b-bb72-f56d-3268-b4c669b44037,352002735,2026-08-25 00:00:00+00:00,0.0005143290786417356
gfw:7e351f315-5bb4-03dc-ad8b-b6f85cfef300,7e351f315-5bb4-03dc-ad8b-b6f85cfef300,352978181,2026-08-25 00:00:00+00:00,0.0005141973150037837
gfw:49750b3fb-b4dd-7fa4-f110-f2c1865851ea,49750b3fb-b4dd-7fa4-f110-f2c1865851ea,273355510,2026-08-25 00:00:00+00:00,0.0005140188465341609
gfw:c8d072466-6384-8bd6-d8a4-1a9cf7e19869,c8d072466-6384-8bd6-d8a4-1a9cf7e19869,273257560,2026-08-25 00:00:00+00:00,0.0005136773372103391
gfw:ec6c9db34-40e7-95d9-4d07-9cdf974f6cbb,ec6c9db34-40e7-95d9-4d07-9cdf974f6cbb,352005884,2026-08-25 00:00:00+00:00,0.0005135401723311454
gfw:b40033ce5-5604-c2fd-94b5-391de5d8df1f,b40033ce5-5604-c2fd-94b5-391de5d8df1f,999900319,2026-08-25 00:00:00+00:00,0.0005132371429023043
gfw:bf3452bc9-926e-917c-8df2-bb689114d544,bf3452bc9-926e-917c-8df2-bb689114d544,273264590,2026-08-25 00:00:00+00:00,0.000512979094486751
gfw:6e777816a-a9da-3b4c-f932-a83ba0751b7a,6e777816a-a9da-3b4c-f932-a83ba0751b7a,273416640,2026-08-25 00:00:00+00:00,0.0005128113741140729
gfw:900d32af8-83ec-5cfb-a940-6e829ce4099c,900d32af8-83ec-5cfb-a940-6e829ce4099c,667002588,2026-08-25 00:00:00+00:00,0.0005126745622741369
gfw:877917d14-4d7d-e19c-58b5-4906ec77738e,877917d14-4d7d-e19c-58b5-4906ec77738e,273612200,2026-08-25 00:00:00+00:00,0.0005125809398455391
gfw:776b0b04e-eea6-c85f-02cb-9f22a995770d,776b0b04e-eea6-c85f-02cb-9f22a995770d,273259230,2026-08-25 00:00:00+00:00,0.0005123078942523892
gfw:ca64b897c-c055-4489-e887-937a5574d52b,ca64b897c-c055-4489-e887-937a5574d52b,273413510,2026-08-25 00:00:00+00:00,0.0005122840089117694
gfw:9bee574d8-8340-f14f-553a-abb335892751,9bee574d8-8340-f14f-553a-abb335892751,273458820,2026-08-25 00:00:00+00:00,0.0005122748345645287
gfw:88d8aca02-2024-fb25-3ebc-ce6ce8a9a1c7,88d8aca02-2024-fb25-3ebc-ce6ce8a9a1c7,273296960,2026-08-25 00:00:00+00:00,0.0005121552959884522
gfw:25b222d20-0dbf-8c9c-ef12-c2c2b4eaa2e0,25b222d20-0dbf-8c9c-ef12-c2c2b4eaa2e0,273445200,2026-08-25 00:00:00+00:00,0.0005119054400844659
gfw:0e194e785-5be7-131e-ed42-ba75c0839ddf,0e194e785-5be7-131e-ed42-ba75c0839ddf,273219140,2026-08-25 00:00:00+00:00,0.0005118134572148908
gfw:7fb331e34-4b08-66eb-c263-ceafac72389d,7fb331e34-4b08-66eb-c263-ceafac72389d,304108000,2026-08-25 00:00:00+00:00,0.0005118126209233379
gfw:4b06e1726-628e-287c-ef8a-1a8350335f3c,4b06e1726-628e-287c-ef8a-1a8350335f3c,999900530,2026-08-25 00:00:00+00:00,0.0005115640898691868
gfw:692af978a-acfa-8f37-8277-458cf60259b3,692af978a-acfa-8f37-8277-458cf60259b3,352001801,2026-08-25 00:00:00+00:00,0.0005111015346536422
gfw:25f7e6934-4a3f-12ec-47a3-e01271638aec,25f7e6934-4a3f-12ec-47a3-e01271638aec,273256310,2026-08-25 00:00:00+00:00,0.0005110713763326467
gfw:8550bf785-57fc-9cf4-e07c-59de24511af0,8550bf785-57fc-9cf4-e07c-59de24511af0,273318820,2026-08-25 00:00:00+00:00,0.000510917610517782
gfw:4e8a1f19b-b851-9213-87d2-cfcfb6a119dd,4e8a1f19b-b851-9213-87d2-cfcfb6a119dd,273316050,2026-08-25 00:00:00+00:00,0.0005102756294452603
gfw:958c47e28-813b-5198-960a-37e953e1dfa7,958c47e28-813b-5198-960a-37e953e1dfa7,273443660,2026-08-25 00:00:00+00:00,0.0005100201882390504
gfw:cd56420fb-b807-cd3c-f9ac-7e2dc96d72a0,cd56420fb-b807-cd3c-f9ac-7e2dc96d72a0,273357610,2026-08-25 00:00:00+00:00,0.0005099820890589111
gfw:2622cfaad-d610-f95f-cc13-a3cf5647001a,2622cfaad-d610-f95f-cc13-a3cf5647001a,273454220,2026-08-25 00:00:00+00:00,0.000509901940284487
gfw:e2baf71ad-dcf0-2412-81aa-c6fd77ddaa80,e2baf71ad-dcf0-2412-81aa-c6fd77ddaa80,273341680,2026-08-25 00:00:00+00:00,0.0005098610798569921
gfw:c283bd437-7bbf-cb90-af78-a6e559b6d7d5,c283bd437-7bbf-cb90-af78-a6e559b6d7d5,273338780,2026-08-25 00:00:00+00:00,0.0005098536131135376
gfw:f95989bbd-dcd4-dc95-1f6c-5d5b64564870,f95989bbd-dcd4-dc95-1f6c-5d5b64564870,273399160,2026-08-25 00:00:00+00:00,0.0005090832156121578
gfw:fd3da9627-72da-84ee-8e19-1f987584876d,fd3da9627-72da-84ee-8e19-1f987584876d,999900424,2026-08-25 00:00:00+00:00,0.000509076517225457
gfw:6ea0fa3f5-5c47-2671-fd8e-56499d2035c3,6ea0fa3f5-5c47-2671-fd8e-56499d2035c3,477186400,2026-08-25 00:00:00+00:00,0.0005090708233167069
gfw:a205bdeeb-ba57-8e50-455b-3a9ebc8f9bb2,a205bdeeb-ba57-8e50-455b-3a9ebc8f9bb2,273438460,2026-08-25 00:00:00+00:00,0.0005085527513807857
gfw:2f6523eb7-7188-123d-5980-4bd660ffb233,2f6523eb7-7188-123d-5980-4bd660ffb233,273355460,2026-08-25 00:00:00+00:00,0.000508544961527168
gfw:1726993c1-1cd6-e077-f4f2-72039708f254,1726993c1-1cd6-e077-f4f2-72039708f254,273390380,2026-08-25 00:00:00+00:00,0.0005082843663747338
gfw:b4cf3b0da-acaa-0e65-66e4-353cec3aea51,b4cf3b0da-acaa-0e65-66e4-353cec3aea51,630001261,2026-08-25 00:00:00+00:00,0.0005082407167514978
gfw:8d788e94f-fd63-ff0a-2438-4d05864ff209,8d788e94f-fd63-ff0a-2438-4d05864ff209,273386920,2026-08-25 00:00:00+00:00,0.000508224056196651
gfw:075f188f1-1ef2-af01-8c51-d56cff8dce48,075f188f1-1ef2-af01-8c51-d56cff8dce48,273319230,2026-08-25 00:00:00+00:00,0.000508221552051036
gfw:e0a98dcfa-a7b2-4997-ee9e-98ee4e48b702,e0a98dcfa-a7b2-4997-ee9e-98ee4e48b702,273348810,2026-08-25 00:00:00+00:00,0.0005076918289715801
gfw:3f3bf137f-f19b-213f-a8e8-79a496e78e18,3f3bf137f-f19b-213f-a8e8-79a496e78e18,677040800,2026-08-25 00:00:00+00:00,0.0005073683808910512
gfw:bcc367305-5dcd-4194-d3c6-28216fff494c,bcc367305-5dcd-4194-d3c6-28216fff494c,538005705,2026-08-25 00:00:00+00:00,0.0005071242883380513
gfw:d6833b991-1dc3-5953-f862-b6e0ca6a7dc5,d6833b991-1dc3-5953-f862-b6e0ca6a7dc5,538006771,2026-08-25 00:00:00+00:00,0.000506923462499328
gfw:6e5dd42e6-6a5a-d840-9266-cd3b70394f2c,6e5dd42e6-6a5a-d840-9266-cd3b70394f2c,273299870,2026-08-25 00:00:00+00:00,0.0005066858153657034
gfw:680d5a116-6e93-f318-9848-505df33f32f2,680d5a116-6e93-f318-9848-505df33f32f2,999900151,2026-08-25 00:00:00+00:00,0.0005065097104692851
gfw:bd6f37dbe-e0d0-62e4-a92b-9b373f94c439,bd6f37dbe-e0d0-62e4-a92b-9b373f94c439,414265000,2026-08-25 00:00:00+00:00,0.000506329283519805
gfw:92f85f125-52b0-2634-dc19-c4f44164192a,92f85f125-52b0-2634-dc19-c4f44164192a,273612300,2026-08-25 00:00:00+00:00,0.0005060005506375081
gfw:477def77c-c91e-1d7a-121b-aad24d06aaf9,477def77c-c91e-1d7a-121b-aad24d06aaf9,273534310,2026-08-25 00:00:00+00:00,0.0005058472953786602
gfw:847812968-8fa4-d2c9-7a3b-348fdb5663d1,847812968-8fa4-d2c9-7a3b-348fdb5663d1,311000853,2026-08-25 00:00:00+00:00,0.0005058325542787378
gfw:b368d5394-4dd2-c9df-c167-f0ffdef4633c,b368d5394-4dd2-c9df-c167-f0ffdef4633c,273274820,2026-08-25 00:00:00+00:00,0.0005056666171991346
gfw:601bb7f12-2b25-8cd6-3943-206ae5fde999,601bb7f12-2b25-8cd6-3943-206ae5fde999,273447610,2026-08-25 00:00:00+00:00,0.0005056405108863336
gfw:926245a4b-bb5d-208e-25eb-b3b2b2bcf24a,926245a4b-bb5d-208e-25eb-b3b2b2bcf24a,273215120,2026-08-25 00:00:00+00:00,0.000504654315011903
gfw:d68d60bc0-0376-b635-a013-258beeb752a6,d68d60bc0-0376-b635-a013-258beeb752a6,273424270,2026-08-25 00:00:00+00:00,0.0005045737176252974
gfw:4a37f4561-1dd1-a258-3d8c-2b1e64e44550,4a37f4561-1dd1-a258-3d8c-2b1e64e44550,273353240,2026-08-25 00:00:00+00:00,0.0005043743319722996
gfw:a89c0ce43-3148-1ac2-6d52-9c536486efc0,a89c0ce43-3148-1ac2-6d52-9c536486efc0,667002363,2026-08-25 00:00:00+00:00,0.0005039966964733956
gfw:485661f6b-b122-0dcb-d8e3-683afdae363b,485661f6b-b122-0dcb-d8e3-683afdae363b,311046400,2026-08-25 00:00:00+00:00,0.0005039819823066014
gfw:914c15f77-78f3-cde0-0c2e-9015cb7a558c,914c15f77-78f3-cde0-0c2e-9015cb7a558c,341357002,2026-08-25 00:00:00+00:00,0.000503807985867594
gfw:d3c1b230d-d028-d0b6-c5a0-7d8768bb2e27,d3c1b230d-d028-d0b6-c5a0-7d8768bb2e27,273215890,2026-08-25 00:00:00+00:00,0.0005037597769226097
gfw:5ac91ad29-9e74-1efa-f419-3121a935667a,5ac91ad29-9e74-1efa-f419-3121a935667a,273350910,2026-08-25 00:00:00+00:00,0.0005037134440485743
gfw:a6284ad77-7eb2-8137-c7d9-ab9051b0858f,a6284ad77-7eb2-8137-c7d9-ab9051b0858f,273130400,2026-08-25 00:00:00+00:00,0.0005034096186451784
gfw:568d97ec0-0bee-d140-6827-03bfd04bca0c,568d97ec0-0bee-d140-6827-03bfd04bca0c,9143972,2026-08-25 00:00:00+00:00,0.0005029071397818352
gfw:d40ff51c3-31f0-a3dd-9d4c-f61f6f0df387,d40ff51c3-31f0-a3dd-9d4c-f61f6f0df387,688166523,2026-08-25 00:00:00+00:00,0.000502875273643513
gfw:62f4a04cb-bf35-5391-71c7-82fa7e31b00f,62f4a04cb-bf35-5391-71c7-82fa7e31b00f,273359060,2026-08-25 00:00:00+00:00,0.0005026197917186965
gfw:45328fdcc-c5f4-72db-b010-fa94de69f72d,45328fdcc-c5f4-72db-b010-fa94de69f72d,636023938,2026-08-25 00:00:00+00:00,0.0005024965654613292
gfw:42e0ded23-3173-3c6c-9310-8e7a0b25fb2a,42e0ded23-3173-3c6c-9310-8e7a0b25fb2a,273216330,2026-08-25 00:00:00+00:00,0.000502124863101036
gfw:55ad7a185-5ce3-502d-5bb8-addfbb778ca6,55ad7a185-5ce3-502d-5bb8-addfbb778ca6,273337650,2026-08-25 00:00:00+00:00,0.0005017304059008128
gfw:bbe02e1e6-6e75-2071-2987-14f8bb5d793a,bbe02e1e6-6e75-2071-2987-14f8bb5d793a,630001288,2026-08-25 00:00:00+00:00,0.0005017176457788562
gfw:7b439860a-a102-78dc-3311-ac18b9c324e4,7b439860a-a102-78dc-3311-ac18b9c324e4,273428250,2026-08-25 00:00:00+00:00,0.0005013291129687085
gfw:1c464c50e-e1f2-fb4b-88ee-fc0a5592e481,1c464c50e-e1f2-fb4b-88ee-fc0a5592e481,273355740,2026-08-25 00:00:00+00:00,0.0005013012647883371
gfw:de40f5040-0254-f72d-b8eb-02fe1d73fe4f,de40f5040-0254-f72d-b8eb-02fe1d73fe4f,273272930,2026-08-25 00:00:00+00:00,0.0005012690555864433
gfw:b2da70827-7118-0b53-6856-388cec08d597,b2da70827-7118-0b53-6856-388cec08d597,273428090,2026-08-25 00:00:00+00:00,0.0005012401561438969
gfw:518e83115-549d-d1a5-7192-d95ebd83ea41,518e83115-549d-d1a5-7192-d95ebd83ea41,273100200,2026-08-25 00:00:00+00:00,0.000501075747205134
gfw:216773620-0f9f-838c-3e67-e5017537b741,216773620-0f9f-838c-3e67-e5017537b741,273276480,2026-08-25 00:00:00+00:00,0.0005001039458529646
gfw:32f2f9c47-7620-b5fa-c137-8d6acda42a96,32f2f9c47-7620-b5fa-c137-8d6acda42a96,273611160,2026-08-25 00:00:00+00:00,0.0004998181643584298
gfw:552c6d46b-b1a8-3dbc-0c01-f3a8e3c62fe8,552c6d46b-b1a8-3dbc-0c01-f3a8e3c62fe8,273813300,2026-08-25 00:00:00+00:00,0.0004997462172761949
gfw:15acd9a27-760c-e379-4d64-29e5ce782bc0,15acd9a27-760c-e379-4d64-29e5ce782bc0,273347980,2026-08-25 00:00:00+00:00,0.000499703669060627
gfw:792aa9a5e-e360-edc8-3b5f-21d92f8dbf4a,792aa9a5e-e360-edc8-3b5f-21d92f8dbf4a,273388860,2026-08-25 00:00:00+00:00,0.0004992867954334854
gfw:8cbfe5324-462d-9a77-0571-a38bf5f13c50,8cbfe5324-462d-9a77-0571-a38bf5f13c50,273382320,2026-08-25 00:00:00+00:00,0.0004991521329859773
gfw:52ee918b7-70f3-dc76-41b3-71de4535a404,52ee918b7-70f3-dc76-41b3-71de4535a404,215378000,2026-08-25 00:00:00+00:00,0.0004990579267114362
gfw:c59c6f013-31ab-e13f-d3d9-3b4e265d6534,c59c6f013-31ab-e13f-d3d9-3b4e265d6534,273323900,2026-08-25 00:00:00+00:00,0.0004990313656049218
gfw:356aafbe5-56ff-36c4-94c8-cc0a280fb863,356aafbe5-56ff-36c4-94c8-cc0a280fb863,273350290,2026-08-25 00:00:00+00:00,0.0004988467309120485
gfw:6ddbeaff4-4760-9542-da69-27da5b04eb2e,6ddbeaff4-4760-9542-da69-27da5b04eb2e,273372520,2026-08-25 00:00:00+00:00,0.0004988049549472391
gfw:1cc1ece16-6224-bc8b-3206-cffb5a6801de,1cc1ece16-6224-bc8b-3206-cffb5a6801de,273351740,2026-08-25 00:00:00+00:00,0.0004988049549472391
gfw:8310539e2-22d2-6f94-6cbf-cb1584a7d00d,8310539e2-22d2-6f94-6cbf-cb1584a7d00d,273266140,2026-08-25 00:00:00+00:00,0.0004986005967463778
gfw:d948ef42e-e93c-707b-1bf5-c180f7d0b81c,d948ef42e-e93c-707b-1bf5-c180f7d0b81c,613004110,2026-08-25 00:00:00+00:00,0.000498468319674268
gfw:77619448f-fc0e-1466-d6b8-e3a629593a41,77619448f-fc0e-1466-d6b8-e3a629593a41,273353580,2026-08-25 00:00:00+00:00,0.0004981289246539938
gfw:9c2cae11c-ce37-fa38-8ec8-ab8aa3fb61f1,9c2cae11c-ce37-fa38-8ec8-ab8aa3fb61f1,273325270,2026-08-25 00:00:00+00:00,0.000497632395878699
gfw:e9e776935-5e2f-69a0-d135-1eb4b4ef9183,e9e776935-5e2f-69a0-d135-1eb4b4ef9183,273127600,2026-08-25 00:00:00+00:00,0.0004974359215833543
gfw:1affee2b0-07b1-232e-831f-8825b4da7a50,1affee2b0-07b1-232e-831f-8825b4da7a50,273315140,2026-08-25 00:00:00+00:00,0.0004968472770328186
gfw:a07054ea8-8258-6650-74a4-066b0c62b26a,a07054ea8-8258-6650-74a4-066b0c62b26a,273255650,2026-08-25 00:00:00+00:00,0.0004966282122434209
gfw:bfa93cf8b-bb01-e453-e6a9-4436f4dc2575,bfa93cf8b-bb01-e453-e6a9-4436f4dc2575,273335380,2026-08-25 00:00:00+00:00,0.000496486159972029
gfw:baf1959b9-9883-fc6b-6899-381e939abfc3,baf1959b9-9883-fc6b-6899-381e939abfc3,352004884,2026-08-25 00:00:00+00:00,0.0004964624157409089
gfw:ecd302526-61be-d1cc-861f-ba2abfc29518,ecd302526-61be-d1cc-861f-ba2abfc29518,273359710,2026-08-25 00:00:00+00:00,0.000496342667357027
gfw:1f4fd4d0b-bee0-4754-ad8c-538e0e1d1ae9,1f4fd4d0b-bee0-4754-ad8c-538e0e1d1ae9,273458220,2026-08-25 00:00:00+00:00,0.0004960749470657377
gfw:b67f644fd-dfe8-3593-a6a6-760da1cbc05c,b67f644fd-dfe8-3593-a6a6-760da1cbc05c,273258670,2026-08-25 00:00:00+00:00,0.0004959195734293784
gfw:025b1dedc-c16c-4ddb-0d85-b9b068e987a8,025b1dedc-c16c-4ddb-0d85-b9b068e987a8,636093369,2026-08-25 00:00:00+00:00,0.0004958108338850098
gfw:d2f2cfa23-3b34-59bf-024a-593c7d94798c,d2f2cfa23-3b34-59bf-024a-593c7d94798c,273313730,2026-08-25 00:00:00+00:00,0.0004957594451384835
gfw:cf349162e-eb69-b3c1-4019-0dcde44a8b8d,cf349162e-eb69-b3c1-4019-0dcde44a8b8d,273346470,2026-08-25 00:00:00+00:00,0.0004955406873781949
gfw:df7dd2e56-6824-7853-bf4d-f8bf3fda2610,df7dd2e56-6824-7853-bf4d-f8bf3fda2610,352004650,2026-08-25 00:00:00+00:00,0.0004954017065347819
gfw:6f30e8a1a-aac0-e388-3a39-e80b79d75ef8,6f30e8a1a-aac0-e388-3a39-e80b79d75ef8,677012380,2026-08-25 00:00:00+00:00,0.0004953348211322565
gfw:640714543-3210-399e-9121-74c2b2455d12,640714543-3210-399e-9121-74c2b2455d12,273616820,2026-08-25 00:00:00+00:00,0.0004948644056118585
gfw:4a44c8f32-23f9-be70-df57-7df81290fba8,4a44c8f32-23f9-be70-df57-7df81290fba8,273613060,2026-08-25 00:00:00+00:00,0.0004940489754999825
gfw:925b18df8-8f1a-efab-2f25-6b9b37d31f2e,925b18df8-8f1a-efab-2f25-6b9b37d31f2e,352005221,2026-08-25 00:00:00+00:00,0.0004939259174597475
gfw:adae83a6b-b776-1749-6843-945875040530,adae83a6b-b776-1749-6843-945875040530,273330620,2026-08-25 00:00:00+00:00,0.0004935439801798126
gfw:d1fb59cb3-3b19-d7f6-96ac-e63c5772b5e0,d1fb59cb3-3b19-d7f6-96ac-e63c5772b5e0,273439240,2026-08-25 00:00:00+00:00,0.0004931900077547876
gfw:5f40ed510-07a1-a33c-b76a-f3423c39a199,5f40ed510-07a1-a33c-b76a-f3423c39a199,636022520,2026-08-25 00:00:00+00:00,0.0004930204177461175
gfw:55003340d-da5d-c183-0e3e-e96bfafb8707,55003340d-da5d-c183-0e3e-e96bfafb8707,273381250,2026-08-25 00:00:00+00:00,0.0004927519900655848
gfw:05fa76f41-1938-aa98-a6f2-bea9debb9f3e,05fa76f41-1938-aa98-a6f2-bea9debb9f3e,667001436,2026-08-25 00:00:00+00:00,0.000492211966590858
gfw:d4dc93b19-950a-7084-0657-de8944286f3b,d4dc93b19-950a-7084-0657-de8944286f3b,273459330,2026-08-25 00:00:00+00:00,0.000491655146738354
gfw:340b6177d-d882-14dd-6fa4-48b058ed49ba,340b6177d-d882-14dd-6fa4-48b058ed49ba,273414780,2026-08-25 00:00:00+00:00,0.0004915421389580916
gfw:63d5df9a8-801c-7daa-4c9c-71a9b24d57c1,63d5df9a8-801c-7daa-4c9c-71a9b24d57c1,273820700,2026-08-25 00:00:00+00:00,0.0004915002058589745
gfw:083b7bfc1-12d0-2efc-3615-51d9706ac53e,083b7bfc1-12d0-2efc-3615-51d9706ac53e,273298160,2026-08-25 00:00:00+00:00,0.0004914971962636419
gfw:0a1bb87b6-6eb8-0831-c361-1d2657187f34,0a1bb87b6-6eb8-0831-c361-1d2657187f34,667001545,2026-08-25 00:00:00+00:00,0.000491359454271083
gfw:4fea14ebe-e053-1a1b-862e-b1af3e3163be,4fea14ebe-e053-1a1b-862e-b1af3e3163be,273128600,2026-08-25 00:00:00+00:00,0.0004909492192922304
gfw:10dbac41d-d3b3-d920-1b9e-b35d451debe4,10dbac41d-d3b3-d920-1b9e-b35d451debe4,273327840,2026-08-25 00:00:00+00:00,0.0004908817041400735
gfw:3707dd718-8fd2-3b5e-da81-bc36cb7cf0f3,3707dd718-8fd2-3b5e-da81-bc36cb7cf0f3,273353510,2026-08-25 00:00:00+00:00,0.0004906730345443448
gfw:ea7821b2c-cd1c-f333-6dc4-80cf7b77c3a3,ea7821b2c-cd1c-f333-6dc4-80cf7b77c3a3,538012466,2026-08-25 00:00:00+00:00,0.0004906233765095139
gfw:a0cdb5488-880f-1650-00bb-4449fc29e977,a0cdb5488-880f-1650-00bb-4449fc29e977,273377910,2026-08-25 00:00:00+00:00,0.000490550108614904
gfw:26a3fb8e5-5b63-ef44-b0d7-f9b1200d98b0,26a3fb8e5-5b63-ef44-b0d7-f9b1200d98b0,257972900,2026-08-25 00:00:00+00:00,0.0004900830139447876
gfw:02008f1db-bd04-3e15-961a-291b5ed75841,02008f1db-bd04-3e15-961a-291b5ed75841,257967700,2026-08-25 00:00:00+00:00,0.000490041230264613
gfw:ea903be72-2295-4864-6832-b0f48d3e3f6a,ea903be72-2295-4864-6832-b0f48d3e3f6a,273399530,2026-08-25 00:00:00+00:00,0.0004899460917434631
gfw:f8a4dccae-e05c-e6ab-23bc-54d014ed3cad,f8a4dccae-e05c-e6ab-23bc-54d014ed3cad,273390190,2026-08-25 00:00:00+00:00,0.0004894563762727469
gfw:4b8cac2fb-b5c8-69cd-98a5-21e226b04057,4b8cac2fb-b5c8-69cd-98a5-21e226b04057,352005801,2026-08-25 00:00:00+00:00,0.0004894149422740809
gfw:69cbbe855-5092-a114-f234-946222c51750,69cbbe855-5092-a114-f234-946222c51750,273291340,2026-08-25 00:00:00+00:00,0.0004893026285373531
gfw:d888ad852-2e50-fbe9-1154-5b8e7b249279,d888ad852-2e50-fbe9-1154-5b8e7b249279,273272890,2026-08-25 00:00:00+00:00,0.0004890794759343196
gfw:fb415f10a-ab91-adca-bd5d-e018bc6ff224,fb415f10a-ab91-adca-bd5d-e018bc6ff224,352002267,2026-08-25 00:00:00+00:00,0.0004889669099898685
gfw:383eb2a13-3e77-7470-6129-225a193a4874,383eb2a13-3e77-7470-6129-225a193a4874,273376850,2026-08-25 00:00:00+00:00,0.0004888017241089267
gfw:dd6315ca4-4b9f-2b8f-cbee-c2481d05cff5,dd6315ca4-4b9f-2b8f-cbee-c2481d05cff5,273373920,2026-08-25 00:00:00+00:00,0.0004887507155083043
gfw:5988d3a88-845e-1b69-4483-5ab2aaaad06e,5988d3a88-845e-1b69-4483-5ab2aaaad06e,273389370,2026-08-25 00:00:00+00:00,0.0004884162226062883
gfw:8c31c20ee-e398-47a3-10ea-c2b9d292cf32,8c31c20ee-e398-47a3-10ea-c2b9d292cf32,273290050,2026-08-25 00:00:00+00:00,0.0004883190291074003
gfw:ff6f8a08c-cfe9-af92-cde3-2df16bddea5d,ff6f8a08c-cfe9-af92-cde3-2df16bddea5d,273399950,2026-08-25 00:00:00+00:00,0.0004880765109885306
gfw:4b7529e7b-ba7e-b3ef-fea0-a9623e065c33,4b7529e7b-ba7e-b3ef-fea0-a9623e065c33,273412010,2026-08-25 00:00:00+00:00,0.0004880176304684161
gfw:66519f3ca-a090-7152-5f11-98c93263ef93,66519f3ca-a090-7152-5f11-98c93263ef93,250500646,2026-08-25 00:00:00+00:00,0.0004878704031618
gfw:d45b3284e-e6b3-fa94-5c06-ce8bdabfe5a7,d45b3284e-e6b3-fa94-5c06-ce8bdabfe5a7,273840020,2026-08-25 00:00:00+00:00,0.0004874461908199568
gfw:5e5345c2b-ba6a-62af-ebfe-66e701fbaf5a,5e5345c2b-ba6a-62af-ebfe-66e701fbaf5a,273274060,2026-08-25 00:00:00+00:00,0.00048724544267773396
gfw:1e18df6be-ecac-c99d-76d8-6b009cfeabeb,1e18df6be-ecac-c99d-76d8-6b009cfeabeb,241200420,2026-08-25 00:00:00+00:00,0.00048689423120381676
gfw:548bd8c16-6643-4733-0e9e-26ebde166e91,548bd8c16-6643-4733-0e9e-26ebde166e91,273353280,2026-08-25 00:00:00+00:00,0.0004867153830129282
gfw:a0ad5586e-e861-f984-9618-47ec5aaefc52,a0ad5586e-e861-f984-9618-47ec5aaefc52,538008916,2026-08-25 00:00:00+00:00,0.0004865561138390191
gfw:b034622ee-e0d9-604b-3975-dd912c98743f,b034622ee-e0d9-604b-3975-dd912c98743f,273253530,2026-08-25 00:00:00+00:00,0.0004865409394379594
gfw:0f7c5dfe1-1ea8-b9d8-c033-f6a80f50befd,0f7c5dfe1-1ea8-b9d8-c033-f6a80f50befd,325142300,2026-08-25 00:00:00+00:00,0.00048647786395231195
gfw:e6d1f7674-4ec8-bb40-a829-b1ecfdfe1231,e6d1f7674-4ec8-bb40-a829-b1ecfdfe1231,999900455,2026-08-25 00:00:00+00:00,0.0004862187403204868
gfw:1a80b17d8-8b2e-4b14-cf43-e9fed32e6f68,1a80b17d8-8b2e-4b14-cf43-e9fed32e6f68,273350600,2026-08-25 00:00:00+00:00,0.000486077450204128
gfw:f612ac7a5-5fff-c6a1-be8a-fea249745dda,f612ac7a5-5fff-c6a1-be8a-fea249745dda,273324800,2026-08-25 00:00:00+00:00,0.0004858247294359013
gfw:756d3c69a-a99e-8c32-ccc8-10641df0a067,756d3c69a-a99e-8c32-ccc8-10641df0a067,353493000,2026-08-25 00:00:00+00:00,0.00048554650556892543
gfw:374ba1602-2184-d616-fbec-d4f6e2c44789,374ba1602-2184-d616-fbec-d4f6e2c44789,352005686,2026-08-25 00:00:00+00:00,0.000485215430945556
gfw:100c39fb8-887e-8132-c59e-3fb26a585106,100c39fb8-887e-8132-c59e-3fb26a585106,273412750,2026-08-25 00:00:00+00:00,0.00048520815445292744
gfw:c6a8254d1-1df7-b6c5-64d1-3f6117ed07cb,c6a8254d1-1df7-b6c5-64d1-3f6117ed07cb,273319010,2026-08-25 00:00:00+00:00,0.0004850906160937388
gfw:0312f9c7f-f82f-3ce8-f7c5-7a68df6edde3,0312f9c7f-f82f-3ce8-f7c5-7a68df6edde3,273612750,2026-08-25 00:00:00+00:00,0.0004849890196147203
gfw:9d9528766-682a-3a8f-e4e1-c12df01641a5,9d9528766-682a-3a8f-e4e1-c12df01641a5,273274730,2026-08-25 00:00:00+00:00,0.0004849544851207972
gfw:fc426227b-bc1a-73ec-d43a-7aad252a3805,fc426227b-bc1a-73ec-d43a-7aad252a3805,277587000,2026-08-25 00:00:00+00:00,0.00048490334040277223
gfw:ec9f7dfb5-5560-ac85-13b6-f0dcd75a1531,ec9f7dfb5-5560-ac85-13b6-f0dcd75a1531,273000007,2026-08-25 00:00:00+00:00,0.00048452875154334825
gfw:1c6a599a4-40cc-e3ab-70c9-6df1f94a3d0e,1c6a599a4-40cc-e3ab-70c9-6df1f94a3d0e,273357660,2026-08-25 00:00:00+00:00,0.0004842647006552149
gfw:aa1cddf09-974e-cf24-4567-b852fbd1bac1,aa1cddf09-974e-cf24-4567-b852fbd1bac1,667002320,2026-08-25 00:00:00+00:00,0.00048416200384166424
gfw:389b52dbe-eeac-7510-8473-cbe240b4bfa9,389b52dbe-eeac-7510-8473-cbe240b4bfa9,273613360,2026-08-25 00:00:00+00:00,0.0004837214773641037
gfw:c1fa2ced7-7a21-cb7d-52c1-54afc89b3a80,c1fa2ced7-7a21-cb7d-52c1-54afc89b3a80,273318930,2026-08-25 00:00:00+00:00,0.00048291810630928314
gfw:4e19b0145-5344-9b9c-b10a-8f72f5c07393,4e19b0145-5344-9b9c-b10a-8f72f5c07393,273449510,2026-08-25 00:00:00+00:00,0.0004828887737382644
gfw:3aaaf626b-b2cc-22f5-3331-9aa2d1bb8359,3aaaf626b-b2cc-22f5-3331-9aa2d1bb8359,999900410,2026-08-25 00:00:00+00:00,0.00048260596536321265
gfw:f8bdc0a9d-d885-6892-eb10-b2489fc83273,f8bdc0a9d-d885-6892-eb10-b2489fc83273,273214860,2026-08-25 00:00:00+00:00,0.0004823319389665437
gfw:17d40cdef-fcbc-fd29-3a88-5425c7856f54,17d40cdef-fcbc-fd29-3a88-5425c7856f54,273459130,2026-08-25 00:00:00+00:00,0.0004822433982659955
gfw:9cdb13ba7-7280-a900-81c3-e4ae0640d65a,9cdb13ba7-7280-a900-81c3-e4ae0640d65a,273350980,2026-08-25 00:00:00+00:00,0.00048211220407059406
gfw:b2bad74b7-7fe2-61cc-3844-3d04727a8f0f,b2bad74b7-7fe2-61cc-3844-3d04727a8f0f,636022304,2026-08-25 00:00:00+00:00,0.0004819632756986943
gfw:6c286d45a-a1b0-53a3-60e5-0fb4095f65e9,6c286d45a-a1b0-53a3-60e5-0fb4095f65e9,273295460,2026-08-25 00:00:00+00:00,0.0004818172219635939
gfw:2c090b288-83f9-e67a-3e95-04bf03272187,2c090b288-83f9-e67a-3e95-04bf03272187,613414703,2026-08-25 00:00:00+00:00,0.0004813929775785042
gfw:40c2d8781-14fa-295e-7e49-7b5753c29a24,40c2d8781-14fa-295e-7e49-7b5753c29a24,273455430,2026-08-25 00:00:00+00:00,0.0004812905990308948
gfw:2bf576eeb-b557-01ac-a2bd-d3274ecbd831,2bf576eeb-b557-01ac-a2bd-d3274ecbd831,261000370,2026-08-25 00:00:00+00:00,0.00048056243315802136
gfw:75ddaa3d5-5e0e-64a6-0533-b672484d553e,75ddaa3d5-5e0e-64a6-0533-b672484d553e,352005347,2026-08-25 00:00:00+00:00,0.0004805458651484926
gfw:e16b83169-9375-73e1-cf7e-493035631876,e16b83169-9375-73e1-cf7e-493035631876,261036610,2026-08-25 00:00:00+00:00,0.0004805338928549571
gfw:96b26a323-38b6-a6a1-cd58-11f76264d637,96b26a323-38b6-a6a1-cd58-11f76264d637,273417700,2026-08-25 00:00:00+00:00,0.0004804478271823913
gfw:23274fbec-c3bf-c7aa-b5e0-ba9d3d6ad775,23274fbec-c3bf-c7aa-b5e0-ba9d3d6ad775,273434680,2026-08-25 00:00:00+00:00,0.00048003973216274935
gfw:f8a9806a3-3a3a-87b1-1e78-7922daa122db,f8a9806a3-3a3a-87b1-1e78-7922daa122db,unknown,2026-08-25 00:00:00+00:00,0.00048000185156559975
gfw:46de9896d-d559-f108-6a6d-7f8062f0ac64,46de9896d-d559-f108-6a6d-7f8062f0ac64,667001819,2026-08-25 00:00:00+00:00,0.00047996053170016716
gfw:1db7e0d43-3a47-d1e2-32ba-3ff9b9894288,1db7e0d43-3a47-d1e2-32ba-3ff9b9894288,314001105,2026-08-25 00:00:00+00:00,0.0004793954517511808
gfw:ba6cedad1-1c2d-5265-22ec-f87acab06f2f,ba6cedad1-1c2d-5265-22ec-f87acab06f2f,249071000,2026-08-25 00:00:00+00:00,0.00047933860651685616
gfw:d5d0a2699-9a90-29fe-9993-2067e2b2d7a8,d5d0a2699-9a90-29fe-9993-2067e2b2d7a8,273330710,2026-08-25 00:00:00+00:00,0.00047891815011457127
gfw:057a13d81-1485-266a-48ad-916729588374,057a13d81-1485-266a-48ad-916729588374,341679000,2026-08-25 00:00:00+00:00,0.00047891079549971073
gfw:f7b2ca24d-decb-5ee3-c4ef-eb494a822807,f7b2ca24d-decb-5ee3-c4ef-eb494a822807,273338950,2026-08-25 00:00:00+00:00,0.0004783621820809906
gfw:710a48606-6e27-d3e6-24bf-df98b5e6fc11,710a48606-6e27-d3e6-24bf-df98b5e6fc11,273391160,2026-08-25 00:00:00+00:00,0.00047821021693953016
gfw:def223309-9e9b-5a2d-3b52-19650dfa8688,def223309-9e9b-5a2d-3b52-19650dfa8688,999900477,2026-08-25 00:00:00+00:00,0.00047814637524427433
gfw:3cd4a4f38-89e3-8463-f424-090659b4e04b,3cd4a4f38-89e3-8463-f424-090659b4e04b,273212160,2026-08-25 00:00:00+00:00,0.00047779044059765284
gfw:e6cf2e15e-eb6f-7a18-9b64-742faa6722e5,e6cf2e15e-eb6f-7a18-9b64-742faa6722e5,273377480,2026-08-25 00:00:00+00:00,0.0004775939972447942
gfw:e6938f812-2480-a5da-6ff9-5326c3a0fd87,e6938f812-2480-a5da-6ff9-5326c3a0fd87,273618550,2026-08-25 00:00:00+00:00,0.0004774752092826362
gfw:208cdc47e-e2e0-adec-d823-fde4d70d781e,208cdc47e-e2e0-adec-d823-fde4d70d781e,273216040,2026-08-25 00:00:00+00:00,0.00047697481322911064
gfw:c516e8a1f-f1e1-f827-f008-054853c80478,c516e8a1f-f1e1-f827-f008-054853c80478,999900286,2026-08-25 00:00:00+00:00,0.00047691864256552147
gfw:93bc8f734-4d2c-7c0e-aa89-0270f60a90b2,93bc8f734-4d2c-7c0e-aa89-0270f60a90b2,533134009,2026-08-25 00:00:00+00:00,0.0004768234949657994
gfw:28b93a955-5dfe-2112-c4ff-a45627b90450,28b93a955-5dfe-2112-c4ff-a45627b90450,273334710,2026-08-25 00:00:00+00:00,0.0004765113917551579
gfw:c54b57775-5a34-c41e-0517-29ed571d3674,c54b57775-5a34-c41e-0517-29ed571d3674,273390130,2026-08-25 00:00:00+00:00,0.00047647416764989647
gfw:09279ac22-2b87-80fe-fdba-3ac6e6c18b02,09279ac22-2b87-80fe-fdba-3ac6e6c18b02,667006102,2026-08-25 00:00:00+00:00,0.00047625184329623684
gfw:b1f5c08d3-3420-27d4-6455-512e8e37553c,b1f5c08d3-3420-27d4-6455-512e8e37553c,273390590,2026-08-25 00:00:00+00:00,0.0004758454749637323
gfw:020958045-5a3a-6442-311c-f28955f55a1d,020958045-5a3a-6442-311c-f28955f55a1d,273354070,2026-08-25 00:00:00+00:00,0.00047539419969049853
gfw:a8e279634-49b6-4441-5c3c-fd48f67413bf,a8e279634-49b6-4441-5c3c-fd48f67413bf,273383840,2026-08-25 00:00:00+00:00,0.0004752994599196807
gfw:0f7133294-4d1e-6de6-41b6-bfbb9ed8b894,0f7133294-4d1e-6de6-41b6-bfbb9ed8b894,273396290,2026-08-25 00:00:00+00:00,0.00047504427207879465
gfw:7f457dc5c-c38a-bc81-4193-c4c69e3cd2bc,7f457dc5c-c38a-bc81-4193-c4c69e3cd2bc,273356350,2026-08-25 00:00:00+00:00,0.00047502816567875956
gfw:67cd9d524-4b52-9463-ffb4-703873502a3b,67cd9d524-4b52-9463-ffb4-703873502a3b,999900524,2026-08-25 00:00:00+00:00,0.00047486420607259104
gfw:378ee643a-a523-f072-41e6-539ec56177c8,378ee643a-a523-f072-41e6-539ec56177c8,273425530,2026-08-25 00:00:00+00:00,0.0004747141890546842
gfw:c1404e7a9-9615-24bd-a0c9-7317ddcc8d95,c1404e7a9-9615-24bd-a0c9-7317ddcc8d95,273317570,2026-08-25 00:00:00+00:00,0.00047468702755789727
gfw:d6761cce8-843e-ae22-62cc-f3b755639cd8,d6761cce8-843e-ae22-62cc-f3b755639cd8,273215190,2026-08-25 00:00:00+00:00,0.0004733058779422858
gfw:4350bc0ca-aad9-b1ff-dea8-e0775d8acfc2,4350bc0ca-aad9-b1ff-dea8-e0775d8acfc2,273299220,2026-08-25 00:00:00+00:00,0.00047313828146749895
gfw:3a432e66b-b26e-864b-dd98-f92bbad00d58,3a432e66b-b26e-864b-dd98-f92bbad00d58,352006023,2026-08-25 00:00:00+00:00,0.00047294442982260615
gfw:9d05bb6dc-c3fc-b636-0341-33448eccfe84,9d05bb6dc-c3fc-b636-0341-33448eccfe84,273325800,2026-08-25 00:00:00+00:00,0.00047267128875437027
gfw:3576c3cb3-3ed5-2628-d702-6053b8d2406b,3576c3cb3-3ed5-2628-d702-6053b8d2406b,273337720,2026-08-25 00:00:00+00:00,0.00047251873537608083
gfw:c68189f24-4672-4994-5d74-e2ccde57f12f,c68189f24-4672-4994-5d74-e2ccde57f12f,273341120,2026-08-25 00:00:00+00:00,0.0004724778597678839
gfw:e7cb3fc25-563b-1654-9f88-e433d6bef3d9,e7cb3fc25-563b-1654-9f88-e433d6bef3d9,273295950,2026-08-25 00:00:00+00:00,0.0004724054999797624
gfw:731b1c106-673f-b190-246e-a44b419d14ce,731b1c106-673f-b190-246e-a44b419d14ce,273212860,2026-08-25 00:00:00+00:00,0.0004723730974593276
gfw:5e8dd0310-0775-f4b8-8a95-1bfedeb88a9c,5e8dd0310-0775-f4b8-8a95-1bfedeb88a9c,273277330,2026-08-25 00:00:00+00:00,0.00047220644757896296
gfw:51e36e909-997c-b2b6-3d23-92ded8b42942,51e36e909-997c-b2b6-3d23-92ded8b42942,999900524,2026-08-25 00:00:00+00:00,0.00047210260816350015
gfw:9e171be40-0e20-ed17-9b41-7fe2cc1b686a,9e171be40-0e20-ed17-9b41-7fe2cc1b686a,273330410,2026-08-25 00:00:00+00:00,0.00047174948021239197
gfw:fc356ca00-03e3-c440-f004-524271ad9380,fc356ca00-03e3-c440-f004-524271ad9380,273619490,2026-08-25 00:00:00+00:00,0.00047120597032074014
gfw:694644769-9577-4dd9-548b-6a6fd8a293ba,694644769-9577-4dd9-548b-6a6fd8a293ba,273364290,2026-08-25 00:00:00+00:00,0.00047100788421215327
gfw:7658cd87e-e1f3-3a28-4fda-82fb3dccf4c4,7658cd87e-e1f3-3a28-4fda-82fb3dccf4c4,273359440,2026-08-25 00:00:00+00:00,0.000470864921267206
gfw:2fb79b214-4abc-74d6-2e7b-d38dfdd02473,2fb79b214-4abc-74d6-2e7b-d38dfdd02473,273216130,2026-08-25 00:00:00+00:00,0.0004708175207614168
gfw:8c636d147-7b2c-b0f6-ad9d-dda4f41c959d,8c636d147-7b2c-b0f6-ad9d-dda4f41c959d,273359970,2026-08-25 00:00:00+00:00,0.00047072395537728313
gfw:c6b9a130f-fe35-67a8-92e4-337b9d282814,c6b9a130f-fe35-67a8-92e4-337b9d282814,273366580,2026-08-25 00:00:00+00:00,0.00047004447298371185
gfw:e0fa129a9-9e60-7483-1975-721b2b045dca,e0fa129a9-9e60-7483-1975-721b2b045dca,999900465,2026-08-25 00:00:00+00:00,0.00046977756042086623
gfw:eb36e6898-888b-f425-bf1e-64798f5f69d0,eb36e6898-888b-f425-bf1e-64798f5f69d0,273310070,2026-08-25 00:00:00+00:00,0.0004697568754979443
gfw:84abc9b02-2812-d0b3-d688-ecc488cb22e6,84abc9b02-2812-d0b3-d688-ecc488cb22e6,273127010,2026-08-25 00:00:00+00:00,0.00046962587054734834
gfw:fecd9772a-a798-0865-e986-d580f1e43860,fecd9772a-a798-0865-e986-d580f1e43860,999900477,2026-08-25 00:00:00+00:00,0.00046959806209098226
gfw:04bf61b8b-b78b-3a68-f0f4-57519fd3978d,04bf61b8b-b78b-3a68-f0f4-57519fd3978d,273298110,2026-08-25 00:00:00+00:00,0.0004692864037682801
gfw:fb2f5d822-25a4-e8cc-8f61-85267707327f,fb2f5d822-25a4-e8cc-8f61-85267707327f,273616390,2026-08-25 00:00:00+00:00,0.0004692661569229893
gfw:ea9976cba-a115-ba9b-2d60-a7bf43e3633d,ea9976cba-a115-ba9b-2d60-a7bf43e3633d,273332910,2026-08-25 00:00:00+00:00,0.00046916698473715865
gfw:e0dc33104-48e4-3c7c-0a33-85004e34006a,e0dc33104-48e4-3c7c-0a33-85004e34006a,273250930,2026-08-25 00:00:00+00:00,0.000468997071015654
gfw:7db73746b-b4a2-b13d-1a3f-60e01882c6d1,7db73746b-b4a2-b13d-1a3f-60e01882c6d1,273259330,2026-08-25 00:00:00+00:00,0.00046861344544622666
gfw:684fea339-9d6b-0f7f-2231-0833c45318d4,684fea339-9d6b-0f7f-2231-0833c45318d4,273427530,2026-08-25 00:00:00+00:00,0.0004684250505830531
gfw:e2baf985e-e621-47dc-b296-d486d8b40ee0,e2baf985e-e621-47dc-b296-d486d8b40ee0,273369680,2026-08-25 00:00:00+00:00,0.00046834985909908144
gfw:445886b9d-dbe0-5c0e-863a-7a0429948a49,445886b9d-dbe0-5c0e-863a-7a0429948a49,461000326,2026-08-25 00:00:00+00:00,0.00046831992934342435
gfw:5a33a8fff-f6a0-5a77-93c8-20deff24aee1,5a33a8fff-f6a0-5a77-93c8-20deff24aee1,352001874,2026-08-25 00:00:00+00:00,0.0004677359214312186
gfw:2517c7434-41c3-4da9-321d-29bbf4a6a96f,2517c7434-41c3-4da9-321d-29bbf4a6a96f,352002361,2026-08-25 00:00:00+00:00,0.0004672834643510054
gfw:96766c4c4-4882-7bb1-9e35-b0730958fc06,96766c4c4-4882-7bb1-9e35-b0730958fc06,273291750,2026-08-25 00:00:00+00:00,0.0004671149395624849
gfw:fe8d13a95-5770-f9d1-8a14-f43bcfb95d19,fe8d13a95-5770-f9d1-8a14-f43bcfb95d19,461000221,2026-08-25 00:00:00+00:00,0.00046705830236889236
gfw:fe5dd44c7-79f8-aa96-9dbf-5f94a0d0f723,fe5dd44c7-79f8-aa96-9dbf-5f94a0d0f723,273255940,2026-08-25 00:00:00+00:00,0.0004668570441316909
gfw:89f17cc7a-a3b3-2cae-3c99-d2ae543ab08d,89f17cc7a-a3b3-2cae-3c99-d2ae543ab08d,273431440,2026-08-25 00:00:00+00:00,0.00046626181347030456
gfw:b7fd81d36-69de-a142-fa90-76627e030979,b7fd81d36-69de-a142-fa90-76627e030979,999900539,2026-08-25 00:00:00+00:00,0.00046626173451006555
gfw:dd1290014-4edb-64ce-05d0-2b485f39a94f,dd1290014-4edb-64ce-05d0-2b485f39a94f,525107008,2026-08-25 00:00:00+00:00,0.00046624018683223814
gfw:514da52bb-bf61-5fd2-1ec5-fa1df45ad0be,514da52bb-bf61-5fd2-1ec5-fa1df45ad0be,314001077,2026-08-25 00:00:00+00:00,0.00046614863603019915
gfw:411aaac95-5038-1dfb-68bb-b807b62b2726,411aaac95-5038-1dfb-68bb-b807b62b2726,273388930,2026-08-25 00:00:00+00:00,0.00046612487715188265
gfw:295492463-38ae-ba22-4040-b48416807b92,295492463-38ae-ba22-4040-b48416807b92,273426030,2026-08-25 00:00:00+00:00,0.00046570145900258134
gfw:a04a7d121-1118-133d-fc73-8a990461f9bd,a04a7d121-1118-133d-fc73-8a990461f9bd,273544430,2026-08-25 00:00:00+00:00,0.0004655125975195781
gfw:a89d110d7-7e9b-82cd-d073-aab435bee12e,a89d110d7-7e9b-82cd-d073-aab435bee12e,273449040,2026-08-25 00:00:00+00:00,0.00046548557632461435
gfw:492213320-0e4b-1dbe-6189-c23a637963ae,492213320-0e4b-1dbe-6189-c23a637963ae,667002341,2026-08-25 00:00:00+00:00,0.0004651986251329604
gfw:35be00397-75ca-b4a8-f2e3-ae7619fb563b,35be00397-75ca-b4a8-f2e3-ae7619fb563b,667001300,2026-08-25 00:00:00+00:00,0.000465070227143874
gfw:0b5cbb99f-f1fc-2f17-4caf-0ba3fe005702,0b5cbb99f-f1fc-2f17-4caf-0ba3fe005702,273252100,2026-08-25 00:00:00+00:00,0.000464863515152344
gfw:cd34afd21-1288-f080-c91d-db1f319b963a,cd34afd21-1288-f080-c91d-db1f319b963a,273418580,2026-08-25 00:00:00+00:00,0.0004647863870043056
gfw:4efb5222e-edc5-499a-45f8-932fa60f0d5e,4efb5222e-edc5-499a-45f8-932fa60f0d5e,273449020,2026-08-25 00:00:00+00:00,0.0004646364179504549
gfw:fbd6a49b7-71ac-26ba-247b-2d367c46bdb7,fbd6a49b7-71ac-26ba-247b-2d367c46bdb7,273313120,2026-08-25 00:00:00+00:00,0.00046462119000003927
gfw:3ecd9cd2b-b1d5-9abe-0371-302e73c05f68,3ecd9cd2b-b1d5-9abe-0371-302e73c05f68,273331870,2026-08-25 00:00:00+00:00,0.00046453424048772734
gfw:dc111d9bf-fda4-89ab-d5cd-1855ed7a1546,dc111d9bf-fda4-89ab-d5cd-1855ed7a1546,273323800,2026-08-25 00:00:00+00:00,0.00046444016366117033
gfw:fb3799872-23ca-a900-08e0-2478224c7b8f,fb3799872-23ca-a900-08e0-2478224c7b8f,273443520,2026-08-25 00:00:00+00:00,0.00046440405643884564
gfw:38b32bce6-6298-6b3b-9b59-3b286cc043cd,38b32bce6-6298-6b3b-9b59-3b286cc043cd,273615180,2026-08-25 00:00:00+00:00,0.0004638104598474946
gfw:2996bce3d-d86f-99a7-4d95-841c2372f331,2996bce3d-d86f-99a7-4d95-841c2372f331,273397940,2026-08-25 00:00:00+00:00,0.00046358539889221497
gfw:59c6c73e1-1f07-ef8a-56e7-4ce3acb6a409,59c6c73e1-1f07-ef8a-56e7-4ce3acb6a409,273396680,2026-08-25 00:00:00+00:00,0.0004635298456259888
gfw:fa6b49bbd-df0a-6688-81fb-4b267216e142,fa6b49bbd-df0a-6688-81fb-4b267216e142,273313050,2026-08-25 00:00:00+00:00,0.00046327596834267907
gfw:5d28bc090-00f2-c85e-fb82-79daa8bc8be6,5d28bc090-00f2-c85e-fb82-79daa8bc8be6,273314760,2026-08-25 00:00:00+00:00,0.000463216321014619
gfw:2e3f6dd28-8058-9ddd-6ce2-07a5ff86feef,2e3f6dd28-8058-9ddd-6ce2-07a5ff86feef,667002016,2026-08-25 00:00:00+00:00,0.00046315651498663623
gfw:b27fef3c6-66bf-7ce3-17c4-eb256969c959,b27fef3c6-66bf-7ce3-17c4-eb256969c959,273356920,2026-08-25 00:00:00+00:00,0.00046277193706509225
gfw:8053eefcc-ce63-b600-934a-e5db1681a2a9,8053eefcc-ce63-b600-934a-e5db1681a2a9,273146110,2026-08-25 00:00:00+00:00,0.0004626333280612196
gfw:8c8dc6e1f-f758-18ce-4c11-afe75bc02d4d,8c8dc6e1f-f758-18ce-4c11-afe75bc02d4d,273449240,2026-08-25 00:00:00+00:00,0.00046226363553144716
gfw:1092c1d1c-c81c-844f-92f3-95896e4cbda7,1092c1d1c-c81c-844f-92f3-95896e4cbda7,273338710,2026-08-25 00:00:00+00:00,0.00046208486824163595
gfw:3daaf907b-bacf-21c4-1307-2c862010e6fe,3daaf907b-bacf-21c4-1307-2c862010e6fe,647260302,2026-08-25 00:00:00+00:00,0.0004617232649357691
gfw:56821c0cd-d467-424d-a271-d195dfa1a91d,56821c0cd-d467-424d-a271-d195dfa1a91d,273610060,2026-08-25 00:00:00+00:00,0.0004617003778381592
gfw:51af6c6ec-cc7a-8836-cde2-a941f192c6fc,51af6c6ec-cc7a-8836-cde2-a941f192c6fc,273339890,2026-08-25 00:00:00+00:00,0.0004615895871173481
gfw:d7b9faa0a-a15c-b429-b1e4-13debf7c2e14,d7b9faa0a-a15c-b429-b1e4-13debf7c2e14,273216750,2026-08-25 00:00:00+00:00,0.0004614512227117836
gfw:91e3c1f02-2542-fd3c-6b9d-ef99d1a369e8,91e3c1f02-2542-fd3c-6b9d-ef99d1a369e8,273455870,2026-08-25 00:00:00+00:00,0.0004613706143087343
gfw:222b20ec3-3110-53f9-152a-fc559f46c162,222b20ec3-3110-53f9-152a-fc559f46c162,273440330,2026-08-25 00:00:00+00:00,0.0004612688516334568
gfw:ee51920da-a5a0-8ed9-aa7d-5a3db18b1de9,ee51920da-a5a0-8ed9-aa7d-5a3db18b1de9,250400786,2026-08-25 00:00:00+00:00,0.0004610933257079993
gfw:cdf918da6-64a5-d3f6-cdb5-860c228f2652,cdf918da6-64a5-d3f6-cdb5-860c228f2652,273331710,2026-08-25 00:00:00+00:00,0.00046073940410180453
gfw:0125a0c8e-eafb-750e-ab6f-a27aa541fa9f,0125a0c8e-eafb-750e-ab6f-a27aa541fa9f,273456730,2026-08-25 00:00:00+00:00,0.00046071207635691477
gfw:36111b3f2-2d18-6212-ab68-31d6493265ca,36111b3f2-2d18-6212-ab68-31d6493265ca,273317120,2026-08-25 00:00:00+00:00,0.0004604264147611058
gfw:baf328f34-44b0-4807-fa90-bb38ff314d49,baf328f34-44b0-4807-fa90-bb38ff314d49,273189700,2026-08-25 00:00:00+00:00,0.00046029611198214585
gfw:97a2fd764-4b88-e846-af95-c47c8e3da9d4,97a2fd764-4b88-e846-af95-c47c8e3da9d4,273443820,2026-08-25 00:00:00+00:00,0.00046021948668050513
gfw:e18f7dd1f-f3da-f900-99a6-3cc5ca65d9fc,e18f7dd1f-f3da-f900-99a6-3cc5ca65d9fc,250500644,2026-08-25 00:00:00+00:00,0.0004600455368317104
gfw:ed70d84c4-4502-982c-b5ab-f2e11681460b,ed70d84c4-4502-982c-b5ab-f2e11681460b,341445002,2026-08-25 00:00:00+00:00,0.000460023384221945
gfw:0fd2bde5c-c736-40ab-680d-b5783a547ea5,0fd2bde5c-c736-40ab-680d-b5783a547ea5,273456380,2026-08-25 00:00:00+00:00,0.0004597271361275024
gfw:b14d706ce-e1cb-5709-dabd-47a9490dc477,b14d706ce-e1cb-5709-dabd-47a9490dc477,273264690,2026-08-25 00:00:00+00:00,0.00045943838114495804
gfw:9846e9672-21e7-9cdc-1938-c3633570e84b,9846e9672-21e7-9cdc-1938-c3633570e84b,273274450,2026-08-25 00:00:00+00:00,0.00045818031875100696
gfw:14294a8d7-7758-949d-5a2f-f35771532776,14294a8d7-7758-949d-5a2f-f35771532776,273258610,2026-08-25 00:00:00+00:00,0.00045817126987776147
gfw:e3a5304db-b55b-3e88-f8c1-ef51f279caa6,e3a5304db-b55b-3e88-f8c1-ef51f279caa6,273356770,2026-08-25 00:00:00+00:00,0.0004580964110019765
gfw:e586d490a-adb2-fb10-aa0c-dd9406f95782,e586d490a-adb2-fb10-aa0c-dd9406f95782,273375390,2026-08-25 00:00:00+00:00,0.00045793184347781664
gfw:2a1640cf7-728a-0da1-1d79-0ba0fc052c78,2a1640cf7-728a-0da1-1d79-0ba0fc052c78,273331690,2026-08-25 00:00:00+00:00,0.00045791251637023513
gfw:75f157757-792b-6619-c9b6-499ac2ca0d1d,75f157757-792b-6619-c9b6-499ac2ca0d1d,273216620,2026-08-25 00:00:00+00:00,0.0004576753587303926
gfw:a24a6310e-ecd2-5a92-beec-d07806b81233,a24a6310e-ecd2-5a92-beec-d07806b81233,273378750,2026-08-25 00:00:00+00:00,0.0004573835659936057
gfw:7d539bbc7-7d6d-3d77-73c7-f68ef524f9ef,7d539bbc7-7d6d-3d77-73c7-f68ef524f9ef,273383300,2026-08-25 00:00:00+00:00,0.0004565456747703978
gfw:35d90e131-1147-68a7-9708-dc0d573dd035,35d90e131-1147-68a7-9708-dc0d573dd035,273352750,2026-08-25 00:00:00+00:00,0.00045626013633138623
gfw:5736e94c3-3a4b-321d-97b1-dec31a9c58c5,5736e94c3-3a4b-321d-97b1-dec31a9c58c5,338245606,2026-08-25 00:00:00+00:00,0.0004562537490403272
gfw:e3dac4cd7-76d8-0103-2417-9f1f7085fcac,e3dac4cd7-76d8-0103-2417-9f1f7085fcac,352004579,2026-08-25 00:00:00+00:00,0.0004559355094610679
gfw:beb8f72ca-a935-aee5-c399-344a99e03957,beb8f72ca-a935-aee5-c399-344a99e03957,273257760,2026-08-25 00:00:00+00:00,0.00045580182523841415
gfw:87e645cdc-cb31-8556-df1d-4af0ce7a0e31,87e645cdc-cb31-8556-df1d-4af0ce7a0e31,273611780,2026-08-25 00:00:00+00:00,0.00045578260656022935
gfw:b06ad2ef8-8655-8dd4-ac5f-18cd4acf970c,b06ad2ef8-8655-8dd4-ac5f-18cd4acf970c,636015984,2026-08-25 00:00:00+00:00,0.00045572260919782384
gfw:f0e1c6b7f-fb77-14f5-f3f4-136c4c703feb,f0e1c6b7f-fb77-14f5-f3f4-136c4c703feb,273354260,2026-08-25 00:00:00+00:00,0.0004556938762116473
gfw:a8eb84855-5ecc-5462-ba06-609f2f41776e,a8eb84855-5ecc-5462-ba06-609f2f41776e,273279360,2026-08-25 00:00:00+00:00,0.00045569289521050035
gfw:1cd358251-1e1f-ffd1-4835-71fa4cb96390,1cd358251-1e1f-ffd1-4835-71fa4cb96390,352002604,2026-08-25 00:00:00+00:00,0.000455640983137281
gfw:c0adb2491-112e-dfcd-3632-4cf965ea6aa4,c0adb2491-112e-dfcd-3632-4cf965ea6aa4,273350470,2026-08-25 00:00:00+00:00,0.0004547498717750239
gfw:596ded1fa-a9be-9ac9-33fc-c20597337c31,596ded1fa-a9be-9ac9-33fc-c20597337c31,273346860,2026-08-25 00:00:00+00:00,0.00045431450665661243
gfw:4e0d63f78-80d9-d0bc-888e-d594365c9a3b,4e0d63f78-80d9-d0bc-888e-d594365c9a3b,273430360,2026-08-25 00:00:00+00:00,0.0004543142187801602
gfw:cdcadcafb-bf0c-4283-2053-f3ac2822a44e,cdcadcafb-bf0c-4283-2053-f3ac2822a44e,273389560,2026-08-25 00:00:00+00:00,0.0004541444175315051
gfw:f3e99998c-c348-e41a-c3f4-d660e60c2701,f3e99998c-c348-e41a-c3f4-d660e60c2701,273439060,2026-08-25 00:00:00+00:00,0.0004539928991401925
gfw:f310b7e20-0062-c9d8-b37b-494c9f7a8b35,f310b7e20-0062-c9d8-b37b-494c9f7a8b35,667002596,2026-08-25 00:00:00+00:00,0.0004538169088137706
gfw:683ab4afb-b2e0-20b3-3904-a2d967966389,683ab4afb-b2e0-20b3-3904-a2d967966389,273386850,2026-08-25 00:00:00+00:00,0.0004533399171479321
gfw:0b6e65f14-4784-18a0-d951-5cbf684a0b1e,0b6e65f14-4784-18a0-d951-5cbf684a0b1e,273447930,2026-08-25 00:00:00+00:00,0.0004532668998205477
gfw:fd8a3fad3-3dee-a118-a68f-82fa2f8f1da8,fd8a3fad3-3dee-a118-a68f-82fa2f8f1da8,352006646,2026-08-25 00:00:00+00:00,0.00045294335948448117
gfw:0f7da2d96-6aca-1832-8cd8-60ab775721c1,0f7da2d96-6aca-1832-8cd8-60ab775721c1,273393570,2026-08-25 00:00:00+00:00,0.0004529177528220832
gfw:4e37a5c92-2873-a4b3-745e-19c7317a46e3,4e37a5c92-2873-a4b3-745e-19c7317a46e3,273619550,2026-08-25 00:00:00+00:00,0.00045281805037722
gfw:09a8917ac-c059-00a2-185a-1ca35beae4ad,09a8917ac-c059-00a2-185a-1ca35beae4ad,667002595,2026-08-25 00:00:00+00:00,0.0004526578815402386
gfw:51483e34f-f08f-35dc-1fe9-020792b06a06,51483e34f-f08f-35dc-1fe9-020792b06a06,273437020,2026-08-25 00:00:00+00:00,0.00045242381180782905
gfw:95fcd60d1-1257-f79e-0254-664b6f76e26a,95fcd60d1-1257-f79e-0254-664b6f76e26a,273276530,2026-08-25 00:00:00+00:00,0.0004522562243286174
gfw:5a69da85d-d711-c537-257d-29465f6c7fb8,5a69da85d-d711-c537-257d-29465f6c7fb8,273347430,2026-08-25 00:00:00+00:00,0.0004522455467814173
gfw:1d3b5b5c9-97ea-5766-9ef3-aedbbe13892d,1d3b5b5c9-97ea-5766-9ef3-aedbbe13892d,273335660,2026-08-25 00:00:00+00:00,0.00045216531798926755
gfw:6c1974ffd-d6d8-be86-ca85-01d90270f27a,6c1974ffd-d6d8-be86-ca85-01d90270f27a,273147258,2026-08-25 00:00:00+00:00,0.0004521164086064577
gfw:cc0a91cb0-0f54-c481-7bf1-17f696b5be18,cc0a91cb0-0f54-c481-7bf1-17f696b5be18,273279710,2026-08-25 00:00:00+00:00,0.00045188240856178317
gfw:da1cd7e1b-b8d0-539c-6581-2b3df8d0a6af,da1cd7e1b-b8d0-539c-6581-2b3df8d0a6af,273379740,2026-08-25 00:00:00+00:00,0.0004518665036554671
gfw:bac7aa1ec-c285-1a7f-f0c1-95f1540024f9,bac7aa1ec-c285-1a7f-f0c1-95f1540024f9,273451770,2026-08-25 00:00:00+00:00,0.00045173104440658515
gfw:35dbe09b7-7539-6bf9-c981-040c1869e7cc,35dbe09b7-7539-6bf9-c981-040c1869e7cc,273270740,2026-08-25 00:00:00+00:00,0.00045152126925027694
gfw:ac934a79a-ab62-2876-c6ca-c74caccbc82e,ac934a79a-ab62-2876-c6ca-c74caccbc82e,273345750,2026-08-25 00:00:00+00:00,0.00045122077046804945
gfw:6dbfbbbe9-9ede-0084-7ad3-a8079ba3c1c6,6dbfbbbe9-9ede-0084-7ad3-a8079ba3c1c6,273251360,2026-08-25 00:00:00+00:00,0.0004505322795919024
gfw:fe8ed879f-f2f2-db52-1be0-6820050274f9,fe8ed879f-f2f2-db52-1be0-6820050274f9,273442330,2026-08-25 00:00:00+00:00,0.0004504800139717337
gfw:967e51f69-9cde-261b-beac-70091b411aea,967e51f69-9cde-261b-beac-70091b411aea,273444350,2026-08-25 00:00:00+00:00,0.00044980253744536486
gfw:ac5017c1c-c0c6-a75b-2220-90161993e9f4,ac5017c1c-c0c6-a75b-2220-90161993e9f4,273438630,2026-08-25 00:00:00+00:00,0.0004496914127218907
gfw:55fd640e9-9ccf-3038-888e-fddf16db2591,55fd640e9-9ccf-3038-888e-fddf16db2591,999900287,2026-08-25 00:00:00+00:00,0.0004493208227349948
gfw:9a79a1663-3c13-eb2d-bdc4-b91839612dac,9a79a1663-3c13-eb2d-bdc4-b91839612dac,273254770,2026-08-25 00:00:00+00:00,0.0004492804397220989
gfw:e03c7654f-f36b-66af-e711-107d794e912e,e03c7654f-f36b-66af-e711-107d794e912e,273255180,2026-08-25 00:00:00+00:00,0.00044849243383062327
gfw:925cede42-222d-b776-3d02-0ac3bcc8cc32,925cede42-222d-b776-3d02-0ac3bcc8cc32,538001613,2026-08-25 00:00:00+00:00,0.000447903071406248
gfw:f935428c9-9944-54f6-e0fb-4286973c73e0,f935428c9-9944-54f6-e0fb-4286973c73e0,273344020,2026-08-25 00:00:00+00:00,0.00044787997915687194
gfw:e664b6bec-cd99-3520-7a7e-31475074def3,e664b6bec-cd99-3520-7a7e-31475074def3,273326590,2026-08-25 00:00:00+00:00,0.0004478672689586045
gfw:bf3a50d83-3b26-d0d0-3c03-1c051fdac62f,bf3a50d83-3b26-d0d0-3c03-1c051fdac62f,273617160,2026-08-25 00:00:00+00:00,0.0004477332283406555
gfw:2c8c5e5f7-7ab2-af77-9912-d517eee64271,2c8c5e5f7-7ab2-af77-9912-d517eee64271,273256300,2026-08-25 00:00:00+00:00,0.0004475827789410185
gfw:b4c99909e-e090-3c18-7e62-c4828ab94401,b4c99909e-e090-3c18-7e62-c4828ab94401,273453790,2026-08-25 00:00:00+00:00,0.00044678698196188427
gfw:437093f41-1c76-b12c-9d2a-5c66b984006d,437093f41-1c76-b12c-9d2a-5c66b984006d,273349530,2026-08-25 00:00:00+00:00,0.00044670671308197693
gfw:5963378f3-30d9-a6bc-86d8-9e54b07edc01,5963378f3-30d9-a6bc-86d8-9e54b07edc01,273398730,2026-08-25 00:00:00+00:00,0.00044663825776768926
gfw:d81c0a3e8-86aa-d6eb-4049-5144a7ea7430,d81c0a3e8-86aa-d6eb-4049-5144a7ea7430,273450480,2026-08-25 00:00:00+00:00,0.00044658862154394943
gfw:72f42541b-baca-ff8b-1a94-1fa84988fccc,72f42541b-baca-ff8b-1a94-1fa84988fccc,273395730,2026-08-25 00:00:00+00:00,0.00044642376860594375
gfw:8f6e35c22-2e04-8cbc-42ab-25f293f0ff79,8f6e35c22-2e04-8cbc-42ab-25f293f0ff79,273451050,2026-08-25 00:00:00+00:00,0.0004464090254315544
gfw:bcfcb9a70-078b-964d-1b89-7c00bd60aabc,bcfcb9a70-078b-964d-1b89-7c00bd60aabc,212654000,2026-08-25 00:00:00+00:00,0.0004461906119703624
gfw:2ed773d0f-fdf9-afed-8f0c-91c797ca017d,2ed773d0f-fdf9-afed-8f0c-91c797ca017d,273451480,2026-08-25 00:00:00+00:00,0.0004459611794412491
gfw:24470f5ca-a01c-82cc-d194-08251f24a825,24470f5ca-a01c-82cc-d194-08251f24a825,273546420,2026-08-25 00:00:00+00:00,0.0004457385596148165
gfw:bef147989-91a7-dd37-e616-b5fb54fbe18c,bef147989-91a7-dd37-e616-b5fb54fbe18c,273257220,2026-08-25 00:00:00+00:00,0.0004454263434922891
gfw:e0572e3c0-0436-ab51-f3ed-855f93208b45,e0572e3c0-0436-ab51-f3ed-855f93208b45,667001974,2026-08-25 00:00:00+00:00,0.00044493571543389917
gfw:969db52ae-e6cf-b91e-09f1-6c91ed700fe9,969db52ae-e6cf-b91e-09f1-6c91ed700fe9,273458350,2026-08-25 00:00:00+00:00,0.00044448713598699735
gfw:68a5642b0-0c79-cd93-7405-ff6ccf7a82c3,68a5642b0-0c79-cd93-7405-ff6ccf7a82c3,273356120,2026-08-25 00:00:00+00:00,0.0004443826191900149
gfw:5475635d1-1153-db09-e342-f1c3e29d2443,5475635d1-1153-db09-e342-f1c3e29d2443,273124620,2026-08-25 00:00:00+00:00,0.00044434144033830597
gfw:fa94c568c-cccd-f786-2c8c-b315a784b44e,fa94c568c-cccd-f786-2c8c-b315a784b44e,273359550,2026-08-25 00:00:00+00:00,0.00044349619132495245
gfw:196e3a4f7-764f-9e46-4b7b-7cad2acc1d55,196e3a4f7-764f-9e46-4b7b-7cad2acc1d55,273027600,2026-08-25 00:00:00+00:00,0.0004431860852048878
gfw:e39fcceed-dcba-9938-5546-5a98b992e8cd,e39fcceed-dcba-9938-5546-5a98b992e8cd,859527396,2026-08-25 00:00:00+00:00,0.0004428187750836594
gfw:6cb84cedd-d836-ee1e-18a0-d63e2e3cc53b,6cb84cedd-d836-ee1e-18a0-d63e2e3cc53b,273355620,2026-08-25 00:00:00+00:00,0.0004425946060868889
gfw:f0197b37d-d546-9549-cb49-5a49d0c6b7a7,f0197b37d-d546-9549-cb49-5a49d0c6b7a7,273396940,2026-08-25 00:00:00+00:00,0.0004424879164054881
gfw:7fe35fba0-0f10-80ec-ecfb-3250f55312c1,7fe35fba0-0f10-80ec-ecfb-3250f55312c1,352003360,2026-08-25 00:00:00+00:00,0.0004422861429237988
gfw:64e477a2b-bf66-bc09-d84d-70bea7ed0108,64e477a2b-bf66-bc09-d84d-70bea7ed0108,273133800,2026-08-25 00:00:00+00:00,0.00044209693239666254
gfw:b8c2e0a24-4e44-e8fc-93a0-dc039d4f5f20,b8c2e0a24-4e44-e8fc-93a0-dc039d4f5f20,273294560,2026-08-25 00:00:00+00:00,0.0004418728486608794
gfw:a5e30989a-aa8e-9b85-f0df-12496e8233c9,a5e30989a-aa8e-9b85-f0df-12496e8233c9,273253140,2026-08-25 00:00:00+00:00,0.00044178469185551225
gfw:0cf6ff590-0999-9589-7be8-a06eaa7c5297,0cf6ff590-0999-9589-7be8-a06eaa7c5297,273394060,2026-08-25 00:00:00+00:00,0.000441375370848562
gfw:3609da469-9e33-cb7c-67bc-821eac254b93,3609da469-9e33-cb7c-67bc-821eac254b93,273311070,2026-08-25 00:00:00+00:00,0.0004409547829421639
gfw:a511327f4-446c-ed7c-f7b2-3aa573f16021,a511327f4-446c-ed7c-f7b2-3aa573f16021,999900545,2026-08-25 00:00:00+00:00,0.0004407909277355638
gfw:874fe8421-1079-c1e7-7733-c03faa03d557,874fe8421-1079-c1e7-7733-c03faa03d557,273348270,2026-08-25 00:00:00+00:00,0.0004406796676218819
gfw:a53a9a431-1a0b-77aa-b5aa-fccf67d48056,a53a9a431-1a0b-77aa-b5aa-fccf67d48056,999900285,2026-08-25 00:00:00+00:00,0.0004406686908944776
gfw:f2ba05925-539a-4659-da9b-4474b91482bc,f2ba05925-539a-4659-da9b-4474b91482bc,273311060,2026-08-25 00:00:00+00:00,0.00044062761071943945
gfw:029e7f042-2e1e-97d2-0a80-b1045098d334,029e7f042-2e1e-97d2-0a80-b1045098d334,273458980,2026-08-25 00:00:00+00:00,0.00044056737063843005
gfw:50dec92ab-b77d-1ce3-9a11-054b329e5a55,50dec92ab-b77d-1ce3-9a11-054b329e5a55,273333840,2026-08-25 00:00:00+00:00,0.0004404487574161662
gfw:647bb3ec2-2fdc-c914-3d66-76991f6aee94,647bb3ec2-2fdc-c914-3d66-76991f6aee94,273320010,2026-08-25 00:00:00+00:00,0.00044042181903525284
gfw:22e7cd64e-e40c-d189-399f-5abf10e1ec5a,22e7cd64e-e40c-d189-399f-5abf10e1ec5a,273271430,2026-08-25 00:00:00+00:00,0.0004394549010758769
gfw:e612eedfe-ea7f-c423-e3d1-00596eebf031,e612eedfe-ea7f-c423-e3d1-00596eebf031,273384040,2026-08-25 00:00:00+00:00,0.0004394354630507997
gfw:a1d90d429-939d-0015-6e99-e024183f63bd,a1d90d429-939d-0015-6e99-e024183f63bd,273257540,2026-08-25 00:00:00+00:00,0.0004390917296147703
gfw:81d00940c-c381-ada0-ab16-5b041e0e62bb,81d00940c-c381-ada0-ab16-5b041e0e62bb,273318750,2026-08-25 00:00:00+00:00,0.0004390269043437777
gfw:71a145581-14c9-cb39-4fda-3ba1f5aecc8f,71a145581-14c9-cb39-4fda-3ba1f5aecc8f,273255840,2026-08-25 00:00:00+00:00,0.00043872358330995055
gfw:125aab0c2-26ee-6df9-a513-97599cc3082f,125aab0c2-26ee-6df9-a513-97599cc3082f,273219320,2026-08-25 00:00:00+00:00,0.0004386433748796573
gfw:aaeb57ba0-0387-5d4c-30f9-4510a7846666,aaeb57ba0-0387-5d4c-30f9-4510a7846666,273310670,2026-08-25 00:00:00+00:00,0.00043827304994424355
gfw:a5d47c972-2459-8843-9971-16ed5c66e403,a5d47c972-2459-8843-9971-16ed5c66e403,273211040,2026-08-25 00:00:00+00:00,0.00043825317666276774
gfw:9bbfa3ce9-9869-8320-b79d-f37cfda5ff1c,9bbfa3ce9-9869-8320-b79d-f37cfda5ff1c,273191300,2026-08-25 00:00:00+00:00,0.0004381795810014745
gfw:3eb8d6128-8385-e310-6dbd-5289ff69e1a7,3eb8d6128-8385-e310-6dbd-5289ff69e1a7,273195200,2026-08-25 00:00:00+00:00,0.00043817958100147444
gfw:73e89f518-8130-5fb2-3a27-565a8f45fb1b,73e89f518-8130-5fb2-3a27-565a8f45fb1b,273328440,2026-08-25 00:00:00+00:00,0.00043804530826520023
gfw:a3254db83-313e-1a62-7a2d-1c4a07820adc,a3254db83-313e-1a62-7a2d-1c4a07820adc,273449120,2026-08-25 00:00:00+00:00,0.00043747477592506046
gfw:01660fb4e-e3ce-ef7f-cf26-7abdd404d5f6,01660fb4e-e3ce-ef7f-cf26-7abdd404d5f6,677047600,2026-08-25 00:00:00+00:00,0.0004374543357626518
gfw:507b5e163-3af5-9144-854d-aa21e7cd1100,507b5e163-3af5-9144-854d-aa21e7cd1100,352002867,2026-08-25 00:00:00+00:00,0.0004372172358862937
gfw:ffd09cb50-0533-3f2c-753e-d0937d546cf3,ffd09cb50-0533-3f2c-753e-d0937d546cf3,273352510,2026-08-25 00:00:00+00:00,0.00043680846506372875
gfw:d40e2e538-8548-66eb-6bca-0c91219ec3b1,d40e2e538-8548-66eb-6bca-0c91219ec3b1,273540620,2026-08-25 00:00:00+00:00,0.0004367293746861093
gfw:fa2a14198-8b32-6cb4-f0f8-2073df8a5054,fa2a14198-8b32-6cb4-f0f8-2073df8a5054,273336420,2026-08-25 00:00:00+00:00,0.0004365071139276074
gfw:2960c6c22-26dd-e59e-c081-8dfeff3e18b0,2960c6c22-26dd-e59e-c081-8dfeff3e18b0,273292170,2026-08-25 00:00:00+00:00,0.00043616632583613654
gfw:b10efbced-dbae-156d-aa86-e05725debe76,b10efbced-dbae-156d-aa86-e05725debe76,273278190,2026-08-25 00:00:00+00:00,0.00043611521377055225
gfw:6484876f5-5c04-999b-5db8-1f61d98b99ac,6484876f5-5c04-999b-5db8-1f61d98b99ac,273318680,2026-08-25 00:00:00+00:00,0.0004358543388047618
gfw:7a8b4f40f-fa42-0773-b70a-04369c72cefd,7a8b4f40f-fa42-0773-b70a-04369c72cefd,273293760,2026-08-25 00:00:00+00:00,0.00043571131676148036
gfw:b82d56d92-267f-d85e-62b4-f359d6702789,b82d56d92-267f-d85e-62b4-f359d6702789,273448500,2026-08-25 00:00:00+00:00,0.00043555902638142316
gfw:33c05d4c9-9415-4a6c-8975-8bb03a8ed1b6,33c05d4c9-9415-4a6c-8975-8bb03a8ed1b6,273454420,2026-08-25 00:00:00+00:00,0.0004351423187874249
gfw:85a3a8226-632f-a79f-b2bd-0ee564cd1c37,85a3a8226-632f-a79f-b2bd-0ee564cd1c37,667002304,2026-08-25 00:00:00+00:00,0.0004350514759334572
gfw:2141fd716-69d9-8968-8171-552a539064c6,2141fd716-69d9-8968-8171-552a539064c6,273542210,2026-08-25 00:00:00+00:00,0.00043502040802622424
gfw:c8512fa7e-ef8b-595d-9484-48cf95f126b2,c8512fa7e-ef8b-595d-9484-48cf95f126b2,273256640,2026-08-25 00:00:00+00:00,0.00043496031034600564
gfw:28a04cfcd-d22e-5136-7602-fdb2b66e0694,28a04cfcd-d22e-5136-7602-fdb2b66e0694,667002284,2026-08-25 00:00:00+00:00,0.0004348685682561374
gfw:e284fbc45-5144-aa9d-b183-50afefd5e119,e284fbc45-5144-aa9d-b183-50afefd5e119,273315760,2026-08-25 00:00:00+00:00,0.0004348624952813643
gfw:bbb84a39c-c26f-e4a6-179d-32020cfbcce6,bbb84a39c-c26f-e4a6-179d-32020cfbcce6,273453710,2026-08-25 00:00:00+00:00,0.0004346304520471112
gfw:5140295a8-8cc6-9422-9f6b-7a8b98912492,5140295a8-8cc6-9422-9f6b-7a8b98912492,273617990,2026-08-25 00:00:00+00:00,0.00043462687719509463
gfw:68cecef12-20b5-634b-525c-ac11a87ce28a,68cecef12-20b5-634b-525c-ac11a87ce28a,538011974,2026-08-25 00:00:00+00:00,0.0004342127672857367
gfw:18d1a9d82-23d8-7ec0-2506-a145480ff153,18d1a9d82-23d8-7ec0-2506-a145480ff153,538010487,2026-08-25 00:00:00+00:00,0.0004338611954191776
gfw:f61e4340c-caed-cf06-4cf5-c740e5c34e1c,f61e4340c-caed-cf06-4cf5-c740e5c34e1c,241734000,2026-08-25 00:00:00+00:00,0.00043368207392585997
gfw:03b3ae79b-b065-a881-e51d-d8fc7b792c48,03b3ae79b-b065-a881-e51d-d8fc7b792c48,273212040,2026-08-25 00:00:00+00:00,0.00043362383682807093
gfw:07a4d28ff-f88b-edb5-c431-c20a65a35b22,07a4d28ff-f88b-edb5-c431-c20a65a35b22,273274250,2026-08-25 00:00:00+00:00,0.0004334827815876694
gfw:3558b1252-2d75-3cbf-4c64-709be3cd6285,3558b1252-2d75-3cbf-4c64-709be3cd6285,538002117,2026-08-25 00:00:00+00:00,0.0004334715026998023
gfw:037fe85e2-2e78-5f30-46e8-6f17dabf2f45,037fe85e2-2e78-5f30-46e8-6f17dabf2f45,431507000,2026-08-25 00:00:00+00:00,0.000433449738386659
gfw:d4396decf-fede-db5b-3e85-f39d751818c7,d4396decf-fede-db5b-3e85-f39d751818c7,273320710,2026-08-25 00:00:00+00:00,0.00043342906440174233
gfw:26eb4f026-6a69-7268-3e9c-4b0fdf928b62,26eb4f026-6a69-7268-3e9c-4b0fdf928b62,273332710,2026-08-25 00:00:00+00:00,0.0004334087891405009
gfw:1d61c3789-9511-3179-70ed-3dd4215471e5,1d61c3789-9511-3179-70ed-3dd4215471e5,273217730,2026-08-25 00:00:00+00:00,0.00043320914363315115
gfw:2d6dc6430-0222-0c64-ef13-78eaf2714f06,2d6dc6430-0222-0c64-ef13-78eaf2714f06,273267740,2026-08-25 00:00:00+00:00,0.0004324712229269796
gfw:eb94fc55c-c5fd-ca00-daf2-ee16d87a63d5,eb94fc55c-c5fd-ca00-daf2-ee16d87a63d5,273275850,2026-08-25 00:00:00+00:00,0.00043238691801323774
gfw:1e5cc47b1-1996-3bf7-a72e-ab05e4722492,1e5cc47b1-1996-3bf7-a72e-ab05e4722492,273450660,2026-08-25 00:00:00+00:00,0.0004323446281786266
gfw:c6286da99-96c2-6bde-6fbb-ca8a9af33ffb,c6286da99-96c2-6bde-6fbb-ca8a9af33ffb,667002310,2026-08-25 00:00:00+00:00,0.0004321799815179988
gfw:5c8353fa0-07f4-389f-7d8d-0c0a2067e454,5c8353fa0-07f4-389f-7d8d-0c0a2067e454,667002414,2026-08-25 00:00:00+00:00,0.0004321792441737797
gfw:9bacecc98-86ab-e3ba-5c77-f9eb791f8715,9bacecc98-86ab-e3ba-5c77-f9eb791f8715,273295230,2026-08-25 00:00:00+00:00,0.00043217632865754073
gfw:ed1d90079-939b-cea1-4c66-550b72c81310,ed1d90079-939b-cea1-4c66-550b72c81310,999900473,2026-08-25 00:00:00+00:00,0.00043148829754075365
gfw:aede199b6-6e7e-bd49-1ab7-edef43b85330,aede199b6-6e7e-bd49-1ab7-edef43b85330,273430960,2026-08-25 00:00:00+00:00,0.00043141296177241664
gfw:f52493e4a-a760-be8c-946e-e0213d797ab6,f52493e4a-a760-be8c-946e-e0213d797ab6,273610940,2026-08-25 00:00:00+00:00,0.00043138079505237293
gfw:6c70f01b1-12f3-674c-4b68-09fce2fa8b34,6c70f01b1-12f3-674c-4b68-09fce2fa8b34,273330920,2026-08-25 00:00:00+00:00,0.00043118649676021284
gfw:a9d3a7716-6a00-05e4-46af-3143e5a55b32,a9d3a7716-6a00-05e4-46af-3143e5a55b32,273548830,2026-08-25 00:00:00+00:00,0.000430747518500624
gfw:83d5d3486-6373-d7b2-8715-d67ce1f3cf90,83d5d3486-6373-d7b2-8715-d67ce1f3cf90,312047000,2026-08-25 00:00:00+00:00,0.00043068228079912543
gfw:5d46e3279-982f-0737-589f-f239f764f297,5d46e3279-982f-0737-589f-f239f764f297,273348500,2026-08-25 00:00:00+00:00,0.0004299584316658394
gfw:65c75a8c2-2cfb-4879-55f6-f6eaf9a57b17,65c75a8c2-2cfb-4879-55f6-f6eaf9a57b17,273451600,2026-08-25 00:00:00+00:00,0.0004299120574515779
gfw:076f4b43f-f29a-3a4a-ddcb-75403f48682c,076f4b43f-f29a-3a4a-ddcb-75403f48682c,273276140,2026-08-25 00:00:00+00:00,0.0004298064464393263
gfw:5b7997552-206a-5d25-d2bd-2c04e35032c7,5b7997552-206a-5d25-d2bd-2c04e35032c7,273315680,2026-08-25 00:00:00+00:00,0.0004293341926886336
gfw:fdd020b40-0f5b-4b18-cd8b-9b0050d5825a,fdd020b40-0f5b-4b18-cd8b-9b0050d5825a,273361130,2026-08-25 00:00:00+00:00,0.00042890216505712324
gfw:f02515a56-60b0-b64a-b9f3-63e9cbde1d0a,f02515a56-60b0-b64a-b9f3-63e9cbde1d0a,273454490,2026-08-25 00:00:00+00:00,0.0004286534492736191
gfw:904cc92f8-82a5-e954-52b4-2d4f8de96a34,904cc92f8-82a5-e954-52b4-2d4f8de96a34,273274990,2026-08-25 00:00:00+00:00,0.00042865322154830697
gfw:4b2ec4f0e-e20c-7e44-f1f7-40a0f898c836,4b2ec4f0e-e20c-7e44-f1f7-40a0f898c836,370731000,2026-08-25 00:00:00+00:00,0.0004286266794675997
gfw:9ea387f70-07d5-ffa2-3d75-d764f9f7a9d6,9ea387f70-07d5-ffa2-3d75-d764f9f7a9d6,273265590,2026-08-25 00:00:00+00:00,0.0004283473386752508
gfw:0b6bf8924-437e-82a2-6be7-ae44b45b53c0,0b6bf8924-437e-82a2-6be7-ae44b45b53c0,631010105,2026-08-25 00:00:00+00:00,0.0004282280219922755
gfw:f2c8e8bb9-92a7-2b2d-f95b-66fdcd22de01,f2c8e8bb9-92a7-2b2d-f95b-66fdcd22de01,273437070,2026-08-25 00:00:00+00:00,0.00042687573670334433
gfw:6f988a67c-cb76-3702-4ca8-940c23006e43,6f988a67c-cb76-3702-4ca8-940c23006e43,273271530,2026-08-25 00:00:00+00:00,0.0004263961022091726
gfw:5e8eda993-3381-5b4d-927d-8a364dfed0ae,5e8eda993-3381-5b4d-927d-8a364dfed0ae,999900425,2026-08-25 00:00:00+00:00,0.0004260371278110052
gfw:7a4887231-166c-b213-5e49-6273a72c1dfa,7a4887231-166c-b213-5e49-6273a72c1dfa,352004292,2026-08-25 00:00:00+00:00,0.0004259418109243777
gfw:87afcba5c-c988-92c7-ba3c-6740d20f2c00,87afcba5c-c988-92c7-ba3c-6740d20f2c00,273341350,2026-08-25 00:00:00+00:00,0.00042592671903724037
gfw:2367e9904-4728-1241-54ed-9deb796e59c1,2367e9904-4728-1241-54ed-9deb796e59c1,273358360,2026-08-25 00:00:00+00:00,0.0004257467816336313
gfw:e27dba440-0b8e-8e18-8ce3-d8b95420108a,e27dba440-0b8e-8e18-8ce3-d8b95420108a,273334320,2026-08-25 00:00:00+00:00,0.00042552034929009883
gfw:3732c7525-58dc-5476-8652-b7c40375d56e,3732c7525-58dc-5476-8652-b7c40375d56e,273399540,2026-08-25 00:00:00+00:00,0.0004249427619453893
gfw:f44f0a04f-f9b5-0ee1-5f19-c7900c5bf4e9,f44f0a04f-f9b5-0ee1-5f19-c7900c5bf4e9,999900519,2026-08-25 00:00:00+00:00,0.0004247474858072259
gfw:1af7c51df-f156-d49e-8757-6fcc08025e06,1af7c51df-f156-d49e-8757-6fcc08025e06,273547820,2026-08-25 00:00:00+00:00,0.0004245800902287554
gfw:f6c12e37c-c4b0-013c-310c-a77724cc2c4e,f6c12e37c-c4b0-013c-310c-a77724cc2c4e,273425820,2026-08-25 00:00:00+00:00,0.0004242817733943191
gfw:7a5a1ce3f-f43d-213d-b9ad-5a69458ada85,7a5a1ce3f-f43d-213d-b9ad-5a69458ada85,257520000,2026-08-25 00:00:00+00:00,0.0004242551786350275
gfw:4214e5e86-6470-aad7-77f6-f2c9fbf375ea,4214e5e86-6470-aad7-77f6-f2c9fbf375ea,273257110,2026-08-25 00:00:00+00:00,0.00042408390790646795
gfw:b6e9c4c00-06bf-0a71-1216-84c261482bb4,b6e9c4c00-06bf-0a71-1216-84c261482bb4,273333420,2026-08-25 00:00:00+00:00,0.00042371703583519863
gfw:028d176df-f222-71a2-ab6b-d2b2a1f0a8e2,028d176df-f222-71a2-ab6b-d2b2a1f0a8e2,273381420,2026-08-25 00:00:00+00:00,0.000423706627623411
gfw:25ad13e23-3a33-d21e-7aac-b137ba0d0387,25ad13e23-3a33-d21e-7aac-b137ba0d0387,273355860,2026-08-25 00:00:00+00:00,0.00042357110404525107
gfw:4d9930e7b-b212-0c3b-e183-2bd7a6982bb1,4d9930e7b-b212-0c3b-e183-2bd7a6982bb1,273388120,2026-08-25 00:00:00+00:00,0.00042318285754819855
gfw:1a7dcfce5-5075-e7c9-a073-58e759b3065c,1a7dcfce5-5075-e7c9-a073-58e759b3065c,273440950,2026-08-25 00:00:00+00:00,0.0004227705152676086
gfw:aa2bbae02-20c7-fafa-2090-047a753005a9,aa2bbae02-20c7-fafa-2090-047a753005a9,273396370,2026-08-25 00:00:00+00:00,0.0004222362575087479
gfw:6ae6713b8-8300-238c-ac76-c38bd7bf6225,6ae6713b8-8300-238c-ac76-c38bd7bf6225,273351150,2026-08-25 00:00:00+00:00,0.0004220139302027429
gfw:dff07d11f-f992-b31e-c518-7d208e3ef6fe,dff07d11f-f992-b31e-c518-7d208e3ef6fe,273262430,2026-08-25 00:00:00+00:00,0.00042156011610175676
gfw:ce394c2e1-1115-3cba-e2a3-0252c8998145,ce394c2e1-1115-3cba-e2a3-0252c8998145,273128010,2026-08-25 00:00:00+00:00,0.0004211683332580554
gfw:8c2bc0e75-566d-6308-9743-743c624a463c,8c2bc0e75-566d-6308-9743-743c624a463c,273318570,2026-08-25 00:00:00+00:00,0.00042052844599011835
gfw:c0d46d4fc-c08a-a312-dd47-d34ed1c2db29,c0d46d4fc-c08a-a312-dd47-d34ed1c2db29,273614900,2026-08-25 00:00:00+00:00,0.0004204956026933071
gfw:126433b1d-dc36-f55e-18f7-1c68638c59e1,126433b1d-dc36-f55e-18f7-1c68638c59e1,273355760,2026-08-25 00:00:00+00:00,0.0004199731759468145
gfw:f0bb845cc-cefe-163a-a958-4042057c5e37,f0bb845cc-cefe-163a-a958-4042057c5e37,273378910,2026-08-25 00:00:00+00:00,0.00041940080127001096
gfw:9540b07ec-c422-b3c3-cb74-102dbb00d6fb,9540b07ec-c422-b3c3-cb74-102dbb00d6fb,273350750,2026-08-25 00:00:00+00:00,0.0004192132208116622
gfw:b9b53d097-7668-f7ab-335e-64598c74980e,b9b53d097-7668-f7ab-335e-64598c74980e,273379910,2026-08-25 00:00:00+00:00,0.00041896287794061766
gfw:4bd396fab-b31d-51c4-0c2c-83d5d194f4a6,4bd396fab-b31d-51c4-0c2c-83d5d194f4a6,273319680,2026-08-25 00:00:00+00:00,0.0004189526467536513
gfw:b29f21f6f-fe8b-1d99-22f3-25da8dd8299e,b29f21f6f-fe8b-1d99-22f3-25da8dd8299e,273455550,2026-08-25 00:00:00+00:00,0.00041884624075953867
gfw:779082a1d-d563-c797-dae6-9d1d4c9fd8af,779082a1d-d563-c797-dae6-9d1d4c9fd8af,352003578,2026-08-25 00:00:00+00:00,0.0004187603138062688
gfw:955274410-04ec-16b8-ac09-d0b596992cb7,955274410-04ec-16b8-ac09-d0b596992cb7,273143900,2026-08-25 00:00:00+00:00,0.0004186671794244391
gfw:44ba6187e-eb77-69ed-9817-7b16c3039301,44ba6187e-eb77-69ed-9817-7b16c3039301,273347520,2026-08-25 00:00:00+00:00,0.0004184600191831414
gfw:fc9a380de-e1c8-467d-4299-ed96dc43c74a,fc9a380de-e1c8-467d-4299-ed96dc43c74a,273398300,2026-08-25 00:00:00+00:00,0.00041845857008052383
gfw:380223e54-4231-46da-7873-076c2d20fd4b,380223e54-4231-46da-7873-076c2d20fd4b,273137700,2026-08-25 00:00:00+00:00,0.00041832878214334964
gfw:b08e6002a-a494-7295-e195-78059248115b,b08e6002a-a494-7295-e195-78059248115b,273349020,2026-08-25 00:00:00+00:00,0.000418037849611398
gfw:ff9a2c4d4-4889-cbb2-c90f-dde741f61710,ff9a2c4d4-4889-cbb2-c90f-dde741f61710,273543820,2026-08-25 00:00:00+00:00,0.00041773976679275416
gfw:5177da36e-e3d4-a627-a99e-f87fe7d76f10,5177da36e-e3d4-a627-a99e-f87fe7d76f10,273328800,2026-08-25 00:00:00+00:00,0.0004173405185086295
gfw:56b8a4cc9-9858-f942-ab86-b2be6ecd53e4,56b8a4cc9-9858-f942-ab86-b2be6ecd53e4,273349590,2026-08-25 00:00:00+00:00,0.00041731711161732313
gfw:2f01bec10-0d91-d64f-a608-e94345575383,2f01bec10-0d91-d64f-a608-e94345575383,273348430,2026-08-25 00:00:00+00:00,0.00041729197978546145
gfw:7b1b2c491-16d7-3aba-bbec-01d35663a35d,7b1b2c491-16d7-3aba-bbec-01d35663a35d,518100025,2026-08-25 00:00:00+00:00,0.0004165557003062478
gfw:94941c9dc-cff1-339d-9e05-bd9f3a7c47a3,94941c9dc-cff1-339d-9e05-bd9f3a7c47a3,273257180,2026-08-25 00:00:00+00:00,0.00041616703706976935
gfw:0c3aa19bb-ba09-e651-b7f7-9270d2ef8c43,0c3aa19bb-ba09-e651-b7f7-9270d2ef8c43,273327220,2026-08-25 00:00:00+00:00,0.0004154435954804011
gfw:6b5959d4e-e99c-b531-120e-daad8b455050,6b5959d4e-e99c-b531-120e-daad8b455050,273443410,2026-08-25 00:00:00+00:00,0.0004154420066354964
gfw:b8a52cdcf-fe16-dbf2-b435-870a364d0900,b8a52cdcf-fe16-dbf2-b435-870a364d0900,273215360,2026-08-25 00:00:00+00:00,0.00041530900848368873
gfw:35c64b1bf-f495-4437-2348-362c921520c8,35c64b1bf-f495-4437-2348-362c921520c8,273388040,2026-08-25 00:00:00+00:00,0.00041467555946731084
gfw:072f1ebc9-98c0-df84-ef44-cfd0705c9d66,072f1ebc9-98c0-df84-ef44-cfd0705c9d66,273314060,2026-08-25 00:00:00+00:00,0.00041438358974058275
gfw:042170ae4-4a76-ee7b-13f5-b7b6b90a2fa9,042170ae4-4a76-ee7b-13f5-b7b6b90a2fa9,273346140,2026-08-25 00:00:00+00:00,0.00041414789938414904
gfw:e26da0695-56f1-c0d1-196e-af8726bad385,e26da0695-56f1-c0d1-196e-af8726bad385,273358630,2026-08-25 00:00:00+00:00,0.0004134042197540069
gfw:cc6d21a87-76be-e841-8365-68799d7296f8,cc6d21a87-76be-e841-8365-68799d7296f8,413380140,2026-08-25 00:00:00+00:00,0.00041298144876955123
gfw:9364093bb-b231-46a4-03a1-2b2b7cf5510a,9364093bb-b231-46a4-03a1-2b2b7cf5510a,273455130,2026-08-25 00:00:00+00:00,0.00041297227911161447
gfw:6dcdaf6ce-e89e-3136-8e4b-fc18905d0838,6dcdaf6ce-e89e-3136-8e4b-fc18905d0838,999900459,2026-08-25 00:00:00+00:00,0.00041245421285729145
gfw:4e07aba68-8813-a0fc-5992-318fb9e44628,4e07aba68-8813-a0fc-5992-318fb9e44628,273317680,2026-08-25 00:00:00+00:00,0.00041188639823124576
gfw:7507bc044-4347-4f5d-ac3c-42568f855c2f,7507bc044-4347-4f5d-ac3c-42568f855c2f,273295960,2026-08-25 00:00:00+00:00,0.00041125684543175757
gfw:e4723396f-f737-1ede-5f6f-144e3dec85a9,e4723396f-f737-1ede-5f6f-144e3dec85a9,273212850,2026-08-25 00:00:00+00:00,0.0004111752068077595
gfw:7e74f559a-a4ae-288b-9c3a-2c435a0e71aa,7e74f559a-a4ae-288b-9c3a-2c435a0e71aa,273321740,2026-08-25 00:00:00+00:00,0.0004106816747511404
gfw:52d1cdcce-effa-1245-a9ed-186485b2dca2,52d1cdcce-effa-1245-a9ed-186485b2dca2,273311770,2026-08-25 00:00:00+00:00,0.00041058882237110555
gfw:dffc2d9a2-251c-0ee6-bf9c-aa7b281a594a,dffc2d9a2-251c-0ee6-bf9c-aa7b281a594a,273323610,2026-08-25 00:00:00+00:00,0.0004105267667529753
gfw:141d96018-8107-af19-da19-1d2cba8591c0,141d96018-8107-af19-da19-1d2cba8591c0,273459220,2026-08-25 00:00:00+00:00,0.00041019398993176427
gfw:4fda278d9-9ca1-cc31-0455-6bbca3763ed0,4fda278d9-9ca1-cc31-0455-6bbca3763ed0,273341630,2026-08-25 00:00:00+00:00,0.0004100362690960989
gfw:8cdfe038d-d56a-380e-3134-66d7c998fa7f,8cdfe038d-d56a-380e-3134-66d7c998fa7f,273339430,2026-08-25 00:00:00+00:00,0.00040970999497038615
gfw:888bea367-770f-a49f-eadc-8b96990a2886,888bea367-770f-a49f-eadc-8b96990a2886,273332180,2026-08-25 00:00:00+00:00,0.0004095288117721654
gfw:2020b6286-67df-a2d4-f3c8-6ac5ec124601,2020b6286-67df-a2d4-f3c8-6ac5ec124601,273610840,2026-08-25 00:00:00+00:00,0.00040910517543739323
gfw:366345d3d-dd94-f745-938c-96dd237b1798,366345d3d-dd94-f745-938c-96dd237b1798,273390940,2026-08-25 00:00:00+00:00,0.00040893315637172833
gfw:5cc8b690e-e02d-382f-36db-228391f735d6,5cc8b690e-e02d-382f-36db-228391f735d6,273323310,2026-08-25 00:00:00+00:00,0.0004085860139750661
gfw:a46a4e9b7-790d-1ec2-adc1-c65274944040,a46a4e9b7-790d-1ec2-adc1-c65274944040,273254960,2026-08-25 00:00:00+00:00,0.00040853061335644793
gfw:832775772-29ba-fdd7-bf01-9aa07d718b65,832775772-29ba-fdd7-bf01-9aa07d718b65,352001696,2026-08-25 00:00:00+00:00,0.0004085288589974223
gfw:1dc7dccde-e829-e708-d5ce-36e93fee94aa,1dc7dccde-e829-e708-d5ce-36e93fee94aa,273356170,2026-08-25 00:00:00+00:00,0.00040850798487277693
gfw:2f7c85d5d-d5f6-b0d2-24fd-bf02d63bb1e4,2f7c85d5d-d5f6-b0d2-24fd-bf02d63bb1e4,268255403,2026-08-25 00:00:00+00:00,0.00040831904336077404
gfw:8a74c7c63-319c-e6ed-c27f-1e70ad37b4e4,8a74c7c63-319c-e6ed-c27f-1e70ad37b4e4,273343050,2026-08-25 00:00:00+00:00,0.000408039638302616
gfw:67b0d551c-c3f9-ac98-1942-affff2300240,67b0d551c-c3f9-ac98-1942-affff2300240,273430680,2026-08-25 00:00:00+00:00,0.00040780697942841004
gfw:d9ed9e668-8da6-3157-30af-30e0d399c5ce,d9ed9e668-8da6-3157-30af-30e0d399c5ce,273415350,2026-08-25 00:00:00+00:00,0.0004072921670661735
gfw:d00878cdb-b20b-8041-f42e-62997bb05ade,d00878cdb-b20b-8041-f42e-62997bb05ade,273257430,2026-08-25 00:00:00+00:00,0.0004071505274859703
gfw:b6af451f1-1849-fd50-077e-04ec2bdc81af,b6af451f1-1849-fd50-077e-04ec2bdc81af,273357150,2026-08-25 00:00:00+00:00,0.00040681401126739205
gfw:f869f2534-4e77-194e-e104-cae64de88206,f869f2534-4e77-194e-e104-cae64de88206,273368850,2026-08-25 00:00:00+00:00,0.0004063600900672294
gfw:3008060d8-885c-518f-94e5-66ef3a9660eb,3008060d8-885c-518f-94e5-66ef3a9660eb,273445280,2026-08-25 00:00:00+00:00,0.000406300664939216
gfw:eed02333e-e4b5-ecaf-02a0-ab19c5d92965,eed02333e-e4b5-ecaf-02a0-ab19c5d92965,273449460,2026-08-25 00:00:00+00:00,0.00040563517741302974
gfw:146055caf-f044-2632-1f46-fef388216f19,146055caf-f044-2632-1f46-fef388216f19,9144111,2026-08-25 00:00:00+00:00,0.0004047058242424788
gfw:925364ef4-49fa-628b-4c98-1f446a1774d2,925364ef4-49fa-628b-4c98-1f446a1774d2,273369090,2026-08-25 00:00:00+00:00,0.0004044996876715552
gfw:db4c38e6f-f66d-10a5-a5cf-45100c256434,db4c38e6f-f66d-10a5-a5cf-45100c256434,273339460,2026-08-25 00:00:00+00:00,0.00040422427783245253
gfw:e005aa55d-d714-c59a-eceb-5d6dd31b6c05,e005aa55d-d714-c59a-eceb-5d6dd31b6c05,273358270,2026-08-25 00:00:00+00:00,0.00040381690634076387
gfw:1df96d70b-b9c6-6d82-194d-3decc22a93d7,1df96d70b-b9c6-6d82-194d-3decc22a93d7,273361450,2026-08-25 00:00:00+00:00,0.0004034908073201132
gfw:b6b74510e-ed3c-7464-ac19-a5c131b09cb1,b6b74510e-ed3c-7464-ac19-a5c131b09cb1,273259730,2026-08-25 00:00:00+00:00,0.000403194779682751
gfw:32a7d31f9-942b-7b35-0ac9-27c741101106,32a7d31f9-942b-7b35-0ac9-27c741101106,273332640,2026-08-25 00:00:00+00:00,0.0004025218204163894
gfw:e466aaa25-5b45-c2da-0170-cf94182b4a6c,e466aaa25-5b45-c2da-0170-cf94182b4a6c,273255220,2026-08-25 00:00:00+00:00,0.0004018843260213034
gfw:85aca3d12-20fc-0d59-d96d-38c728ac9468,85aca3d12-20fc-0d59-d96d-38c728ac9468,273354010,2026-08-25 00:00:00+00:00,0.0004016360976798672
gfw:7618a29c8-80a2-27ed-a579-6257f1e212b0,7618a29c8-80a2-27ed-a579-6257f1e212b0,273364670,2026-08-25 00:00:00+00:00,0.00040075837335657697
gfw:797a86a06-6690-6067-5528-f4bdf53e7b2b,797a86a06-6690-6067-5528-f4bdf53e7b2b,273277010,2026-08-25 00:00:00+00:00,0.0004006340511569007
gfw:c512af5a2-2262-819e-f9ff-fa61290fe9b0,c512af5a2-2262-819e-f9ff-fa61290fe9b0,273255260,2026-08-25 00:00:00+00:00,0.00040049266911696405
gfw:04673e0f2-236e-b7b2-1a65-67ec86f00970,04673e0f2-236e-b7b2-1a65-67ec86f00970,273386330,2026-08-25 00:00:00+00:00,0.00040044271317033034
gfw:4d12815f9-983e-4dca-c1ad-898df0aebd99,4d12815f9-983e-4dca-c1ad-898df0aebd99,273350420,2026-08-25 00:00:00+00:00,0.00040031887829358016
gfw:3c08a734c-c3c7-e258-784f-7b7d24b2b709,3c08a734c-c3c7-e258-784f-7b7d24b2b709,273333630,2026-08-25 00:00:00+00:00,0.0004001325596916725
gfw:122b37122-26fc-af21-cd9c-eb4c9fdcecc3,122b37122-26fc-af21-cd9c-eb4c9fdcecc3,613541500,2026-08-25 00:00:00+00:00,0.0003998162313873391
gfw:d5245e62b-b1c7-f866-ca91-699f28a86664,d5245e62b-b1c7-f866-ca91-699f28a86664,667001258,2026-08-25 00:00:00+00:00,0.0003975833772046599
gfw:255a69c66-6993-cb8f-a114-b3fe303e1e62,255a69c66-6993-cb8f-a114-b3fe303e1e62,273292430,2026-08-25 00:00:00+00:00,0.0003973716470125921
gfw:8be800467-7705-5751-6ad8-35dfcabf852c,8be800467-7705-5751-6ad8-35dfcabf852c,273123220,2026-08-25 00:00:00+00:00,0.00039726498552798765
gfw:174eb3ff6-6e4f-27a4-281d-90fd3ea0bd6f,174eb3ff6-6e4f-27a4-281d-90fd3ea0bd6f,273448270,2026-08-25 00:00:00+00:00,0.0003952038335481558
gfw:b0a530d95-5a45-2565-1f43-78894674b310,b0a530d95-5a45-2565-1f43-78894674b310,273259220,2026-08-25 00:00:00+00:00,0.00039502245534779444
gfw:fca17aa1f-f751-6868-ae91-4a29572e6a67,fca17aa1f-f751-6868-ae91-4a29572e6a67,273332420,2026-08-25 00:00:00+00:00,0.0003948940856454396
gfw:4958d24c0-02c4-e6b0-4c45-bc67e486033a,4958d24c0-02c4-e6b0-4c45-bc67e486033a,273843820,2026-08-25 00:00:00+00:00,0.00039388796263695007
gfw:98fd51a2b-b00c-ef4a-2150-9868e29b95f4,98fd51a2b-b00c-ef4a-2150-9868e29b95f4,273439190,2026-08-25 00:00:00+00:00,0.0003938159542378619
gfw:3639cb456-670e-7fea-f80a-5397b5187228,3639cb456-670e-7fea-f80a-5397b5187228,273449670,2026-08-25 00:00:00+00:00,0.0003929814078947171
gfw:c996753d5-5395-100c-b4b7-c9a96cdef5e8,c996753d5-5395-100c-b4b7-c9a96cdef5e8,268231301,2026-08-25 00:00:00+00:00,0.00039089314154279025
gfw:bf1493e7e-e11c-0340-57d6-92ed0aff2f18,bf1493e7e-e11c-0340-57d6-92ed0aff2f18,273336230,2026-08-25 00:00:00+00:00,0.00039038677091119035
gfw:5e8e7f96b-b227-8627-ee19-0831d22012e5,5e8e7f96b-b227-8627-ee19-0831d22012e5,273385330,2026-08-25 00:00:00+00:00,0.00039022543132058934
gfw:95bdb26c6-614b-9e62-329b-a90717e7d5af,95bdb26c6-614b-9e62-329b-a90717e7d5af,273439530,2026-08-25 00:00:00+00:00,0.00038987760855897655
gfw:a1649e739-9b3e-ec7e-ec43-ea18dd214647,a1649e739-9b3e-ec7e-ec43-ea18dd214647,273331130,2026-08-25 00:00:00+00:00,0.00038987456443987837
gfw:65d400777-7caf-e890-2325-e128d5cff646,65d400777-7caf-e890-2325-e128d5cff646,273256130,2026-08-25 00:00:00+00:00,0.0003885970490888746
gfw:6c032d03a-a54a-3792-95dd-a3c8e4366275,6c032d03a-a54a-3792-95dd-a3c8e4366275,273350900,2026-08-25 00:00:00+00:00,0.0003881970102484892
gfw:04010222e-ee77-4fe6-90ac-f57f7a245d30,04010222e-ee77-4fe6-90ac-f57f7a245d30,413279560,2026-08-25 00:00:00+00:00,0.0003881261817634981
gfw:547347604-4a22-7b05-e194-57955d03b7b4,547347604-4a22-7b05-e194-57955d03b7b4,273915100,2026-08-25 00:00:00+00:00,0.0003878402306130054
gfw:e7d288004-4035-0057-dc7c-5b8fe53be1de,e7d288004-4035-0057-dc7c-5b8fe53be1de,273543930,2026-08-25 00:00:00+00:00,0.00038762848724935837
gfw:01bcd2bdb-b633-2017-6802-90b42ee8510f,01bcd2bdb-b633-2017-6802-90b42ee8510f,273371330,2026-08-25 00:00:00+00:00,0.00038754001578714115
gfw:2bfa53d70-0b23-73b7-1691-098a905f7438,2bfa53d70-0b23-73b7-1691-098a905f7438,273354420,2026-08-25 00:00:00+00:00,0.0003871603174947283
gfw:ba9731b7c-c5ed-fea2-1418-470f64fc0774,ba9731b7c-c5ed-fea2-1418-470f64fc0774,273433260,2026-08-25 00:00:00+00:00,0.00038637429452654577
gfw:acf155104-4e84-9f66-c8f9-87c7389ad7ca,acf155104-4e84-9f66-c8f9-87c7389ad7ca,273261610,2026-08-25 00:00:00+00:00,0.00038610283095443887
gfw:63ac5cc10-0eff-de09-693c-6ef6e2c0cb7d,63ac5cc10-0eff-de09-693c-6ef6e2c0cb7d,273273150,2026-08-25 00:00:00+00:00,0.0003860986258160241
gfw:7f80f926b-b9a9-8de6-bfb1-85f56486f40d,7f80f926b-b9a9-8de6-bfb1-85f56486f40d,273269520,2026-08-25 00:00:00+00:00,0.0003856256237066015
gfw:4d49711be-e60f-a691-608e-5762a96db324,4d49711be-e60f-a691-608e-5762a96db324,273263540,2026-08-25 00:00:00+00:00,0.00038504454893990614
gfw:f1d4c47c8-8006-24ff-5d1e-b63a541bf319,f1d4c47c8-8006-24ff-5d1e-b63a541bf319,273358130,2026-08-25 00:00:00+00:00,0.0003846628428823082
gfw:82d00a9c3-348d-f4a0-b6af-17a780e3a4cb,82d00a9c3-348d-f4a0-b6af-17a780e3a4cb,273328800,2026-08-25 00:00:00+00:00,0.00038350964165837306
gfw:2762012c7-766b-2978-20ab-95e28a05a73f,2762012c7-766b-2978-20ab-95e28a05a73f,273396640,2026-08-25 00:00:00+00:00,0.0003832527590481699
gfw:8c00734f4-475f-60ca-a8cb-50937a853e6c,8c00734f4-475f-60ca-a8cb-50937a853e6c,273356180,2026-08-25 00:00:00+00:00,0.00038298324210932954
gfw:ab1053e47-7b17-bd37-7e65-d2228820ac6d,ab1053e47-7b17-bd37-7e65-d2228820ac6d,273424720,2026-08-25 00:00:00+00:00,0.00038274324790023116
gfw:2d4a95eaf-fb8d-964a-311b-537ea1eda7a3,2d4a95eaf-fb8d-964a-311b-537ea1eda7a3,273328280,2026-08-25 00:00:00+00:00,0.00038220125728867494
gfw:5c571b82f-fce6-6c24-a28c-f48c09a90b55,5c571b82f-fce6-6c24-a28c-f48c09a90b55,273441630,2026-08-25 00:00:00+00:00,0.000382155838223512
gfw:4b49bc536-6a74-dc45-2d3a-a0f35271c019,4b49bc536-6a74-dc45-2d3a-a0f35271c019,374357000,2026-08-25 00:00:00+00:00,0.00038165466297102046
gfw:83428805a-ac01-b5c1-0d3a-0e16a4d9db8e,83428805a-ac01-b5c1-0d3a-0e16a4d9db8e,858600224,2026-08-25 00:00:00+00:00,0.0003813802480181984
gfw:2a9808ea3-3c71-839f-4423-6e4964e34bd1,2a9808ea3-3c71-839f-4423-6e4964e34bd1,273389140,2026-08-25 00:00:00+00:00,0.000380963949415905
gfw:ba7d85ff8-80f0-bac8-f721-a04fafaae507,ba7d85ff8-80f0-bac8-f721-a04fafaae507,305643000,2026-08-25 00:00:00+00:00,0.00038090765034218347
gfw:c8e845a75-5cd6-f4e5-b98e-6e46d7364790,c8e845a75-5cd6-f4e5-b98e-6e46d7364790,273263530,2026-08-25 00:00:00+00:00,0.0003797988871882826
gfw:1a34f0dc6-65b3-ff93-e435-8b7cf7e93f94,1a34f0dc6-65b3-ff93-e435-8b7cf7e93f94,273439580,2026-08-25 00:00:00+00:00,0.00037828185062290285
gfw:83378812f-f935-6e9a-676b-3667184b6b24,83378812f-f935-6e9a-676b-3667184b6b24,273369330,2026-08-25 00:00:00+00:00,0.000377058300399715
gfw:29c04e93d-dcc6-7053-664b-7afbca06327a,29c04e93d-dcc6-7053-664b-7afbca06327a,273397140,2026-08-25 00:00:00+00:00,0.000376089444462396
gfw:f6126afa6-64bb-579b-c6ba-50d5ed45c52f,f6126afa6-64bb-579b-c6ba-50d5ed45c52f,273363280,2026-08-25 00:00:00+00:00,0.0003758861221924061
gfw:f042798b5-52af-20d4-fc0e-c821a84d4a20,f042798b5-52af-20d4-fc0e-c821a84d4a20,273442660,2026-08-25 00:00:00+00:00,0.0003737273193605303
gfw:b13f1336f-ff7b-b3d6-c6b2-b18a34447bcd,b13f1336f-ff7b-b3d6-c6b2-b18a34447bcd,273425090,2026-08-25 00:00:00+00:00,0.00037349413676780323
gfw:636a83801-1f88-6059-bb20-829b6fcdfadb,636a83801-1f88-6059-bb20-829b6fcdfadb,273381170,2026-08-25 00:00:00+00:00,0.00037342329396508676
gfw:c9cddea00-0b4c-fa4a-5373-3166b3c6b836,c9cddea00-0b4c-fa4a-5373-3166b3c6b836,273265430,2026-08-25 00:00:00+00:00,0.0003733523138665066
gfw:9b8da6779-9d81-5d1b-75c6-376e9f7bd459,9b8da6779-9d81-5d1b-75c6-376e9f7bd459,273430100,2026-08-25 00:00:00+00:00,0.000372962208047894
gfw:fa0cb00cc-c07b-4437-e1ac-9389902e3520,fa0cb00cc-c07b-4437-e1ac-9389902e3520,273318420,2026-08-25 00:00:00+00:00,0.00037267293685210766
gfw:ca2197bda-a3f3-ca22-6693-4ec47afed94b,ca2197bda-a3f3-ca22-6693-4ec47afed94b,273420500,2026-08-25 00:00:00+00:00,0.00037127107676693645
gfw:82cb2df7c-ce5f-bf19-2a4b-8cf59054c9fc,82cb2df7c-ce5f-bf19-2a4b-8cf59054c9fc,273314450,2026-08-25 00:00:00+00:00,0.00037038059428052216
gfw:c645a9bb8-81a0-b341-ee1f-cd616cd0024e,c645a9bb8-81a0-b341-ee1f-cd616cd0024e,273614190,2026-08-25 00:00:00+00:00,0.0003692244140272899
gfw:0d964b4f6-66c7-3ce3-2b79-6915e7dc6ae1,0d964b4f6-66c7-3ce3-2b79-6915e7dc6ae1,273343920,2026-08-25 00:00:00+00:00,0.0003691007234598341
gfw:f4daf890c-c7aa-a4b0-0034-efb7b6e40458,f4daf890c-c7aa-a4b0-0034-efb7b6e40458,273453930,2026-08-25 00:00:00+00:00,0.0003685632788479586
gfw:8216abbfe-e251-f74f-90f2-5dcad81498d6,8216abbfe-e251-f74f-90f2-5dcad81498d6,273355410,2026-08-25 00:00:00+00:00,0.0003684190709475259
gfw:ce10c263a-afbf-fbe8-4596-91243b2f0994,ce10c263a-afbf-fbe8-4596-91243b2f0994,273278790,2026-08-25 00:00:00+00:00,0.0003680381133110262
gfw:bb1447852-2556-748e-e192-b31c9657559c,bb1447852-2556-748e-e192-b31c9657559c,273291710,2026-08-25 00:00:00+00:00,0.00036770388033753257
gfw:d28f9aeb9-901e-e5dc-905e-dcf15e58832b,d28f9aeb9-901e-e5dc-905e-dcf15e58832b,273425030,2026-08-25 00:00:00+00:00,0.00036715823909560163
gfw:1a6e46800-0228-98f5-b24a-033dccfd8557,1a6e46800-0228-98f5-b24a-033dccfd8557,273333290,2026-08-25 00:00:00+00:00,0.0003670349067590732
gfw:2a5b461f9-96f9-e974-8f6f-24a07c5552af,2a5b461f9-96f9-e974-8f6f-24a07c5552af,273380660,2026-08-25 00:00:00+00:00,0.00036625736592461547
gfw:1efb62579-936a-7fda-9b2a-98a45750e6e3,1efb62579-936a-7fda-9b2a-98a45750e6e3,273298390,2026-08-25 00:00:00+00:00,0.0003650864621982883
gfw:95212f2a8-8e5e-53ff-f003-e769503ac8f2,95212f2a8-8e5e-53ff-f003-e769503ac8f2,273617640,2026-08-25 00:00:00+00:00,0.00036477871170493794
gfw:6058621b4-4bb4-62d7-26bf-3fc496ab7728,6058621b4-4bb4-62d7-26bf-3fc496ab7728,273439420,2026-08-25 00:00:00+00:00,0.0003647358707399802
gfw:e567c650f-f561-3e22-3763-9111876385b4,e567c650f-f561-3e22-3763-9111876385b4,273610970,2026-08-25 00:00:00+00:00,0.0003643386873014639
gfw:67cebea64-44de-cb3b-068b-006de110895d,67cebea64-44de-cb3b-068b-006de110895d,273395560,2026-08-25 00:00:00+00:00,0.00036324173762912406
gfw:357d6cede-e7e4-538f-55a7-db090c09cf34,357d6cede-e7e4-538f-55a7-db090c09cf34,273273250,2026-08-25 00:00:00+00:00,0.00036144081538218054
gfw:76bbd1369-9848-36d2-7737-ec4e4de07528,76bbd1369-9848-36d2-7737-ec4e4de07528,273327960,2026-08-25 00:00:00+00:00,0.00036102950558735666
gfw:7ef4d4bcb-b87c-3f1c-eace-59fd7e9cb99d,7ef4d4bcb-b87c-3f1c-eace-59fd7e9cb99d,273295410,2026-08-25 00:00:00+00:00,0.0003593349006421126
gfw:00f2d9528-8af7-aa9c-6366-a81ff6800162,00f2d9528-8af7-aa9c-6366-a81ff6800162,273433630,2026-08-25 00:00:00+00:00,0.00035908305812741787
gfw:d301aaae5-5390-e7ed-c65f-b6e4555713d4,d301aaae5-5390-e7ed-c65f-b6e4555713d4,273331540,2026-08-25 00:00:00+00:00,0.000357797575195673
gfw:babf39c57-728c-1403-0a7c-3bf22ccaec3f,babf39c57-728c-1403-0a7c-3bf22ccaec3f,273357060,2026-08-25 00:00:00+00:00,0.0003574062864758815
gfw:fec6d147a-a592-a2c1-83c5-f7e86f3ca3d6,fec6d147a-a592-a2c1-83c5-f7e86f3ca3d6,273372850,2026-08-25 00:00:00+00:00,0.0003556370297092845
gfw:d6256a66c-cae1-eec0-73a2-5edfccb02f08,d6256a66c-cae1-eec0-73a2-5edfccb02f08,273273000,2026-08-25 00:00:00+00:00,0.0003548612376115125
gfw:b1ef11453-3d5c-bdc5-510b-24f0f387cefb,b1ef11453-3d5c-bdc5-510b-24f0f387cefb,273365270,2026-08-25 00:00:00+00:00,0.00035274377179102565
gfw:1290f5f7f-fdd4-20f8-e56a-3729fae01fab,1290f5f7f-fdd4-20f8-e56a-3729fae01fab,273311600,2026-08-25 00:00:00+00:00,0.0003516373270689345
gfw:076533819-90a8-10c4-99e5-dbbb31f044c9,076533819-90a8-10c4-99e5-dbbb31f044c9,273129900,2026-08-25 00:00:00+00:00,0.00035145706248301427
gfw:86b01f83d-d705-4d71-2220-1219f653afee,86b01f83d-d705-4d71-2220-1219f653afee,273149710,2026-08-25 00:00:00+00:00,0.0003502807867422676
gfw:16c5e4873-396d-3b82-b902-42d4889e0a3e,16c5e4873-396d-3b82-b902-42d4889e0a3e,273433550,2026-08-25 00:00:00+00:00,0.00034956899230208373
gfw:c32b8496b-b75c-8f90-73ff-da2df06a455c,c32b8496b-b75c-8f90-73ff-da2df06a455c,273437580,2026-08-25 00:00:00+00:00,0.00034833128674476065
gfw:73cb28693-3bf6-544d-2831-933a53c4d114,73cb28693-3bf6-544d-2831-933a53c4d114,273458230,2026-08-25 00:00:00+00:00,0.0003479993155465313
gfw:4c9c832ee-e22f-bf91-3897-2b127acaaf15,4c9c832ee-e22f-bf91-3897-2b127acaaf15,273545230,2026-08-25 00:00:00+00:00,0.00034662408099394096
gfw:6bf70b4af-fd32-63a9-61a7-95cab451b885,6bf70b4af-fd32-63a9-61a7-95cab451b885,273347510,2026-08-25 00:00:00+00:00,0.00034335437215197436
gfw:ae4e8bf3b-b86b-a9d6-1d73-794c19587a50,ae4e8bf3b-b86b-a9d6-1d73-794c19587a50,533134146,2026-08-25 00:00:00+00:00,0.00034126125377379927
gfw:469e6832c-c21d-d9d3-5e31-dff9a1f975c2,469e6832c-c21d-d9d3-5e31-dff9a1f975c2,273367820,2026-08-25 00:00:00+00:00,0.00034046857929177955
gfw:0db0cb154-478b-71dd-620a-413908823fd4,0db0cb154-478b-71dd-620a-413908823fd4,511101333,2026-08-25 00:00:00+00:00,0.0003384489419065788
gfw:6afd633cc-c08a-fbbb-b490-f74554b82f8a,6afd633cc-c08a-fbbb-b490-f74554b82f8a,273254720,2026-08-25 00:00:00+00:00,0.0003369669768339494
gfw:a8c867f31-1f6c-633b-1934-8ae88af20d88,a8c867f31-1f6c-633b-1934-8ae88af20d88,273449730,2026-08-25 00:00:00+00:00,0.0003359723797813512
gfw:0071c69dd-da4b-31fc-918c-35da8cd0c712,0071c69dd-da4b-31fc-918c-35da8cd0c712,273421280,2026-08-25 00:00:00+00:00,0.0003345593631755268
gfw:c38be61cd-de69-ad02-ee67-e7b849dcb616,c38be61cd-de69-ad02-ee67-e7b849dcb616,273338790,2026-08-25 00:00:00+00:00,0.0003335683596777034
gfw:41ba6b1ec-c1c4-9370-3d51-ffc4808074bf,41ba6b1ec-c1c4-9370-3d51-ffc4808074bf,273397740,2026-08-25 00:00:00+00:00,0.0003284120654501307
gfw:1c99ab1ac-ced5-74ef-8204-d3e6f8d56db2,1c99ab1ac-ced5-74ef-8204-d3e6f8d56db2,273211180,2026-08-25 00:00:00+00:00,0.00032796240180018845
gfw:2ddcd09eb-bb46-c793-0267-c1bc6a1a5e4e,2ddcd09eb-bb46-c793-0267-c1bc6a1a5e4e,273299280,2026-08-25 00:00:00+00:00,0.00032781960402470485
gfw:41debca39-9e3c-d9d6-c47a-da27922c0eaa,41debca39-9e3c-d9d6-c47a-da27922c0eaa,273354430,2026-08-25 00:00:00+00:00,0.0003257442914699824
gfw:e2de5f706-69f7-1075-54d4-ab9369f04fe2,e2de5f706-69f7-1075-54d4-ab9369f04fe2,273375850,2026-08-25 00:00:00+00:00,0.0003245344894753955
gfw:3f05b5b0b-b042-4c68-2cb3-3a468bc917f3,3f05b5b0b-b042-4c68-2cb3-3a468bc917f3,440301000,2026-08-25 00:00:00+00:00,0.0003218377729603032
gfw:796aabb5c-c047-9cc0-5c70-000c5aeef5cf,796aabb5c-c047-9cc0-5c70-000c5aeef5cf,273440900,2026-08-25 00:00:00+00:00,0.00032127100563536043
gfw:5a8728506-6020-9470-12de-fd8d332be443,5a8728506-6020-9470-12de-fd8d332be443,352002882,2026-08-25 00:00:00+00:00,0.00031673011450821144
gfw:4ff61c8e4-4ab3-223f-32c3-bc4730fd9b42,4ff61c8e4-4ab3-223f-32c3-bc4730fd9b42,273362610,2026-08-25 00:00:00+00:00,0.00031408327930880546
gfw:d5925a937-7dff-1809-9a26-79b49df42461,d5925a937-7dff-1809-9a26-79b49df42461,511101835,2026-08-25 00:00:00+00:00,0.00031405667207966016
gfw:b0d368ab0-0c93-b22f-c136-15f475b8fcbb,b0d368ab0-0c93-b22f-c136-15f475b8fcbb,273390400,2026-08-25 00:00:00+00:00,0.00031164723157831004
gfw:a5d60f27f-f8ae-54e1-033e-150bcf7fd9e4,a5d60f27f-f8ae-54e1-033e-150bcf7fd9e4,273432280,2026-08-25 00:00:00+00:00,0.00030893772897754604
gfw:95f186836-6f12-8177-67b5-42fad329012a,95f186836-6f12-8177-67b5-42fad329012a,273411070,2026-08-25 00:00:00+00:00,0.0003081667020341823
gfw:35ad98d2b-bdde-1b74-3631-0cb1b1cdde5b,35ad98d2b-bdde-1b74-3631-0cb1b1cdde5b,273292310,2026-08-25 00:00:00+00:00,0.00030730652640757636
gfw:527b76123-3c0e-1e45-f83b-7342aaec3e02,527b76123-3c0e-1e45-f83b-7342aaec3e02,273543340,2026-08-25 00:00:00+00:00,0.0003067672837485649
gfw:dbaa696e3-3bbe-8873-d514-457c1ead38b9,dbaa696e3-3bbe-8873-d514-457c1ead38b9,273326370,2026-08-25 00:00:00+00:00,0.00030663971630861365
gfw:fadba9bf7-7278-21da-46f8-39adaf672759,fadba9bf7-7278-21da-46f8-39adaf672759,273458560,2026-08-25 00:00:00+00:00,0.0003043580074159622
gfw:c7a77010e-eee3-a9c0-6a3f-f5f200126dad,c7a77010e-eee3-a9c0-6a3f-f5f200126dad,273378850,2026-08-25 00:00:00+00:00,0.00030411904978338693
gfw:7f808339b-bfb7-efc2-1f1a-56b88200f62e,7f808339b-bfb7-efc2-1f1a-56b88200f62e,378112359,2026-08-25 00:00:00+00:00,0.00030396989314696553
gfw:44d3948f6-6d95-dfee-6cd1-702ab1683bfd,44d3948f6-6d95-dfee-6cd1-702ab1683bfd,273392530,2026-08-25 00:00:00+00:00,0.00030139191576553044
gfw:459d5a606-670b-e6a2-1ae5-7b5c1e8639dd,459d5a606-670b-e6a2-1ae5-7b5c1e8639dd,273346500,2026-08-25 00:00:00+00:00,0.0003004134966398939
gfw:a417290d3-37e8-d1ad-004d-5d0609e4a1f7,a417290d3-37e8-d1ad-004d-5d0609e4a1f7,273443730,2026-08-25 00:00:00+00:00,0.0002974572149063267
gfw:399dd89ed-d883-d3a5-3f02-02fd8f98b0e1,399dd89ed-d883-d3a5-3f02-02fd8f98b0e1,273148710,2026-08-25 00:00:00+00:00,0.00029670102165984294
gfw:b8fddb82e-e722-3264-4a4c-2493e74e9d96,b8fddb82e-e722-3264-4a4c-2493e74e9d96,273431970,2026-08-25 00:00:00+00:00,0.000291335223093886
gfw:758473692-2f77-e22e-4443-e841f36b4fad,758473692-2f77-e22e-4443-e841f36b4fad,273543720,2026-08-25 00:00:00+00:00,0.0002883363436479232
gfw:f8c9800e9-9c83-c08a-1ed1-1752fb7dc31e,f8c9800e9-9c83-c08a-1ed1-1752fb7dc31e,273812010,2026-08-25 00:00:00+00:00,0.0002878408374507436
gfw:30143f171-1673-b351-a6c1-01ff67e9dc21,30143f171-1673-b351-a6c1-01ff67e9dc21,671195100,2026-08-25 00:00:00+00:00,0.00028659943135850486
gfw:04c67c5a0-07d7-23d9-0558-17a56b24fa70,04c67c5a0-07d7-23d9-0558-17a56b24fa70,273450420,2026-08-25 00:00:00+00:00,0.000281450286119354
gfw:d44ca9c84-4358-2e84-e26c-942820f826fa,d44ca9c84-4358-2e84-e26c-942820f826fa,273398790,2026-08-25 00:00:00+00:00,0.0002809437598209062
gfw:072f671ec-c6ca-0b53-ba28-2fd049de466c,072f671ec-c6ca-0b53-ba28-2fd049de466c,273362790,2026-08-25 00:00:00+00:00,0.0002769923724114883
gfw:1cbec1815-5605-2b57-1ace-8a709f83e101,1cbec1815-5605-2b57-1ace-8a709f83e101,273397210,2026-08-25 00:00:00+00:00,0.0002706289347044203
gfw:fd1f2e9dc-c14e-48c1-d930-db2e358d48aa,fd1f2e9dc-c14e-48c1-d930-db2e358d48aa,273334050,2026-08-25 00:00:00+00:00,0.0002681978189598284
gfw:a9ce65ff5-559c-6781-f126-c50cd411fe32,a9ce65ff5-559c-6781-f126-c50cd411fe32,unknown,2026-08-25 00:00:00+00:00,0.00026712400939517657
gfw:e8422273e-e677-e7ad-82e2-db8b1d41c164,e8422273e-e677-e7ad-82e2-db8b1d41c164,273352860,2026-08-25 00:00:00+00:00,0.00026697972151129784
gfw:1be09e339-9cc3-5327-c31c-0fea4bf7c0f7,1be09e339-9cc3-5327-c31c-0fea4bf7c0f7,273332320,2026-08-25 00:00:00+00:00,0.0002666996271894571
gfw:c550b27c5-5ede-390d-88e5-f6d8490feeaa,c550b27c5-5ede-390d-88e5-f6d8490feeaa,273449030,2026-08-25 00:00:00+00:00,0.0002615076481883938
gfw:a92a25bb9-9aa1-978b-bd88-484a8ca54249,a92a25bb9-9aa1-978b-bd88-484a8ca54249,273356450,2026-08-25 00:00:00+00:00,0.0002592755400856002
gfw:249edc5de-ebed-b68f-8bc4-45f4676e3b54,249edc5de-ebed-b68f-8bc4-45f4676e3b54,273415140,2026-08-25 00:00:00+00:00,0.0002582601397620377
gfw:bb0c1c7df-f3c4-f182-bfe3-c50fafb72021,bb0c1c7df-f3c4-f182-bfe3-c50fafb72021,273441520,2026-08-25 00:00:00+00:00,0.00025393500135865033
gfw:35c2aef23-31fe-afc3-b37e-dfb290908424,35c2aef23-31fe-afc3-b37e-dfb290908424,273449520,2026-08-25 00:00:00+00:00,0.0002494947880559089
gfw:94adc585d-d509-2d80-593f-c3a0cead6b4e,94adc585d-d509-2d80-593f-c3a0cead6b4e,273293310,2026-08-25 00:00:00+00:00,0.0002482980954435422
gfw:ec1237af3-3107-f587-b07a-52878e8148ef,ec1237af3-3107-f587-b07a-52878e8148ef,273210640,2026-08-25 00:00:00+00:00,0.0002437931575006005
gfw:0771f2e26-643a-bd23-86b1-78f346275129,0771f2e26-643a-bd23-86b1-78f346275129,273370120,2026-08-25 00:00:00+00:00,0.00023867861752563036
gfw:548e03f13-327e-9879-d362-0907718b9f94,548e03f13-327e-9879-d362-0907718b9f94,273346020,2026-08-25 00:00:00+00:00,0.0002354666784607786
gfw:9a61cbe43-3390-09e6-ae7b-de4d1834b3e0,9a61cbe43-3390-09e6-ae7b-de4d1834b3e0,273337310,2026-08-25 00:00:00+00:00,0.00023221236027858578
gfw:95910e872-2c4c-f3a0-29f2-3745765f00f1,95910e872-2c4c-f3a0-29f2-3745765f00f1,273256010,2026-08-25 00:00:00+00:00,0.00022273653336215464
gfw:0e9b39ee2-2f1f-db50-b50e-5ec1c4134f09,0e9b39ee2-2f1f-db50-b50e-5ec1c4134f09,273319570,2026-08-25 00:00:00+00:00,0.000221419126021291
gfw:676a52bc2-2159-1292-446d-82bcedf19afa,676a52bc2-2159-1292-446d-82bcedf19afa,273349890,2026-08-25 00:00:00+00:00,0.00021045565312408248
gfw:53607d23b-b939-366c-858b-52cb53215428,53607d23b-b939-366c-858b-52cb53215428,273388600,2026-08-25 00:00:00+00:00,0.00021028931957576454
gfw:e2c0f63f8-8106-491c-6bfe-20694c97c22e,e2c0f63f8-8106-491c-6bfe-20694c97c22e,273275320,2026-08-25 00:00:00+00:00,0.00020781747477363285
gfw:64917eb26-6307-cf92-7643-44712fad03a9,64917eb26-6307-cf92-7643-44712fad03a9,273342810,2026-08-25 00:00:00+00:00,0.00020550299149928373
gfw:e14d03029-9d76-46de-5828-02428f35e262,e14d03029-9d76-46de-5828-02428f35e262,273357870,2026-08-25 00:00:00+00:00,0.00019944542836278226
gfw:6d96cc4af-f4ac-4a3f-9783-fc7e757bf4af,6d96cc4af-f4ac-4a3f-9783-fc7e757bf4af,273310540,2026-08-25 00:00:00+00:00,0.00019660440174232294
gfw:0985582b4-4739-d60c-0ea7-9d2ffdeb3cf6,0985582b4-4739-d60c-0ea7-9d2ffdeb3cf6,273449540,2026-08-25 00:00:00+00:00,0.00017728920377923076
gfw:49c8dbc5b-be1b-55a4-6f4e-648f99b19667,49c8dbc5b-be1b-55a4-6f4e-648f99b19667,273146710,2026-08-25 00:00:00+00:00,0.0001593448822604097
gfw:eabffb0f0-0fab-3649-6023-c358434d7e20,eabffb0f0-0fab-3649-6023-c358434d7e20,273319970,2026-08-25 00:00:00+00:00,0.00015292256237038883
